time,temperature_C,salinity_PSU
0001-01-01 01:00:00,-0.9088734,34.213562
0001-01-01 02:00:00,-0.90592,34.21332
0001-01-01 03:00:00,-0.9019796,34.213207
0001-01-01 04:00:00,-0.89830506,34.21313
0001-01-01 05:00:00,-0.8945143,34.213078
0001-01-01 06:00:00,-0.89081633,34.21304
0001-01-01 07:00:00,-0.8869139,34.21301
0001-01-01 08:00:00,-0.8827633,34.212986
0001-01-01 09:00:00,-0.87857485,34.21297
0001-01-01 10:00:00,-0.87426347,34.21296
0001-01-01 11:00:00,-0.8699364,34.212948
0001-01-01 12:00:00,-0.8655836,34.212944
0001-01-01 13:00:00,-0.8612084,34.212936
0001-01-01 14:00:00,-0.8568662,34.212933
0001-01-01 15:00:00,-0.85255736,34.212925
0001-01-01 16:00:00,-0.848272,34.21292
0001-01-01 17:00:00,-0.84422916,34.212917
0001-01-01 18:00:00,-0.8401412,34.212914
0001-01-01 19:00:00,-0.83606935,34.21291
0001-01-01 20:00:00,-0.8320358,34.212906
0001-01-01 21:00:00,-0.8280248,34.212902
0001-01-01 22:00:00,-0.82401806,34.2129
0001-01-01 23:00:00,-0.82000583,34.212894
0001-01-02 00:00:00,-0.8159924,34.21289
0001-01-02 01:00:00,-0.8119905,34.212887
0001-01-02 02:00:00,-0.8080026,34.212883
0001-01-02 03:00:00,-0.80406,34.21288
0001-01-02 04:00:00,-0.8001397,34.212875
0001-01-02 05:00:00,-0.7962404,34.21287
0001-01-02 06:00:00,-0.7923393,34.21287
0001-01-02 07:00:00,-0.78842205,34.212868
0001-01-02 08:00:00,-0.7845125,34.212864
0001-01-02 09:00:00,-0.78055364,34.212864
0001-01-02 10:00:00,-0.77653605,34.21286
0001-01-02 11:00:00,-0.7725261,34.21286
0001-01-02 12:00:00,-0.7683751,34.212856
0001-01-02 13:00:00,-0.764068,34.212856
0001-01-02 14:00:00,-0.7595742,34.212852
0001-01-02 15:00:00,-0.7549802,34.212852
0001-01-02 16:00:00,-0.7502613,34.21285
0001-01-02 17:00:00,-0.74538803,34.21285
0001-01-02 18:00:00,-0.7403245,34.212845
0001-01-02 19:00:00,-0.7353139,34.212845
0001-01-02 20:00:00,-0.7303443,34.21284
0001-01-02 21:00:00,-0.7254058,34.21284
0001-01-02 22:00:00,-0.7204619,34.212837
0001-01-02 23:00:00,-0.7154981,34.212837
0001-01-03 00:00:00,-0.71050966,34.212833
0001-01-03 01:00:00,-0.70547885,34.212833
0001-01-03 02:00:00,-0.70039076,34.21283
0001-01-03 03:00:00,-0.6952228,34.212826
0001-01-03 04:00:00,-0.69000065,34.212826
0001-01-03 05:00:00,-0.6847895,34.212822
0001-01-03 06:00:00,-0.6796085,34.212822
0001-01-03 07:00:00,-0.67451084,34.21282
0001-01-03 08:00:00,-0.6695201,34.212814
0001-01-03 09:00:00,-0.664654,34.212814
0001-01-03 10:00:00,-0.6599292,34.21281
0001-01-03 11:00:00,-0.6553627,34.212807
0001-01-03 12:00:00,-0.65097284,34.212807
0001-01-03 13:00:00,-0.6466532,34.212803
0001-01-03 14:00:00,-0.6424032,34.2128
0001-01-03 15:00:00,-0.63849056,34.2128
0001-01-03 16:00:00,-0.6347977,34.212795
0001-01-03 17:00:00,-0.63120615,34.212795
0001-01-03 18:00:00,-0.6276217,34.212795
0001-01-03 19:00:00,-0.62401116,34.21279
0001-01-03 20:00:00,-0.62036574,34.21279
0001-01-03 21:00:00,-0.6166873,34.21279
0001-01-03 22:00:00,-0.61297745,34.21279
0001-01-03 23:00:00,-0.60923195,34.21279
0001-01-04 00:00:00,-0.6054787,34.21279
0001-01-04 01:00:00,-0.6017239,34.21279
0001-01-04 02:00:00,-0.59799564,34.21279
0001-01-04 03:00:00,-0.5942821,34.21279
0001-01-04 04:00:00,-0.5906002,34.212795
0001-01-04 05:00:00,-0.58692664,34.212795
0001-01-04 06:00:00,-0.5832748,34.212795
0001-01-04 07:00:00,-0.5796324,34.2128
0001-01-04 08:00:00,-0.57599825,34.2128
0001-01-04 09:00:00,-0.5723502,34.212803
0001-01-04 10:00:00,-0.5687003,34.212803
0001-01-04 11:00:00,-0.5650389,34.212807
0001-01-04 12:00:00,-0.56136715,34.212807
0001-01-04 13:00:00,-0.55759233,34.212803
0001-01-04 14:00:00,-0.5536493,34.212788
0001-01-04 15:00:00,-0.54957324,34.212765
0001-01-04 16:00:00,-0.54535496,34.21273
0001-01-04 17:00:00,-0.5409872,34.212692
0001-01-04 18:00:00,-0.53643763,34.212646
0001-01-04 19:00:00,-0.5316035,34.212593
0001-01-04 20:00:00,-0.52647996,34.21253
0001-01-04 21:00:00,-0.521213,34.21246
0001-01-04 22:00:00,-0.51593184,34.212383
0001-01-04 23:00:00,-0.5105603,34.212296
0001-01-05 00:00:00,-0.5051433,34.212204
0001-01-05 01:00:00,-0.4996321,34.2121
0001-01-05 02:00:00,-0.49415538,34.211994
0001-01-05 03:00:00,-0.48864532,34.21188
0001-01-05 04:00:00,-0.48312455,34.211758
0001-01-05 05:00:00,-0.47756514,34.211624
0001-01-05 06:00:00,-0.47196713,34.211487
0001-01-05 07:00:00,-0.46633443,34.21134
0001-01-05 08:00:00,-0.46066982,34.21119
0001-01-05 09:00:00,-0.45494777,34.21103
0001-01-05 10:00:00,-0.44914412,34.21086
0001-01-05 11:00:00,-0.4432682,34.210686
0001-01-05 12:00:00,-0.43721747,34.2105
0001-01-05 13:00:00,-0.43084794,34.210304
0001-01-05 14:00:00,-0.42414117,34.21011
0001-01-05 15:00:00,-0.41732216,34.209923
0001-01-05 16:00:00,-0.4102645,34.209732
0001-01-05 17:00:00,-0.40305197,34.209545
0001-01-05 18:00:00,-0.3957022,34.209362
0001-01-05 19:00:00,-0.38817582,34.209175
0001-01-05 20:00:00,-0.3804373,34.208992
0001-01-05 21:00:00,-0.37262848,34.20881
0001-01-05 22:00:00,-0.3646835,34.20863
0001-01-05 23:00:00,-0.35664356,34.20845
0001-01-06 00:00:00,-0.3484827,34.208275
0001-01-06 01:00:00,-0.3402119,34.2081
0001-01-06 02:00:00,-0.3319076,34.207928
0001-01-06 03:00:00,-0.3235986,34.20776
0001-01-06 04:00:00,-0.31521866,34.207596
0001-01-06 05:00:00,-0.3067691,34.207436
0001-01-06 06:00:00,-0.2982846,34.20728
0001-01-06 07:00:00,-0.28974363,34.207123
0001-01-06 08:00:00,-0.28114122,34.20697
0001-01-06 09:00:00,-0.27247152,34.20682
0001-01-06 10:00:00,-0.26375285,34.206673
0001-01-06 11:00:00,-0.2549882,34.206528
0001-01-06 12:00:00,-0.24620044,34.206387
0001-01-06 13:00:00,-0.23763728,34.206257
0001-01-06 14:00:00,-0.22943833,34.20614
0001-01-06 15:00:00,-0.22159716,34.206028
0001-01-06 16:00:00,-0.2142514,34.205936
0001-01-06 17:00:00,-0.20666264,34.20584
0001-01-06 18:00:00,-0.19915293,34.20575
0001-01-06 19:00:00,-0.19183211,34.205666
0001-01-06 20:00:00,-0.18471341,34.20559
0001-01-06 21:00:00,-0.17781171,34.20552
0001-01-06 22:00:00,-0.17113319,34.205463
0001-01-06 23:00:00,-0.16468161,34.20541
0001-01-07 00:00:00,-0.15846035,34.205368
0001-01-07 01:00:00,-0.15247267,34.20533
0001-01-07 02:00:00,-0.14672191,34.205303
0001-01-07 03:00:00,-0.14121155,34.205284
0001-01-07 04:00:00,-0.13594526,34.205273
0001-01-07 05:00:00,-0.13092695,34.20527
0001-01-07 06:00:00,-0.12616092,34.20527
0001-01-07 07:00:00,-0.12165184,34.20528
0001-01-07 08:00:00,-0.117405735,34.2053
0001-01-07 09:00:00,-0.11342889,34.205326
0001-01-07 10:00:00,-0.10972812,34.205357
0001-01-07 11:00:00,-0.10631136,34.2054
0001-01-07 12:00:00,-0.10318465,34.205444
0001-01-07 13:00:00,-0.10018333,34.20549
0001-01-07 14:00:00,-0.097151674,34.20553
0001-01-07 15:00:00,-0.09409558,34.20556
0001-01-07 16:00:00,-0.090949304,34.205585
0001-01-07 17:00:00,-0.08840727,34.205612
0001-01-07 18:00:00,-0.08571522,34.205635
0001-01-07 19:00:00,-0.08279607,34.20565
0001-01-07 20:00:00,-0.08003318,34.20566
0001-01-07 21:00:00,-0.07736242,34.20567
0001-01-07 22:00:00,-0.074974924,34.205677
0001-01-07 23:00:00,-0.072004005,34.205677
0001-01-08 00:00:00,-0.06843473,34.205666
0001-01-08 01:00:00,-0.06462884,34.205654
0001-01-08 02:00:00,-0.06075222,34.205635
0001-01-08 03:00:00,-0.056858998,34.205616
0001-01-08 04:00:00,-0.052963722,34.205593
0001-01-08 05:00:00,-0.049074776,34.20557
0001-01-08 06:00:00,-0.045194805,34.205544
0001-01-08 07:00:00,-0.041326612,34.205517
0001-01-08 08:00:00,-0.03747281,34.205486
0001-01-08 09:00:00,-0.033635914,34.205452
0001-01-08 10:00:00,-0.029818356,34.205418
0001-01-08 11:00:00,-0.026022501,34.20538
0001-01-08 12:00:00,-0.022251107,34.20534
0001-01-08 13:00:00,-0.018375779,34.205303
0001-01-08 14:00:00,-0.014287932,34.205257
0001-01-08 15:00:00,-0.010012168,34.205208
0001-01-08 16:00:00,-0.005557262,34.20516
0001-01-08 17:00:00,-0.0009347835,34.2051
0001-01-08 18:00:00,0.00384304,34.205044
0001-01-08 19:00:00,0.008763925,34.204983
0001-01-08 20:00:00,0.013815509,34.20492
0001-01-08 21:00:00,0.018986551,34.204853
0001-01-08 22:00:00,0.024257494,34.204784
0001-01-08 23:00:00,0.02979086,34.204712
0001-01-09 00:00:00,0.035746463,34.20463
0001-01-09 01:00:00,0.042092174,34.204544
0001-01-09 02:00:00,0.048751846,34.20445
0001-01-09 03:00:00,0.05523163,34.204357
0001-01-09 04:00:00,0.061729673,34.20426
0001-01-09 05:00:00,0.06844069,34.204163
0001-01-09 06:00:00,0.07548252,34.204056
0001-01-09 07:00:00,0.082889885,34.203945
0001-01-09 08:00:00,0.090539716,34.203827
0001-01-09 09:00:00,0.09844036,34.2037
0001-01-09 10:00:00,0.106545426,34.20357
0001-01-09 11:00:00,0.1147356,34.203434
0001-01-09 12:00:00,0.12275145,34.203304
0001-01-09 13:00:00,0.1306358,34.203175
0001-01-09 14:00:00,0.13832,34.203056
0001-01-09 15:00:00,0.14584422,34.202946
0001-01-09 16:00:00,0.15324976,34.20284
0001-01-09 17:00:00,0.16060571,34.20274
0001-01-09 18:00:00,0.16796093,34.202644
0001-01-09 19:00:00,0.17536077,34.20255
0001-01-09 20:00:00,0.18288743,34.202457
0001-01-09 21:00:00,0.19046123,34.202366
0001-01-09 22:00:00,0.19818191,34.20228
0001-01-09 23:00:00,0.20585796,34.202194
0001-01-10 00:00:00,0.21344525,34.202114
0001-01-10 01:00:00,0.22090316,34.20204
0001-01-10 02:00:00,0.22821572,34.201973
0001-01-10 03:00:00,0.23537451,34.201916
0001-01-10 04:00:00,0.24237268,34.20186
0001-01-10 05:00:00,0.24920289,34.201813
0001-01-10 06:00:00,0.2558576,34.20177
0001-01-10 07:00:00,0.26232892,34.201736
0001-01-10 08:00:00,0.26860875,34.201706
0001-01-10 09:00:00,0.27468872,34.201683
0001-01-10 10:00:00,0.28056002,34.201668
0001-01-10 11:00:00,0.28621358,34.20166
0001-01-10 12:00:00,0.29164106,34.20166
0001-01-10 13:00:00,0.2969209,34.20166
0001-01-10 14:00:00,0.30212536,34.20166
0001-01-10 15:00:00,0.30724952,34.20166
0001-01-10 16:00:00,0.31229302,34.20166
0001-01-10 17:00:00,0.31725517,34.20166
0001-01-10 18:00:00,0.3221336,34.201664
0001-01-10 19:00:00,0.32692716,34.201664
0001-01-10 20:00:00,0.3316343,34.201668
0001-01-10 21:00:00,0.33625346,34.201675
0001-01-10 22:00:00,0.34078315,34.20168
0001-01-10 23:00:00,0.3452218,34.201687
0001-01-11 00:00:00,0.3495679,34.201694
0001-01-11 01:00:00,0.35381994,34.201702
0001-01-11 02:00:00,0.35797638,34.20171
0001-01-11 03:00:00,0.36203572,34.20172
0001-01-11 04:00:00,0.3659964,34.201733
0001-01-11 05:00:00,0.36985546,34.201748
0001-01-11 06:00:00,0.3736135,34.20176
0001-01-11 07:00:00,0.37726837,34.201775
0001-01-11 08:00:00,0.38081855,34.20179
0001-01-11 09:00:00,0.38426244,34.20181
0001-01-11 10:00:00,0.3875986,34.201828
0001-01-11 11:00:00,0.39082554,34.201847
0001-01-11 12:00:00,0.3939417,34.201866
0001-01-11 13:00:00,0.39704362,34.20189
0001-01-11 14:00:00,0.40013546,34.201916
0001-01-11 15:00:00,0.40309134,34.201942
0001-01-11 16:00:00,0.4057828,34.201973
0001-01-11 17:00:00,0.40807456,34.20201
0001-01-11 18:00:00,0.4098221,34.202053
0001-01-11 19:00:00,0.41086873,34.2021
0001-01-11 20:00:00,0.4110311,34.202156
0001-01-11 21:00:00,0.41011965,34.202217
0001-01-11 22:00:00,0.4078849,34.20229
0001-01-11 23:00:00,0.40411398,34.202366
0001-01-12 00:00:00,0.40228567,34.20244
0001-01-12 01:00:00,0.4010012,34.20251
0001-01-12 02:00:00,0.39931807,34.20259
0001-01-12 03:00:00,0.3969495,34.20268
0001-01-12 04:00:00,0.3937786,34.202778
0001-01-12 05:00:00,0.38972083,34.20288
0001-01-12 06:00:00,0.38468167,34.202995
0001-01-12 07:00:00,0.37855464,34.203117
0001-01-12 08:00:00,0.37129167,34.203247
0001-01-12 09:00:00,0.36223835,34.20339
0001-01-12 10:00:00,0.3531521,34.203526
0001-01-12 11:00:00,0.34693238,34.203648
0001-01-12 12:00:00,0.34132913,34.20377
0001-01-12 13:00:00,0.33586246,34.20389
0001-01-12 14:00:00,0.33087605,34.20401
0001-01-12 15:00:00,0.32637104,34.20412
0001-01-12 16:00:00,0.3223254,34.204227
0001-01-12 17:00:00,0.31868917,34.204327
0001-01-12 18:00:00,0.31543332,34.204422
0001-01-12 19:00:00,0.3125321,34.204514
0001-01-12 20:00:00,0.3099508,34.2046
0001-01-12 21:00:00,0.3076553,34.204685
0001-01-12 22:00:00,0.3056124,34.20477
0001-01-12 23:00:00,0.30378962,34.204845
0001-01-13 00:00:00,0.3021577,34.20492
0001-01-13 01:00:00,0.30068368,34.204994
0001-01-13 02:00:00,0.29933533,34.205067
0001-01-13 03:00:00,0.29807997,34.205135
0001-01-13 04:00:00,0.29688275,34.205204
0001-01-13 05:00:00,0.29570556,34.20527
0001-01-13 06:00:00,0.29450193,34.205334
0001-01-13 07:00:00,0.29321414,34.2054
0001-01-13 08:00:00,0.29174602,34.205463
0001-01-13 09:00:00,0.28986838,34.20553
0001-01-13 10:00:00,0.2884743,34.20559
0001-01-13 11:00:00,0.28751788,34.20565
0001-01-13 12:00:00,0.28672254,34.205715
0001-01-13 13:00:00,0.28607482,34.205765
0001-01-13 14:00:00,0.28566492,34.205795
0001-01-13 15:00:00,0.28548178,34.20581
0001-01-13 16:00:00,0.28550062,34.20581
0001-01-13 17:00:00,0.28569353,34.205795
0001-01-13 18:00:00,0.28603458,34.205765
0001-01-13 19:00:00,0.28667966,34.20572
0001-01-13 20:00:00,0.2877998,34.205647
0001-01-13 21:00:00,0.28923377,34.20556
0001-01-13 22:00:00,0.29082263,34.20544
0001-01-13 23:00:00,0.29248092,34.20529
0001-01-14 00:00:00,0.2941108,34.205093
0001-01-14 01:00:00,0.29547435,34.2048
0001-01-14 02:00:00,0.29654014,34.204422
0001-01-14 03:00:00,0.29771656,34.20405
0001-01-14 04:00:00,0.29910883,34.20374
0001-01-14 05:00:00,0.30083147,34.20356
0001-01-14 06:00:00,0.30253932,34.20349
0001-01-14 07:00:00,0.30341843,34.203438
0001-01-14 08:00:00,0.303864,34.203365
0001-01-14 09:00:00,0.30393288,34.20326
0001-01-14 10:00:00,0.3037613,34.203117
0001-01-14 11:00:00,0.3034217,34.202957
0001-01-14 12:00:00,0.30286828,34.2028
0001-01-14 13:00:00,0.30236557,34.202618
0001-01-14 14:00:00,0.3020273,34.202415
0001-01-14 15:00:00,0.3017895,34.20221
0001-01-14 16:00:00,0.30163747,34.20201
0001-01-14 17:00:00,0.30156693,34.201817
0001-01-14 18:00:00,0.30157387,34.201626
0001-01-14 19:00:00,0.30165607,34.201447
0001-01-14 20:00:00,0.30180764,34.20127
0001-01-14 21:00:00,0.3020229,34.201103
0001-01-14 22:00:00,0.30229914,34.200947
0001-01-14 23:00:00,0.30259386,34.20079
0001-01-15 00:00:00,0.30278075,34.200653
0001-01-15 01:00:00,0.30283922,34.200527
0001-01-15 02:00:00,0.30282763,34.200417
0001-01-15 03:00:00,0.30278116,34.200317
0001-01-15 04:00:00,0.30276412,34.200222
0001-01-15 05:00:00,0.3028034,34.200134
0001-01-15 06:00:00,0.30270687,34.20006
0001-01-15 07:00:00,0.3032288,34.199963
0001-01-15 08:00:00,0.30413496,34.199844
0001-01-15 09:00:00,0.30518398,34.199726
0001-01-15 10:00:00,0.30631515,34.199608
0001-01-15 11:00:00,0.3075135,34.199497
0001-01-15 12:00:00,0.3087741,34.199387
0001-01-15 13:00:00,0.31011122,34.199284
0001-01-15 14:00:00,0.3115798,34.199184
0001-01-15 15:00:00,0.31321588,34.199093
0001-01-15 16:00:00,0.31503576,34.199005
0001-01-15 17:00:00,0.31702882,34.19892
0001-01-15 18:00:00,0.31917948,34.198845
0001-01-15 19:00:00,0.32147193,34.198772
0001-01-15 20:00:00,0.32389063,34.198708
0001-01-15 21:00:00,0.32642058,34.198647
0001-01-15 22:00:00,0.32904693,34.198593
0001-01-15 23:00:00,0.33175576,34.198547
0001-01-16 00:00:00,0.33453444,34.19851
0001-01-16 01:00:00,0.33737144,34.19848
0001-01-16 02:00:00,0.34025568,34.198456
0001-01-16 03:00:00,0.3432064,34.19844
0001-01-16 04:00:00,0.34635165,34.19843
0001-01-16 05:00:00,0.3497477,34.198425
0001-01-16 06:00:00,0.35333592,34.198425
0001-01-16 07:00:00,0.35709232,34.198437
0001-01-16 08:00:00,0.3607055,34.19846
0001-01-16 09:00:00,0.3643067,34.198494
0001-01-16 10:00:00,0.36782107,34.19854
0001-01-16 11:00:00,0.37148693,34.198597
0001-01-16 12:00:00,0.37515932,34.198666
0001-01-16 13:00:00,0.3788524,34.19873
0001-01-16 14:00:00,0.38259497,34.198784
0001-01-16 15:00:00,0.38635626,34.19883
0001-01-16 16:00:00,0.3901242,34.198875
0001-01-16 17:00:00,0.3939007,34.19892
0001-01-16 18:00:00,0.39770153,34.198963
0001-01-16 19:00:00,0.40153807,34.199005
0001-01-16 20:00:00,0.40541288,34.199043
0001-01-16 21:00:00,0.40932307,34.19908
0001-01-16 22:00:00,0.4132983,34.19912
0001-01-16 23:00:00,0.41711202,34.199154
0001-01-17 00:00:00,0.42107147,34.19919
0001-01-17 01:00:00,0.42502257,34.199223
0001-01-17 02:00:00,0.42896143,34.199253
0001-01-17 03:00:00,0.43281186,34.19928
0001-01-17 04:00:00,0.4367578,34.19931
0001-01-17 05:00:00,0.4407239,34.199333
0001-01-17 06:00:00,0.44468397,34.19936
0001-01-17 07:00:00,0.4486282,34.199383
0001-01-17 08:00:00,0.4525488,34.1994
0001-01-17 09:00:00,0.45644116,34.19942
0001-01-17 10:00:00,0.46030277,34.19944
0001-01-17 11:00:00,0.46412882,34.199455
0001-01-17 12:00:00,0.4679166,34.19947
0001-01-17 13:00:00,0.4716879,34.199482
0001-01-17 14:00:00,0.47541982,34.199497
0001-01-17 15:00:00,0.479054,34.19951
0001-01-17 16:00:00,0.48253673,34.19952
0001-01-17 17:00:00,0.48581138,34.19953
0001-01-17 18:00:00,0.4888167,34.199543
0001-01-17 19:00:00,0.49145547,34.19956
0001-01-17 20:00:00,0.49341926,34.19957
0001-01-17 21:00:00,0.49499634,34.19959
0001-01-17 22:00:00,0.49668452,34.199604
0001-01-17 23:00:00,0.4986151,34.199627
0001-01-18 00:00:00,0.5005157,34.19965
0001-01-18 01:00:00,0.5022058,34.199673
0001-01-18 02:00:00,0.5036079,34.199703
0001-01-18 03:00:00,0.504681,34.199734
0001-01-18 04:00:00,0.5053893,34.199768
0001-01-18 05:00:00,0.5056975,34.199806
0001-01-18 06:00:00,0.5055714,34.19985
0001-01-18 07:00:00,0.5049692,34.199894
0001-01-18 08:00:00,0.50392836,34.199947
0001-01-18 09:00:00,0.5019022,34.20001
0001-01-18 10:00:00,0.49917027,34.20008
0001-01-18 11:00:00,0.49582654,34.200157
0001-01-18 12:00:00,0.49407744,34.200226
0001-01-18 13:00:00,0.49264273,34.20029
0001-01-18 14:00:00,0.49080017,34.20037
0001-01-18 15:00:00,0.48828125,34.20046
0001-01-18 16:00:00,0.48493344,34.20056
0001-01-18 17:00:00,0.48061433,34.20068
0001-01-18 18:00:00,0.47517458,34.200813
0001-01-18 19:00:00,0.46844238,34.20097
0001-01-18 20:00:00,0.45994923,34.201157
0001-01-18 21:00:00,0.44999114,34.201363
0001-01-18 22:00:00,0.44215813,34.20155
0001-01-18 23:00:00,0.4347325,34.201736
0001-01-19 00:00:00,0.42655215,34.20194
0001-01-19 01:00:00,0.41729355,34.202164
0001-01-19 02:00:00,0.40678903,34.202408
0001-01-19 03:00:00,0.39488125,34.202682
0001-01-19 04:00:00,0.3810408,34.202988
0001-01-19 05:00:00,0.36855748,34.20328
0001-01-19 06:00:00,0.35768658,34.20356
0001-01-19 07:00:00,0.34654126,34.20385
0001-01-19 08:00:00,0.33449936,34.20416
0001-01-19 09:00:00,0.3213516,34.204494
0001-01-19 10:00:00,0.30625388,34.20487
0001-01-19 11:00:00,0.28966132,34.205276
0001-01-19 12:00:00,0.27640924,34.20564
0001-01-19 13:00:00,0.2648335,34.205982
0001-01-19 14:00:00,0.2542145,34.206303
0001-01-19 15:00:00,0.24429362,34.206608
0001-01-19 16:00:00,0.23499991,34.206898
0001-01-19 17:00:00,0.22635496,34.207176
0001-01-19 18:00:00,0.2173063,34.207462
0001-01-19 19:00:00,0.2090937,34.207726
0001-01-19 20:00:00,0.20134471,34.20798
0001-01-19 21:00:00,0.19532669,34.208202
0001-01-19 22:00:00,0.19076602,34.208397
0001-01-19 23:00:00,0.18691465,34.208572
0001-01-20 00:00:00,0.18348846,34.20874
0001-01-20 01:00:00,0.18040411,34.208897
0001-01-20 02:00:00,0.17763112,34.20904
0001-01-20 03:00:00,0.17514974,34.20918
0001-01-20 04:00:00,0.1729463,34.20931
0001-01-20 05:00:00,0.17100884,34.209427
0001-01-20 06:00:00,0.16932483,34.20954
0001-01-20 07:00:00,0.16788325,34.20965
0001-01-20 08:00:00,0.16667227,34.209743
0001-01-20 09:00:00,0.16568023,34.209835
0001-01-20 10:00:00,0.1648955,34.20992
0001-01-20 11:00:00,0.16430669,34.21
0001-01-20 12:00:00,0.1639026,34.21007
0001-01-20 13:00:00,0.16368496,34.210136
0001-01-20 14:00:00,0.16366969,34.2102
0001-01-20 15:00:00,0.1638562,34.210255
0001-01-20 16:00:00,0.16423464,34.210304
0001-01-20 17:00:00,0.1647909,34.21035
0001-01-20 18:00:00,0.1655103,34.210392
0001-01-20 19:00:00,0.16637829,34.210426
0001-01-20 20:00:00,0.16738075,34.21046
0001-01-20 21:00:00,0.16850471,34.210487
0001-01-20 22:00:00,0.16973811,34.210514
0001-01-20 23:00:00,0.17107026,34.210537
0001-01-21 00:00:00,0.17249958,34.21056
0001-01-21 01:00:00,0.17410155,34.21058
0001-01-21 02:00:00,0.17587635,34.21059
0001-01-21 03:00:00,0.17778459,34.2106
0001-01-21 04:00:00,0.17977634,34.210613
0001-01-21 05:00:00,0.18197136,34.21062
0001-01-21 06:00:00,0.18425605,34.21063
0001-01-21 07:00:00,0.18663399,34.21064
0001-01-21 08:00:00,0.18920784,34.210648
0001-01-21 09:00:00,0.19207512,34.210655
0001-01-21 10:00:00,0.19529223,34.210667
0001-01-21 11:00:00,0.19885159,34.210682
0001-01-21 12:00:00,0.2024432,34.210697
0001-01-21 13:00:00,0.2059122,34.21071
0001-01-21 14:00:00,0.20945667,34.21072
0001-01-21 15:00:00,0.21304175,34.21073
0001-01-21 16:00:00,0.2166487,34.210743
0001-01-21 17:00:00,0.22026442,34.21075
0001-01-21 18:00:00,0.22388093,34.210762
0001-01-21 19:00:00,0.22749166,34.21077
0001-01-21 20:00:00,0.23109247,34.21078
0001-01-21 21:00:00,0.23467714,34.21079
0001-01-21 22:00:00,0.23824105,34.210796
0001-01-21 23:00:00,0.24177691,34.210808
0001-01-22 00:00:00,0.24528027,34.210815
0001-01-22 01:00:00,0.24874327,34.21082
0001-01-22 02:00:00,0.25215048,34.210827
0001-01-22 03:00:00,0.25548553,34.210835
0001-01-22 04:00:00,0.2583385,34.21084
0001-01-22 05:00:00,0.26101038,34.210842
0001-01-22 06:00:00,0.26388678,34.210846
0001-01-22 07:00:00,0.26660243,34.21085
0001-01-22 08:00:00,0.26926914,34.210854
0001-01-22 09:00:00,0.27187476,34.210854
0001-01-22 10:00:00,0.27456445,34.210857
0001-01-22 11:00:00,0.27744812,34.21086
0001-01-22 12:00:00,0.28040862,34.210865
0001-01-22 13:00:00,0.28342026,34.21087
0001-01-22 14:00:00,0.28649953,34.210873
0001-01-22 15:00:00,0.28962937,34.210876
0001-01-22 16:00:00,0.2928077,34.210876
0001-01-22 17:00:00,0.29603145,34.21088
0001-01-22 18:00:00,0.2992972,34.21088
0001-01-22 19:00:00,0.302601,34.21088
0001-01-22 20:00:00,0.305938,34.21088
0001-01-22 21:00:00,0.30932677,34.21088
0001-01-22 22:00:00,0.31279668,34.21088
0001-01-22 23:00:00,0.31637242,34.21088
0001-01-23 00:00:00,0.31992245,34.210876
0001-01-23 01:00:00,0.3235585,34.210876
0001-01-23 02:00:00,0.32712898,34.210873
0001-01-23 03:00:00,0.3307146,34.21087
0001-01-23 04:00:00,0.33433494,34.210865
0001-01-23 05:00:00,0.33805284,34.210857
0001-01-23 06:00:00,0.34189427,34.210854
0001-01-23 07:00:00,0.3458355,34.210846
0001-01-23 08:00:00,0.349833,34.21084
0001-01-23 09:00:00,0.35388792,34.210827
0001-01-23 10:00:00,0.35779545,34.21082
0001-01-23 11:00:00,0.3618116,34.210808
0001-01-23 12:00:00,0.3657225,34.210796
0001-01-23 13:00:00,0.36960593,34.210785
0001-01-23 14:00:00,0.37344164,34.210766
0001-01-23 15:00:00,0.37725118,34.210743
0001-01-23 16:00:00,0.3810511,34.21072
0001-01-23 17:00:00,0.38487163,34.21069
0001-01-23 18:00:00,0.38873523,34.21066
0001-01-23 19:00:00,0.3923345,34.21063
0001-01-23 20:00:00,0.39628807,34.210587
0001-01-23 21:00:00,0.40034747,34.210545
0001-01-23 22:00:00,0.4044478,34.2105
0001-01-23 23:00:00,0.40856302,34.21045
0001-01-24 00:00:00,0.41268235,34.210396
0001-01-24 01:00:00,0.41680256,34.210342
0001-01-24 02:00:00,0.4209256,34.21028
0001-01-24 03:00:00,0.42504793,34.21022
0001-01-24 04:00:00,0.42916816,34.21015
0001-01-24 05:00:00,0.43328547,34.210083
0001-01-24 06:00:00,0.43739924,34.21001
0001-01-24 07:00:00,0.44150883,34.209934
0001-01-24 08:00:00,0.44561365,34.209854
0001-01-24 09:00:00,0.44971338,34.20977
0001-01-24 10:00:00,0.4538076,34.209686
0001-01-24 11:00:00,0.45789585,34.209595
0001-01-24 12:00:00,0.46197775,34.209503
0001-01-24 13:00:00,0.46608764,34.20941
0001-01-24 14:00:00,0.47024652,34.209328
0001-01-24 15:00:00,0.47443908,34.209248
0001-01-24 16:00:00,0.47866172,34.209175
0001-01-24 17:00:00,0.4829093,34.209106
0001-01-24 18:00:00,0.4871766,34.20904
0001-01-24 19:00:00,0.49145928,34.208984
0001-01-24 20:00:00,0.49575314,34.208927
0001-01-24 21:00:00,0.5000548,34.208878
0001-01-24 22:00:00,0.5043613,34.20883
0001-01-24 23:00:00,0.5086695,34.20879
0001-01-25 00:00:00,0.5129765,34.208755
0001-01-25 01:00:00,0.517279,34.20872
0001-01-25 02:00:00,0.5215736,34.208694
0001-01-25 03:00:00,0.5258567,34.20867
0001-01-25 04:00:00,0.5301242,34.208652
0001-01-25 05:00:00,0.5343719,34.20864
0001-01-25 06:00:00,0.53859496,34.20863
0001-01-25 07:00:00,0.54279155,34.208626
0001-01-25 08:00:00,0.54695433,34.208626
0001-01-25 09:00:00,0.55107564,34.20863
0001-01-25 10:00:00,0.555151,34.208637
0001-01-25 11:00:00,0.5591753,34.208652
0001-01-25 12:00:00,0.563143,34.208668
0001-01-25 13:00:00,0.56701374,34.20866
0001-01-25 14:00:00,0.5707698,34.208607
0001-01-25 15:00:00,0.5744308,34.20851
0001-01-25 16:00:00,0.5779953,34.20838
0001-01-25 17:00:00,0.5814617,34.208218
0001-01-25 18:00:00,0.58483547,34.20802
0001-01-25 19:00:00,0.5881156,34.20779
0001-01-25 20:00:00,0.59130037,34.207527
0001-01-25 21:00:00,0.5943905,34.207233
0001-01-25 22:00:00,0.59738594,34.206905
0001-01-25 23:00:00,0.60028523,34.20655
0001-01-26 00:00:00,0.6030907,34.20616
0001-01-26 01:00:00,0.6058014,34.205746
0001-01-26 02:00:00,0.60841733,34.205303
0001-01-26 03:00:00,0.61094,34.204826
0001-01-26 04:00:00,0.61336666,34.204327
0001-01-26 05:00:00,0.6156984,34.203796
0001-01-26 06:00:00,0.61793405,34.203243
0001-01-26 07:00:00,0.62007326,34.202663
0001-01-26 08:00:00,0.62211853,34.20206
0001-01-26 09:00:00,0.62407094,34.20143
0001-01-26 10:00:00,0.62593126,34.200775
0001-01-26 11:00:00,0.62770164,34.2001
0001-01-26 12:00:00,0.6293825,34.1994
0001-01-26 13:00:00,0.63111305,34.19871
0001-01-26 14:00:00,0.6330082,34.19806
0001-01-26 15:00:00,0.63504034,34.197437
0001-01-26 16:00:00,0.63719636,34.19685
0001-01-26 17:00:00,0.63946337,34.196285
0001-01-26 18:00:00,0.6418276,34.195747
0001-01-26 19:00:00,0.6442784,34.195236
0001-01-26 20:00:00,0.64680696,34.194756
0001-01-26 21:00:00,0.6494045,34.194298
0001-01-26 22:00:00,0.65206647,34.19387
0001-01-26 23:00:00,0.654785,34.193474
0001-01-27 00:00:00,0.65755576,34.1931
0001-01-27 01:00:00,0.6603747,34.192757
0001-01-27 02:00:00,0.66323614,34.192444
0001-01-27 03:00:00,0.66613686,34.192158
0001-01-27 04:00:00,0.66907275,34.191906
0001-01-27 05:00:00,0.672042,34.19168
0001-01-27 06:00:00,0.67504126,34.191486
0001-01-27 07:00:00,0.6780675,34.191326
0001-01-27 08:00:00,0.6811154,34.191193
0001-01-27 09:00:00,0.6841772,34.191097
0001-01-27 10:00:00,0.6872532,34.191032
0001-01-27 11:00:00,0.690342,34.190998
0001-01-27 12:00:00,0.6934392,34.191
0001-01-27 13:00:00,0.69641554,34.191013
0001-01-27 14:00:00,0.69916815,34.19102
0001-01-27 15:00:00,0.7017199,34.191036
0001-01-27 16:00:00,0.70407337,34.19105
0001-01-27 17:00:00,0.70622855,34.191074
0001-01-27 18:00:00,0.7081836,34.191105
0001-01-27 19:00:00,0.7099355,34.191143
0001-01-27 20:00:00,0.71148115,34.191185
0001-01-27 21:00:00,0.7128177,34.19124
0001-01-27 22:00:00,0.71394193,34.191296
0001-01-27 23:00:00,0.7148503,34.19136
0001-01-28 00:00:00,0.71553993,34.191437
0001-01-28 01:00:00,0.7160085,34.191517
0001-01-28 02:00:00,0.7162532,34.19161
0001-01-28 03:00:00,0.7162719,34.191708
0001-01-28 04:00:00,0.71606165,34.19182
0001-01-28 05:00:00,0.7156197,34.191936
0001-01-28 06:00:00,0.7149429,34.192066
0001-01-28 07:00:00,0.714028,34.192204
0001-01-28 08:00:00,0.7128711,34.192356
0001-01-28 09:00:00,0.71146715,34.192516
0001-01-28 10:00:00,0.70980406,34.19269
0001-01-28 11:00:00,0.7078819,34.192883
0001-01-28 12:00:00,0.70566684,34.193092
0001-01-28 13:00:00,0.70316267,34.19334
0001-01-28 14:00:00,0.70145744,34.19352
0001-01-28 15:00:00,0.7002109,34.193645
0001-01-28 16:00:00,0.69903713,34.193768
0001-01-28 17:00:00,0.6978005,34.19389
0001-01-28 18:00:00,0.69644964,34.194023
0001-01-28 19:00:00,0.694954,34.19417
0001-01-28 20:00:00,0.6932827,34.194332
0001-01-28 21:00:00,0.69140506,34.19451
0001-01-28 22:00:00,0.68928504,34.194706
0001-01-28 23:00:00,0.68627375,34.194958
0001-01-29 00:00:00,0.6833002,34.19521
0001-01-29 01:00:00,0.6798371,34.195488
0001-01-29 02:00:00,0.67795545,34.195652
0001-01-29 03:00:00,0.67662334,34.195774
0001-01-29 04:00:00,0.6753312,34.19589
0001-01-29 05:00:00,0.67392707,34.196007
0001-01-29 06:00:00,0.67236465,34.196136
0001-01-29 07:00:00,0.6706168,34.196274
0001-01-29 08:00:00,0.6686569,34.196423
0001-01-29 09:00:00,0.6662044,34.196594
0001-01-29 10:00:00,0.66318995,34.196793
0001-01-29 11:00:00,0.6599775,34.196995
0001-01-29 12:00:00,0.65778834,34.197144
0001-01-29 13:00:00,0.65660185,34.19723
0001-01-29 14:00:00,0.65579003,34.197304
0001-01-29 15:00:00,0.65514576,34.19737
0001-01-29 16:00:00,0.6546205,34.19743
0001-01-29 17:00:00,0.65419674,34.197487
0001-01-29 18:00:00,0.6538648,34.19754
0001-01-29 19:00:00,0.65361935,34.197594
0001-01-29 20:00:00,0.6534475,34.197643
0001-01-29 21:00:00,0.6533373,34.197693
0001-01-29 22:00:00,0.6532796,34.19774
0001-01-29 23:00:00,0.65326715,34.197784
0001-01-30 00:00:00,0.6532892,34.19783
0001-01-30 01:00:00,0.65331405,34.19788
0001-01-30 02:00:00,0.6532863,34.197926
0001-01-30 03:00:00,0.65317196,34.19798
0001-01-30 04:00:00,0.6530233,34.198036
0001-01-30 05:00:00,0.65285265,34.198093
0001-01-30 06:00:00,0.6526103,34.19815
0001-01-30 07:00:00,0.6522158,34.198215
0001-01-30 08:00:00,0.65235716,34.19826
0001-01-30 09:00:00,0.65277296,34.198296
0001-01-30 10:00:00,0.65326947,34.19833
0001-01-30 11:00:00,0.65378106,34.19836
0001-01-30 12:00:00,0.654287,34.1984
0001-01-30 13:00:00,0.654854,34.19843
0001-01-30 14:00:00,0.65553355,34.198456
0001-01-30 15:00:00,0.65629876,34.198475
0001-01-30 16:00:00,0.6571235,34.198494
0001-01-30 17:00:00,0.6579789,34.198513
0001-01-30 18:00:00,0.65883595,34.19853
0001-01-30 19:00:00,0.65966624,34.198544
0001-01-30 20:00:00,0.6604418,34.19856
0001-01-30 21:00:00,0.66113466,34.19858
0001-01-30 22:00:00,0.6617123,34.198605
0001-01-30 23:00:00,0.6621489,34.19863
0001-01-31 00:00:00,0.66241497,34.198666
0001-01-31 01:00:00,0.6624798,34.198704
0001-01-31 02:00:00,0.6623112,34.19875
0001-01-31 03:00:00,0.66187495,34.198807
0001-01-31 04:00:00,0.6611349,34.19887
0001-01-31 05:00:00,0.66005176,34.19895
0001-01-31 06:00:00,0.6585849,34.19904
0001-01-31 07:00:00,0.6566909,34.199146
0001-01-31 08:00:00,0.65434223,34.199265
0001-01-31 09:00:00,0.6512541,34.19941
0001-01-31 10:00:00,0.6474408,34.19958
0001-01-31 11:00:00,0.6435269,34.199753
0001-01-31 12:00:00,0.64022005,34.199905
0001-01-31 13:00:00,0.6372542,34.200047
0001-01-31 14:00:00,0.6345828,34.200176
0001-01-31 15:00:00,0.6321087,34.2003
0001-01-31 16:00:00,0.6297906,34.200417
0001-01-31 17:00:00,0.62759143,34.20053
0001-01-31 18:00:00,0.62547415,34.20064
0001-01-31 19:00:00,0.62340355,34.200752
0001-01-31 20:00:00,0.6213409,34.20086
0001-01-31 21:00:00,0.61924624,34.20097
0001-01-31 22:00:00,0.61707914,34.201084
0001-01-31 23:00:00,0.6148185,34.201202
0001-02-01 00:00:00,0.61223906,34.20133
0001-02-01 01:00:00,0.6092746,34.201473
0001-02-01 02:00:00,0.60606414,34.201622
0001-02-01 03:00:00,0.6028254,34.201775
0001-02-01 04:00:00,0.60032505,34.201904
0001-02-01 05:00:00,0.5980027,34.20203
0001-02-01 06:00:00,0.59559405,34.202156
0001-02-01 07:00:00,0.5930006,34.202293
0001-02-01 08:00:00,0.59017736,34.20244
0001-02-01 09:00:00,0.5870933,34.20259
0001-02-01 10:00:00,0.58371985,34.20276
0001-02-01 11:00:00,0.58002555,34.202938
0001-02-01 12:00:00,0.5760803,34.203125
0001-02-01 13:00:00,0.5707094,34.20337
0001-02-01 14:00:00,0.566267,34.203575
0001-02-01 15:00:00,0.5623912,34.203762
0001-02-01 16:00:00,0.55913854,34.203926
0001-02-01 17:00:00,0.5563165,34.204075
0001-02-01 18:00:00,0.5541285,34.204197
0001-02-01 19:00:00,0.5527229,34.204296
0001-02-01 20:00:00,0.55176604,34.204376
0001-02-01 21:00:00,0.5510952,34.204445
0001-02-01 22:00:00,0.55064315,34.204506
0001-02-01 23:00:00,0.550377,34.20456
0001-02-02 00:00:00,0.55027455,34.204605
0001-02-02 01:00:00,0.5503171,34.204647
0001-02-02 02:00:00,0.5504875,34.204685
0001-02-02 03:00:00,0.55077034,34.20472
0001-02-02 04:00:00,0.5511514,34.204746
0001-02-02 05:00:00,0.55161965,34.204773
0001-02-02 06:00:00,0.5522688,34.204792
0001-02-02 07:00:00,0.5531883,34.204803
0001-02-02 08:00:00,0.5542907,34.204803
0001-02-02 09:00:00,0.5555137,34.204803
0001-02-02 10:00:00,0.5568213,34.2048
0001-02-02 11:00:00,0.5581897,34.204796
0001-02-02 12:00:00,0.5596118,34.204792
0001-02-02 13:00:00,0.5609926,34.20479
0001-02-02 14:00:00,0.5622099,34.204784
0001-02-02 15:00:00,0.5633643,34.204777
0001-02-02 16:00:00,0.56442153,34.204777
0001-02-02 17:00:00,0.56540734,34.204773
0001-02-02 18:00:00,0.56631655,34.204773
0001-02-02 19:00:00,0.5671567,34.204773
0001-02-02 20:00:00,0.5679108,34.204773
0001-02-02 21:00:00,0.5686012,34.204773
0001-02-02 22:00:00,0.56923926,34.204777
0001-02-02 23:00:00,0.56980306,34.20478
0001-02-03 00:00:00,0.5703079,34.20479
0001-02-03 01:00:00,0.57075095,34.204796
0001-02-03 02:00:00,0.57113093,34.204803
0001-02-03 03:00:00,0.5714289,34.20481
0001-02-03 04:00:00,0.5716382,34.204826
0001-02-03 05:00:00,0.5717951,34.204838
0001-02-03 06:00:00,0.5719052,34.204853
0001-02-03 07:00:00,0.57194597,34.204872
0001-02-03 08:00:00,0.57190293,34.20489
0001-02-03 09:00:00,0.5717672,34.20491
0001-02-03 10:00:00,0.57153267,34.204933
0001-02-03 11:00:00,0.5711941,34.204964
0001-02-03 12:00:00,0.5707464,34.20499
0001-02-03 13:00:00,0.5702638,34.205025
0001-02-03 14:00:00,0.56981367,34.205055
0001-02-03 15:00:00,0.5693857,34.20509
0001-02-03 16:00:00,0.56897724,34.205124
0001-02-03 17:00:00,0.56858754,34.205154
0001-02-03 18:00:00,0.5682151,34.20519
0001-02-03 19:00:00,0.56785953,34.20522
0001-02-03 20:00:00,0.5675205,34.205254
0001-02-03 21:00:00,0.567197,34.205284
0001-02-03 22:00:00,0.56688803,34.20532
0001-02-03 23:00:00,0.5665936,34.20535
0001-02-04 00:00:00,0.5663126,34.205383
0001-02-04 01:00:00,0.56604433,34.205414
0001-02-04 02:00:00,0.5657882,34.20545
0001-02-04 03:00:00,0.565544,34.205482
0001-02-04 04:00:00,0.56531143,34.205513
0001-02-04 05:00:00,0.5650902,34.205547
0001-02-04 06:00:00,0.56487995,34.20558
0001-02-04 07:00:00,0.56468004,34.205616
0001-02-04 08:00:00,0.56448907,34.20565
0001-02-04 09:00:00,0.5643066,34.20568
0001-02-04 10:00:00,0.5641323,34.205715
0001-02-04 11:00:00,0.5639655,34.205753
0001-02-04 12:00:00,0.56380576,34.205788
0001-02-04 13:00:00,0.56367475,34.20582
0001-02-04 14:00:00,0.5635988,34.20585
0001-02-04 15:00:00,0.5635879,34.20588
0001-02-04 16:00:00,0.56364155,34.205902
0001-02-04 17:00:00,0.563757,34.20593
0001-02-04 18:00:00,0.56392986,34.205948
0001-02-04 19:00:00,0.5641567,34.205967
0001-02-04 20:00:00,0.56443405,34.205982
0001-02-04 21:00:00,0.56475776,34.205997
0001-02-04 22:00:00,0.5651239,34.206013
0001-02-04 23:00:00,0.5655286,34.206024
0001-02-05 00:00:00,0.5659678,34.20603
0001-02-05 01:00:00,0.5664387,34.206043
0001-02-05 02:00:00,0.56693846,34.20605
0001-02-05 03:00:00,0.56748915,34.20606
0001-02-05 04:00:00,0.5681012,34.206062
0001-02-05 05:00:00,0.5687647,34.206062
0001-02-05 06:00:00,0.56946933,34.206062
0001-02-05 07:00:00,0.57021,34.206062
0001-02-05 08:00:00,0.57098985,34.20606
0001-02-05 09:00:00,0.5718086,34.206055
0001-02-05 10:00:00,0.5726424,34.20605
0001-02-05 11:00:00,0.5735126,34.206043
0001-02-05 12:00:00,0.57441473,34.20604
0001-02-05 13:00:00,0.57528406,34.20603
0001-02-05 14:00:00,0.57608753,34.206028
0001-02-05 15:00:00,0.5768253,34.206028
0001-02-05 16:00:00,0.5775099,34.206024
0001-02-05 17:00:00,0.5781411,34.206024
0001-02-05 18:00:00,0.57873136,34.206024
0001-02-05 19:00:00,0.579271,34.206024
0001-02-05 20:00:00,0.5797655,34.206024
0001-02-05 21:00:00,0.5802155,34.206028
0001-02-05 22:00:00,0.5806153,34.20603
0001-02-05 23:00:00,0.5809605,34.206036
0001-02-06 00:00:00,0.5812531,34.20604
0001-02-06 01:00:00,0.5814934,34.206043
0001-02-06 02:00:00,0.5816781,34.20605
0001-02-06 03:00:00,0.5818128,34.20606
0001-02-06 04:00:00,0.5819034,34.20607
0001-02-06 05:00:00,0.5819492,34.206078
0001-02-06 06:00:00,0.5819492,34.20609
0001-02-06 07:00:00,0.581901,34.2061
0001-02-06 08:00:00,0.5818011,34.206116
0001-02-06 09:00:00,0.5816494,34.206127
0001-02-06 10:00:00,0.58144516,34.206142
0001-02-06 11:00:00,0.5811877,34.206158
0001-02-06 12:00:00,0.58087665,34.206177
0001-02-06 13:00:00,0.5805762,34.206192
0001-02-06 14:00:00,0.5803341,34.206207
0001-02-06 15:00:00,0.5801282,34.206223
0001-02-06 16:00:00,0.5799509,34.206238
0001-02-06 17:00:00,0.57980007,34.20625
0001-02-06 18:00:00,0.5796748,34.20626
0001-02-06 19:00:00,0.579575,34.206272
0001-02-06 20:00:00,0.5795004,34.206284
0001-02-06 21:00:00,0.5794501,34.20629
0001-02-06 22:00:00,0.57942355,34.2063
0001-02-06 23:00:00,0.5794203,34.206306
0001-02-07 00:00:00,0.5794401,34.206314
0001-02-07 01:00:00,0.5794827,34.20632
0001-02-07 02:00:00,0.5795478,34.20633
0001-02-07 03:00:00,0.5796355,34.206333
0001-02-07 04:00:00,0.5797458,34.206337
0001-02-07 05:00:00,0.5798788,34.20634
0001-02-07 06:00:00,0.58003443,34.206345
0001-02-07 07:00:00,0.58021265,34.206345
0001-02-07 08:00:00,0.5804134,34.20635
0001-02-07 09:00:00,0.5806364,34.20635
0001-02-07 10:00:00,0.5808814,34.20635
0001-02-07 11:00:00,0.581148,34.20635
0001-02-07 12:00:00,0.581436,34.206345
0001-02-07 13:00:00,0.58179045,34.206345
0001-02-07 14:00:00,0.58223975,34.206337
0001-02-07 15:00:00,0.5827618,34.206333
0001-02-07 16:00:00,0.58334994,34.20632
0001-02-07 17:00:00,0.5840012,34.206314
0001-02-07 18:00:00,0.58471364,34.206303
0001-02-07 19:00:00,0.5854866,34.20629
0001-02-07 20:00:00,0.58631945,34.20628
0001-02-07 21:00:00,0.58721167,34.206264
0001-02-07 22:00:00,0.5881623,34.20625
0001-02-07 23:00:00,0.5891704,34.20623
0001-02-08 00:00:00,0.5902353,34.20621
0001-02-08 01:00:00,0.5913564,34.206192
0001-02-08 02:00:00,0.59253305,34.206173
0001-02-08 03:00:00,0.59376466,34.20615
0001-02-08 04:00:00,0.5950507,34.206127
0001-02-08 05:00:00,0.5963907,34.206104
0001-02-08 06:00:00,0.59778506,34.206078
0001-02-08 07:00:00,0.5992325,34.20605
0001-02-08 08:00:00,0.6007323,34.206024
0001-02-08 09:00:00,0.60228485,34.205997
0001-02-08 10:00:00,0.6038895,34.205967
0001-02-08 11:00:00,0.6055458,34.205936
0001-02-08 12:00:00,0.6072532,34.205906
0001-02-08 13:00:00,0.60894203,34.20587
0001-02-08 14:00:00,0.6105705,34.205837
0001-02-08 15:00:00,0.6121716,34.205803
0001-02-08 16:00:00,0.6137556,34.20577
0001-02-08 17:00:00,0.61532605,34.205734
0001-02-08 18:00:00,0.61688405,34.205696
0001-02-08 19:00:00,0.61843234,34.205658
0001-02-08 20:00:00,0.61997855,34.20562
0001-02-08 21:00:00,0.6215226,34.205578
0001-02-08 22:00:00,0.62306845,34.205536
0001-02-08 23:00:00,0.624613,34.205494
0001-02-09 00:00:00,0.62615025,34.205452
0001-02-09 01:00:00,0.6277025,34.205406
0001-02-09 02:00:00,0.6292423,34.205357
0001-02-09 03:00:00,0.6307273,34.20531
0001-02-09 04:00:00,0.6321851,34.205265
0001-02-09 05:00:00,0.63361865,34.20522
0001-02-09 06:00:00,0.6350331,34.20517
0001-02-09 07:00:00,0.63643306,34.205124
0001-02-09 08:00:00,0.637814,34.205074
0001-02-09 09:00:00,0.63917875,34.205025
0001-02-09 10:00:00,0.64053136,34.204975
0001-02-09 11:00:00,0.6418741,34.20492
0001-02-09 12:00:00,0.64320654,34.204872
0001-02-09 13:00:00,0.6444792,34.20482
0001-02-09 14:00:00,0.64565533,34.204773
0001-02-09 15:00:00,0.6467566,34.204723
0001-02-09 16:00:00,0.6477953,34.204678
0001-02-09 17:00:00,0.64877415,34.20463
0001-02-09 18:00:00,0.64969426,34.204586
0001-02-09 19:00:00,0.6505587,34.20454
0001-02-09 20:00:00,0.6513735,34.204494
0001-02-09 21:00:00,0.65214115,34.204453
0001-02-09 22:00:00,0.65286493,34.204407
0001-02-09 23:00:00,0.6533528,34.204372
0001-02-10 00:00:00,0.6538826,34.20433
0001-02-10 01:00:00,0.654402,34.20429
0001-02-10 02:00:00,0.65487987,34.204247
0001-02-10 03:00:00,0.655298,34.204205
0001-02-10 04:00:00,0.65564924,34.204166
0001-02-10 05:00:00,0.65593135,34.204124
0001-02-10 06:00:00,0.6561437,34.204086
0001-02-10 07:00:00,0.65628606,34.20405
0001-02-10 08:00:00,0.65635824,34.204014
0001-02-10 09:00:00,0.6563592,34.203976
0001-02-10 10:00:00,0.6562888,34.20394
0001-02-10 11:00:00,0.6561469,34.20391
0001-02-10 12:00:00,0.6559332,34.20388
0001-02-10 13:00:00,0.6557105,34.20385
0001-02-10 14:00:00,0.6554959,34.203827
0001-02-10 15:00:00,0.65523076,34.203808
0001-02-10 16:00:00,0.6548952,34.203793
0001-02-10 17:00:00,0.65448487,34.20378
0001-02-10 18:00:00,0.6539294,34.203777
0001-02-10 19:00:00,0.6532517,34.203785
0001-02-10 20:00:00,0.6524805,34.203796
0001-02-10 21:00:00,0.6516291,34.203815
0001-02-10 22:00:00,0.65079165,34.203835
0001-02-10 23:00:00,0.6499774,34.20385
0001-02-11 00:00:00,0.64914685,34.20386
0001-02-11 01:00:00,0.64826465,34.203873
0001-02-11 02:00:00,0.6473154,34.20389
0001-02-11 03:00:00,0.6462912,34.20391
0001-02-11 04:00:00,0.6451856,34.203938
0001-02-11 05:00:00,0.6439955,34.203964
0001-02-11 06:00:00,0.6427153,34.204
0001-02-11 07:00:00,0.64133996,34.20404
0001-02-11 08:00:00,0.6398648,34.204082
0001-02-11 09:00:00,0.6382871,34.204132
0001-02-11 10:00:00,0.6366008,34.20419
0001-02-11 11:00:00,0.6346052,34.20426
0001-02-11 12:00:00,0.6325217,34.204338
0001-02-11 13:00:00,0.63034743,34.20442
0001-02-11 14:00:00,0.6282268,34.20449
0001-02-11 15:00:00,0.62620294,34.20456
0001-02-11 16:00:00,0.6242677,34.204628
0001-02-11 17:00:00,0.62266934,34.204674
0001-02-11 18:00:00,0.621291,34.204704
0001-02-11 19:00:00,0.62002873,34.20473
0001-02-11 20:00:00,0.6188421,34.20475
0001-02-11 21:00:00,0.6177179,34.204765
0001-02-11 22:00:00,0.6166514,34.204777
0001-02-11 23:00:00,0.6156406,34.20478
0001-02-12 00:00:00,0.61468416,34.204784
0001-02-12 01:00:00,0.6137812,34.204784
0001-02-12 02:00:00,0.61293083,34.20478
0001-02-12 03:00:00,0.6121323,34.204773
0001-02-12 04:00:00,0.61138487,34.20476
0001-02-12 05:00:00,0.6106877,34.204746
0001-02-12 06:00:00,0.6100399,34.204727
0001-02-12 07:00:00,0.6094407,34.204704
0001-02-12 08:00:00,0.60888904,34.204678
0001-02-12 09:00:00,0.608384,34.204647
0001-02-12 10:00:00,0.6079246,34.204617
0001-02-12 11:00:00,0.6075096,34.20458
0001-02-12 12:00:00,0.60713834,34.204536
0001-02-12 13:00:00,0.6067384,34.204502
0001-02-12 14:00:00,0.6062665,34.20447
0001-02-12 15:00:00,0.6057576,34.20444
0001-02-12 16:00:00,0.6052186,34.20442
0001-02-12 17:00:00,0.6046503,34.204395
0001-02-12 18:00:00,0.60405225,34.204376
0001-02-12 19:00:00,0.6034234,34.20436
0001-02-12 20:00:00,0.6027627,34.204346
0001-02-12 21:00:00,0.60206896,34.204334
0001-02-12 22:00:00,0.6013407,34.204327
0001-02-12 23:00:00,0.60057664,34.20432
0001-02-13 00:00:00,0.5997755,34.204315
0001-02-13 01:00:00,0.598936,34.204315
0001-02-13 02:00:00,0.5980568,34.20432
0001-02-13 03:00:00,0.59713686,34.204327
0001-02-13 04:00:00,0.5961746,34.204334
0001-02-13 05:00:00,0.595169,34.204346
0001-02-13 06:00:00,0.59411937,34.20436
0001-02-13 07:00:00,0.5930247,34.20438
0001-02-13 08:00:00,0.5918841,34.204403
0001-02-13 09:00:00,0.59069645,34.20443
0001-02-13 10:00:00,0.58946055,34.204456
0001-02-13 11:00:00,0.58817554,34.20449
0001-02-13 12:00:00,0.5868405,34.204525
0001-02-13 13:00:00,0.58552545,34.20456
0001-02-13 14:00:00,0.584269,34.20459
0001-02-13 15:00:00,0.5830285,34.20462
0001-02-13 16:00:00,0.5817925,34.20465
0001-02-13 17:00:00,0.5805557,34.20468
0001-02-13 18:00:00,0.57931495,34.204716
0001-02-13 19:00:00,0.5780673,34.204746
0001-02-13 20:00:00,0.5768101,34.20478
0001-02-13 21:00:00,0.5755409,34.20481
0001-02-13 22:00:00,0.57425714,34.204845
0001-02-13 23:00:00,0.5729565,34.20488
0001-02-14 00:00:00,0.57163686,34.204918
0001-02-14 01:00:00,0.5702961,34.204952
0001-02-14 02:00:00,0.56893194,34.20499
0001-02-14 03:00:00,0.56754255,34.205032
0001-02-14 04:00:00,0.5661255,34.205074
0001-02-14 05:00:00,0.564678,34.205116
0001-02-14 06:00:00,0.56319743,34.205162
0001-02-14 07:00:00,0.56168103,34.205208
0001-02-14 08:00:00,0.56012607,34.205254
0001-02-14 09:00:00,0.5585297,34.205307
0001-02-14 10:00:00,0.55688906,34.20536
0001-02-14 11:00:00,0.55520153,34.205414
0001-02-14 12:00:00,0.55346394,34.205475
0001-02-14 13:00:00,0.5516771,34.205532
0001-02-14 14:00:00,0.5498723,34.205593
0001-02-14 15:00:00,0.54808176,34.20565
0001-02-14 16:00:00,0.5463084,34.205708
0001-02-14 17:00:00,0.544553,34.20576
0001-02-14 18:00:00,0.5428143,34.205814
0001-02-14 19:00:00,0.54109144,34.205868
0001-02-14 20:00:00,0.53938365,34.20592
0001-02-14 21:00:00,0.53768855,34.205975
0001-02-14 22:00:00,0.5360032,34.206024
0001-02-14 23:00:00,0.53432465,34.206074
0001-02-15 00:00:00,0.5326501,34.206123
0001-02-15 01:00:00,0.53097695,34.206173
0001-02-15 02:00:00,0.5293023,34.206223
0001-02-15 03:00:00,0.52762353,34.206276
0001-02-15 04:00:00,0.5259379,34.206326
0001-02-15 05:00:00,0.5242442,34.206375
0001-02-15 06:00:00,0.5225394,34.20643
0001-02-15 07:00:00,0.52082086,34.206482
0001-02-15 08:00:00,0.51908606,34.206535
0001-02-15 09:00:00,0.5173325,34.206593
0001-02-15 10:00:00,0.5155573,34.20665
0001-02-15 11:00:00,0.5137576,34.206707
0001-02-15 12:00:00,0.5119296,34.206768
0001-02-15 13:00:00,0.51007324,34.20683
0001-02-15 14:00:00,0.5082041,34.206886
0001-02-15 15:00:00,0.5063687,34.206944
0001-02-15 16:00:00,0.50456834,34.207
0001-02-15 17:00:00,0.502799,34.20705
0001-02-15 18:00:00,0.50105804,34.207104
0001-02-15 19:00:00,0.4993429,34.207153
0001-02-15 20:00:00,0.49765095,34.2072
0001-02-15 21:00:00,0.49598005,34.207245
0001-02-15 22:00:00,0.49432802,34.20729
0001-02-15 23:00:00,0.49269092,34.207333
0001-02-16 00:00:00,0.4910669,34.207375
0001-02-16 01:00:00,0.489457,34.207417
0001-02-16 02:00:00,0.4878598,34.207455
0001-02-16 03:00:00,0.4862754,34.207497
0001-02-16 04:00:00,0.48470297,34.207535
0001-02-16 05:00:00,0.48314193,34.20757
0001-02-16 06:00:00,0.4815905,34.207607
0001-02-16 07:00:00,0.48004815,34.20764
0001-02-16 08:00:00,0.47851437,34.20768
0001-02-16 09:00:00,0.4769881,34.207714
0001-02-16 10:00:00,0.4754685,34.20775
0001-02-16 11:00:00,0.47395483,34.207783
0001-02-16 12:00:00,0.47244647,34.207813
0001-02-16 13:00:00,0.47092384,34.207848
0001-02-16 14:00:00,0.46943495,34.207882
0001-02-16 15:00:00,0.4680177,34.207916
0001-02-16 16:00:00,0.4666259,34.207954
0001-02-16 17:00:00,0.4651899,34.207996
0001-02-16 18:00:00,0.4636383,34.20805
0001-02-16 19:00:00,0.46189484,34.20812
0001-02-16 20:00:00,0.45998532,34.2082
0001-02-16 21:00:00,0.45796117,34.20828
0001-02-16 22:00:00,0.45577416,34.208366
0001-02-16 23:00:00,0.45338124,34.208466
0001-02-17 00:00:00,0.45074546,34.208576
0001-02-17 01:00:00,0.44783568,34.208706
0001-02-17 02:00:00,0.44461837,34.20885
0001-02-17 03:00:00,0.44105816,34.20902
0001-02-17 04:00:00,0.43711936,34.209213
0001-02-17 05:00:00,0.43276098,34.20943
0001-02-17 06:00:00,0.42736262,34.209713
0001-02-17 07:00:00,0.4217319,34.21001
0001-02-17 08:00:00,0.4156269,34.210346
0001-02-17 09:00:00,0.4099978,34.210648
0001-02-17 10:00:00,0.4043363,34.210945
0001-02-17 11:00:00,0.39835858,34.21126
0001-02-17 12:00:00,0.39194873,34.2116
0001-02-17 13:00:00,0.38535962,34.211956
0001-02-17 14:00:00,0.37900135,34.212288
0001-02-17 15:00:00,0.37222004,34.212654
0001-02-17 16:00:00,0.36581832,34.212994
0001-02-17 17:00:00,0.3598238,34.213314
0001-02-17 18:00:00,0.3541796,34.21361
0001-02-17 19:00:00,0.34924835,34.21387
0001-02-17 20:00:00,0.3449094,34.21409
0001-02-17 21:00:00,0.34092024,34.214283
0001-02-17 22:00:00,0.33715868,34.214462
0001-02-17 23:00:00,0.33357912,34.21463
0001-02-18 00:00:00,0.33016446,34.21479
0001-02-18 01:00:00,0.3269052,34.21494
0001-02-18 02:00:00,0.32379314,34.21508
0001-02-18 03:00:00,0.3208208,34.21521
0001-02-18 04:00:00,0.31798166,34.215336
0001-02-18 05:00:00,0.31526905,34.21545
0001-02-18 06:00:00,0.31267598,34.215557
0001-02-18 07:00:00,0.31019568,34.215656
0001-02-18 08:00:00,0.3078213,34.21575
0001-02-18 09:00:00,0.30554584,34.215836
0001-02-18 10:00:00,0.30336222,34.21592
0001-02-18 11:00:00,0.30126315,34.215992
0001-02-18 12:00:00,0.2992409,34.216064
0001-02-18 13:00:00,0.2973069,34.21613
0001-02-18 14:00:00,0.29546878,34.21619
0001-02-18 15:00:00,0.29371327,34.216248
0001-02-18 16:00:00,0.2920319,34.216297
0001-02-18 17:00:00,0.2904177,34.216347
0001-02-18 18:00:00,0.28886414,34.216393
0001-02-18 19:00:00,0.28736454,34.21643
0001-02-18 20:00:00,0.28591198,34.21647
0001-02-18 21:00:00,0.28449902,34.216507
0001-02-18 22:00:00,0.283122,34.216537
0001-02-18 23:00:00,0.28177118,34.216568
0001-02-19 00:00:00,0.28043815,34.2166
0001-02-19 01:00:00,0.2791148,34.216625
0001-02-19 02:00:00,0.27779147,34.21665
0001-02-19 03:00:00,0.27649158,34.21667
0001-02-19 04:00:00,0.27520984,34.216686
0001-02-19 05:00:00,0.27391052,34.216698
0001-02-19 06:00:00,0.2725424,34.2167
0001-02-19 07:00:00,0.27106637,34.216705
0001-02-19 08:00:00,0.26952973,34.21671
0001-02-19 09:00:00,0.26836014,34.216713
0001-02-19 10:00:00,0.2679982,34.21672
0001-02-19 11:00:00,0.26806283,34.21673
0001-02-19 12:00:00,0.26816186,34.21674
0001-02-19 13:00:00,0.2679869,34.216747
0001-02-19 14:00:00,0.26753566,34.216755
0001-02-19 15:00:00,0.26699632,34.216763
0001-02-19 16:00:00,0.26642415,34.21677
0001-02-19 17:00:00,0.26584235,34.216778
0001-02-19 18:00:00,0.2652603,34.216785
0001-02-19 19:00:00,0.26468116,34.216793
0001-02-19 20:00:00,0.2641049,34.2168
0001-02-19 21:00:00,0.26353058,34.21681
0001-02-19 22:00:00,0.26295692,34.216816
0001-02-19 23:00:00,0.26238278,34.216824
0001-02-20 00:00:00,0.26180732,34.21683
0001-02-20 01:00:00,0.26123047,34.21684
0001-02-20 02:00:00,0.26065207,34.216846
0001-02-20 03:00:00,0.26007232,34.216858
0001-02-20 04:00:00,0.25949144,34.216866
0001-02-20 05:00:00,0.25890958,34.216873
0001-02-20 06:00:00,0.25832683,34.216885
0001-02-20 07:00:00,0.25774297,34.216892
0001-02-20 08:00:00,0.25715774,34.216904
0001-02-20 09:00:00,0.2565707,34.21691
0001-02-20 10:00:00,0.25598136,34.216923
0001-02-20 11:00:00,0.25538948,34.216934
0001-02-20 12:00:00,0.25479484,34.216946
0001-02-20 13:00:00,0.2541384,34.216953
0001-02-20 14:00:00,0.25340077,34.216965
0001-02-20 15:00:00,0.2526293,34.216976
0001-02-20 16:00:00,0.251836,34.216988
0001-02-20 17:00:00,0.25102553,34.217003
0001-02-20 18:00:00,0.25019994,34.217014
0001-02-20 19:00:00,0.2493602,34.217026
0001-02-20 20:00:00,0.24850686,34.217037
0001-02-20 21:00:00,0.24764007,34.217052
0001-02-20 22:00:00,0.24675986,34.217064
0001-02-20 23:00:00,0.24586627,34.21708
0001-02-21 00:00:00,0.24495941,34.21709
0001-02-21 01:00:00,0.24403952,34.217106
0001-02-21 02:00:00,0.24310695,34.21712
0001-02-21 03:00:00,0.24216212,34.217136
0001-02-21 04:00:00,0.24120548,34.21715
0001-02-21 05:00:00,0.24023733,34.21717
0001-02-21 06:00:00,0.23925778,34.217186
0001-02-21 07:00:00,0.23826678,34.217205
0001-02-21 08:00:00,0.23726407,34.217224
0001-02-21 09:00:00,0.23624924,34.217243
0001-02-21 10:00:00,0.23522173,34.217262
0001-02-21 11:00:00,0.23418097,34.21728
0001-02-21 12:00:00,0.23312637,34.2173
0001-02-21 13:00:00,0.23207457,34.21732
0001-02-21 14:00:00,0.23104687,34.217335
0001-02-21 15:00:00,0.23004733,34.217346
0001-02-21 16:00:00,0.22907315,34.217358
0001-02-21 17:00:00,0.22812356,34.217365
0001-02-21 18:00:00,0.22719811,34.21737
0001-02-21 19:00:00,0.22629617,34.217373
0001-02-21 20:00:00,0.22541672,34.217377
0001-02-21 21:00:00,0.22455703,34.217377
0001-02-21 22:00:00,0.22371717,34.217373
0001-02-21 23:00:00,0.22289962,34.217365
0001-02-22 00:00:00,0.22210237,34.217358
0001-02-22 01:00:00,0.22132584,34.21735
0001-02-22 02:00:00,0.22056924,34.217335
0001-02-22 03:00:00,0.21984738,34.21732
0001-02-22 04:00:00,0.21917862,34.2173
0001-02-22 05:00:00,0.21858735,34.21728
0001-02-22 06:00:00,0.2180987,34.21726
0001-02-22 07:00:00,0.2177227,34.21723
0001-02-22 08:00:00,0.21746603,34.21721
0001-02-22 09:00:00,0.21731599,34.217186
0001-02-22 10:00:00,0.21724752,34.217163
0001-02-22 11:00:00,0.21723357,34.217136
0001-02-22 12:00:00,0.21725269,34.217113
0001-02-22 13:00:00,0.21725765,34.217075
0001-02-22 14:00:00,0.21721509,34.217007
0001-02-22 15:00:00,0.2171466,34.216927
0001-02-22 16:00:00,0.21705978,34.216835
0001-02-22 17:00:00,0.21696237,34.216736
0001-02-22 18:00:00,0.21685517,34.216625
0001-02-22 19:00:00,0.21673584,34.216515
0001-02-22 20:00:00,0.21660489,34.216393
0001-02-22 21:00:00,0.21646202,34.216267
0001-02-22 22:00:00,0.21630728,34.216133
0001-02-22 23:00:00,0.2161275,34.21599
0001-02-23 00:00:00,0.21595524,34.215847
0001-02-23 01:00:00,0.21574631,34.215683
0001-02-23 02:00:00,0.21554434,34.21552
0001-02-23 03:00:00,0.2153392,34.215347
0001-02-23 04:00:00,0.215128,34.215168
0001-02-23 05:00:00,0.21491387,34.214993
0001-02-23 06:00:00,0.21468984,34.2148
0001-02-23 07:00:00,0.21446222,34.2146
0001-02-23 08:00:00,0.21422958,34.214394
0001-02-23 09:00:00,0.21398908,34.214184
0001-02-23 10:00:00,0.21374053,34.213963
0001-02-23 11:00:00,0.2134801,34.21374
0001-02-23 12:00:00,0.21321872,34.213512
0001-02-23 13:00:00,0.21292526,34.21327
0001-02-23 14:00:00,0.21257487,34.213013
0001-02-23 15:00:00,0.21219674,34.21276
0001-02-23 16:00:00,0.21179573,34.212505
0001-02-23 17:00:00,0.21135798,34.212254
0001-02-23 18:00:00,0.2108949,34.211994
0001-02-23 19:00:00,0.2104113,34.211727
0001-02-23 20:00:00,0.20991156,34.211456
0001-02-23 21:00:00,0.20938987,34.211178
0001-02-23 22:00:00,0.20884083,34.2109
0001-02-23 23:00:00,0.2082609,34.210613
0001-02-24 00:00:00,0.20764899,34.210327
0001-02-24 01:00:00,0.20700403,34.210037
0001-02-24 02:00:00,0.20632552,34.209747
0001-02-24 03:00:00,0.20561716,34.209442
0001-02-24 04:00:00,0.20489001,34.209137
0001-02-24 05:00:00,0.20411684,34.20883
0001-02-24 06:00:00,0.20332591,34.20853
0001-02-24 07:00:00,0.20251186,34.20823
0001-02-24 08:00:00,0.20168044,34.20792
0001-02-24 09:00:00,0.20083316,34.20761
0001-02-24 10:00:00,0.19996755,34.207294
0001-02-24 11:00:00,0.19908482,34.206978
0001-02-24 12:00:00,0.19818157,34.20665
0001-02-24 13:00:00,0.19723181,34.206337
0001-02-24 14:00:00,0.19622676,34.206047
0001-02-24 15:00:00,0.19519913,34.205776
0001-02-24 16:00:00,0.19413279,34.205524
0001-02-24 17:00:00,0.19301867,34.205284
0001-02-24 18:00:00,0.19186354,34.205055
0001-02-24 19:00:00,0.19067319,34.20484
0001-02-24 20:00:00,0.18944573,34.20464
0001-02-24 21:00:00,0.18817352,34.20445
0001-02-24 22:00:00,0.18686485,34.204273
0001-02-24 23:00:00,0.18551111,34.204113
0001-02-25 00:00:00,0.18412477,34.203968
0001-02-25 01:00:00,0.18269083,34.203835
0001-02-25 02:00:00,0.18122046,34.20372
0001-02-25 03:00:00,0.17969966,34.203617
0001-02-25 04:00:00,0.1781468,34.203533
0001-02-25 05:00:00,0.17655452,34.20347
0001-02-25 06:00:00,0.17494115,34.203423
0001-02-25 07:00:00,0.17333162,34.203396
0001-02-25 08:00:00,0.17170478,34.203392
0001-02-25 09:00:00,0.17007028,34.203407
0001-02-25 10:00:00,0.1684767,34.203445
0001-02-25 11:00:00,0.16679624,34.203506
0001-02-25 12:00:00,0.16504653,34.203583
0001-02-25 13:00:00,0.1633531,34.203655
0001-02-25 14:00:00,0.16183534,34.2037
0001-02-25 15:00:00,0.16040576,34.20374
0001-02-25 16:00:00,0.1590463,34.203773
0001-02-25 17:00:00,0.15775366,34.203808
0001-02-25 18:00:00,0.15653089,34.20384
0001-02-25 19:00:00,0.15538436,34.203873
0001-02-25 20:00:00,0.15432148,34.203907
0001-02-25 21:00:00,0.15334815,34.203938
0001-02-25 22:00:00,0.15246648,34.20397
0001-02-25 23:00:00,0.15167347,34.204006
0001-02-26 00:00:00,0.15096141,34.204044
0001-02-26 01:00:00,0.15031895,34.20408
0001-02-26 02:00:00,0.14973384,34.204113
0001-02-26 03:00:00,0.14919476,34.20415
0001-02-26 04:00:00,0.14869608,34.204185
0001-02-26 05:00:00,0.14822483,34.20422
0001-02-26 06:00:00,0.14777672,34.204258
0001-02-26 07:00:00,0.14734897,34.204292
0001-02-26 08:00:00,0.14693981,34.20433
0001-02-26 09:00:00,0.1465484,34.204365
0001-02-26 10:00:00,0.14617449,34.204403
0001-02-26 11:00:00,0.14581801,34.204437
0001-02-26 12:00:00,0.14547947,34.204475
0001-02-26 13:00:00,0.14511769,34.204506
0001-02-26 14:00:00,0.14475046,34.204536
0001-02-26 15:00:00,0.14441848,34.20456
0001-02-26 16:00:00,0.1441176,34.204582
0001-02-26 17:00:00,0.14383274,34.204605
0001-02-26 18:00:00,0.1435511,34.204628
0001-02-26 19:00:00,0.14326504,34.204655
0001-02-26 20:00:00,0.14297213,34.204685
0001-02-26 21:00:00,0.14267059,34.20472
0001-02-26 22:00:00,0.14235891,34.204758
0001-02-26 23:00:00,0.142026,34.2048
0001-02-27 00:00:00,0.14165723,34.204838
0001-02-27 01:00:00,0.14125036,34.204872
0001-02-27 02:00:00,0.14081521,34.204906
0001-02-27 03:00:00,0.14035752,34.204945
0001-02-27 04:00:00,0.1398797,34.20499
0001-02-27 05:00:00,0.13938038,34.205036
0001-02-27 06:00:00,0.13885854,34.20509
0001-02-27 07:00:00,0.13831173,34.205147
0001-02-27 08:00:00,0.13773778,34.20521
0001-02-27 09:00:00,0.13713291,34.205284
0001-02-27 10:00:00,0.1364927,34.205368
0001-02-27 11:00:00,0.13566533,34.205498
0001-02-27 12:00:00,0.13462533,34.205677
0001-02-27 13:00:00,0.13369808,34.20581
0001-02-27 14:00:00,0.13277236,34.205914
0001-02-27 15:00:00,0.13188867,34.206
0001-02-27 16:00:00,0.13104059,34.20607
0001-02-27 17:00:00,0.13022897,34.206127
0001-02-27 18:00:00,0.1294027,34.206173
0001-02-27 19:00:00,0.12858719,34.206207
0001-02-27 20:00:00,0.1277745,34.206234
0001-02-27 21:00:00,0.12695302,34.206253
0001-02-27 22:00:00,0.12611182,34.20627
0001-02-27 23:00:00,0.1252538,34.206276
0001-02-28 00:00:00,0.12437489,34.20628
0001-02-28 01:00:00,0.12345949,34.206276
0001-02-28 02:00:00,0.12248926,34.20627
0001-02-28 03:00:00,0.121451795,34.20626
0001-02-28 04:00:00,0.1203584,34.20625
0001-02-28 05:00:00,0.11926618,34.206238
0001-02-28 06:00:00,0.118299805,34.206234
0001-02-28 07:00:00,0.11755955,34.206238
0001-02-28 08:00:00,0.11701131,34.206245
0001-02-28 09:00:00,0.11653924,34.20626
0001-02-28 10:00:00,0.11604064,34.206276
0001-02-28 11:00:00,0.11547065,34.206295
0001-02-28 12:00:00,0.114807434,34.20632
0001-02-28 13:00:00,0.11403808,34.206314
0001-02-28 14:00:00,0.11323464,34.206253
0001-02-28 15:00:00,0.112478234,34.206154
0001-02-28 16:00:00,0.11178128,34.206024
0001-02-28 17:00:00,0.11115307,34.205868
0001-02-28 18:00:00,0.11059367,34.20569
0001-02-28 19:00:00,0.11009909,34.205482
0001-02-28 20:00:00,0.10966157,34.20526
0001-02-28 21:00:00,0.10927135,34.205017
0001-02-28 22:00:00,0.10889206,34.20475
0001-02-28 23:00:00,0.108571276,34.20447
0001-03-01 00:00:00,0.10827472,34.204174
0001-03-01 01:00:00,0.10801337,34.203865
0001-03-01 02:00:00,0.10777603,34.20354
0001-03-01 03:00:00,0.10755995,34.2032
0001-03-01 04:00:00,0.107368454,34.20286
0001-03-01 05:00:00,0.1071819,34.2025
0001-03-01 06:00:00,0.10700175,34.202126
0001-03-01 07:00:00,0.10682703,34.20174
0001-03-01 08:00:00,0.10665698,34.201344
0001-03-01 09:00:00,0.10649209,34.20094
0001-03-01 10:00:00,0.10633349,34.20052
0001-03-01 11:00:00,0.10618183,34.20009
0001-03-01 12:00:00,0.106044166,34.199642
0001-03-01 13:00:00,0.10585758,34.199207
0001-03-01 14:00:00,0.105617374,34.198776
0001-03-01 15:00:00,0.10536552,34.198357
0001-03-01 16:00:00,0.10511917,34.19794
0001-03-01 17:00:00,0.104872204,34.197544
0001-03-01 18:00:00,0.10462544,34.19716
0001-03-01 19:00:00,0.10437643,34.196793
0001-03-01 20:00:00,0.10412396,34.19644
0001-03-01 21:00:00,0.10386639,34.19611
0001-03-01 22:00:00,0.10360212,34.1958
0001-03-01 23:00:00,0.103329726,34.19551
0001-03-02 00:00:00,0.10304903,34.19524
0001-03-02 01:00:00,0.10275931,34.194992
0001-03-02 02:00:00,0.10246295,34.194763
0001-03-02 03:00:00,0.10216363,34.19456
0001-03-02 04:00:00,0.10187649,34.194386
0001-03-02 05:00:00,0.10153414,34.19421
0001-03-02 06:00:00,0.10114416,34.194054
0001-03-02 07:00:00,0.10069975,34.193924
0001-03-02 08:00:00,0.10019522,34.193825
0001-03-02 09:00:00,0.09951611,34.19379
0001-03-02 10:00:00,0.098777935,34.19378
0001-03-02 11:00:00,0.097946666,34.193817
0001-03-02 12:00:00,0.09703235,34.193886
0001-03-02 13:00:00,0.09605443,34.193954
0001-03-02 14:00:00,0.09506929,34.193974
0001-03-02 15:00:00,0.09408001,34.193954
0001-03-02 16:00:00,0.09310028,34.19392
0001-03-02 17:00:00,0.09212674,34.193882
0001-03-02 18:00:00,0.09115443,34.193836
0001-03-02 19:00:00,0.09017796,34.19379
0001-03-02 20:00:00,0.08919112,34.19374
0001-03-02 21:00:00,0.08818724,34.193687
0001-03-02 22:00:00,0.08715956,34.193638
0001-03-02 23:00:00,0.086101405,34.193592
0001-03-03 00:00:00,0.08500644,34.193546
0001-03-03 01:00:00,0.08386879,34.193504
0001-03-03 02:00:00,0.08268961,34.193462
0001-03-03 03:00:00,0.08146901,34.193428
0001-03-03 04:00:00,0.080207035,34.193394
0001-03-03 05:00:00,0.078906484,34.193367
0001-03-03 06:00:00,0.07757599,34.193348
0001-03-03 07:00:00,0.07623167,34.19334
0001-03-03 08:00:00,0.07489254,34.193344
0001-03-03 09:00:00,0.07356901,34.19336
0001-03-03 10:00:00,0.072272025,34.193386
0001-03-03 11:00:00,0.07099033,34.193424
0001-03-03 12:00:00,0.06970768,34.193478
0001-03-03 13:00:00,0.068217464,34.193523
0001-03-03 14:00:00,0.06650763,34.193554
0001-03-03 15:00:00,0.064858355,34.193573
0001-03-03 16:00:00,0.063474454,34.193596
0001-03-03 17:00:00,0.062423445,34.19362
0001-03-03 18:00:00,0.06156634,34.19365
0001-03-03 19:00:00,0.06073578,34.193695
0001-03-03 20:00:00,0.059830844,34.193756
0001-03-03 21:00:00,0.058825027,34.193844
0001-03-03 22:00:00,0.057694905,34.19395
0001-03-03 23:00:00,0.056402344,34.19407
0001-03-04 00:00:00,0.054931607,34.194202
0001-03-04 01:00:00,0.053289257,34.19436
0001-03-04 02:00:00,0.05146949,34.194546
0001-03-04 03:00:00,0.0494597,34.194775
0001-03-04 04:00:00,0.047240566,34.19505
0001-03-04 05:00:00,0.04479649,34.19537
0001-03-04 06:00:00,0.041977264,34.195763
0001-03-04 07:00:00,0.038871076,34.19623
0001-03-04 08:00:00,0.035740357,34.196686
0001-03-04 09:00:00,0.032411814,34.197124
0001-03-04 10:00:00,0.028820127,34.19759
0001-03-04 11:00:00,0.024916036,34.19811
0001-03-04 12:00:00,0.020355698,34.198734
0001-03-04 13:00:00,0.015635896,34.19938
0001-03-04 14:00:00,0.011057155,34.2
0001-03-04 15:00:00,0.006821168,34.20056
0001-03-04 16:00:00,0.0030180318,34.201015
0001-03-04 17:00:00,-0.00055549614,34.20142
0001-03-04 18:00:00,-0.0039967205,34.201797
0001-03-04 19:00:00,-0.0073417746,34.202164
0001-03-04 20:00:00,-0.010606062,34.20252
0001-03-04 21:00:00,-0.013802424,34.202866
0001-03-04 22:00:00,-0.01694304,34.20321
0001-03-04 23:00:00,-0.02004287,34.203545
0001-03-05 00:00:00,-0.02310274,34.203876
0001-03-05 01:00:00,-0.02631866,34.20423
0001-03-05 02:00:00,-0.02965703,34.20461
0001-03-05 03:00:00,-0.033089574,34.205
0001-03-05 04:00:00,-0.036411274,34.20538
0001-03-05 05:00:00,-0.039699275,34.205753
0001-03-05 06:00:00,-0.04272839,34.206085
0001-03-05 07:00:00,-0.045618802,34.206387
0001-03-05 08:00:00,-0.04847879,34.20668
0001-03-05 09:00:00,-0.051355787,34.206978
0001-03-05 10:00:00,-0.054268707,34.20728
0001-03-05 11:00:00,-0.057229552,34.20759
0001-03-05 12:00:00,-0.060247943,34.207905
0001-03-05 13:00:00,-0.06326361,34.20822
0001-03-05 14:00:00,-0.06619202,34.208527
0001-03-05 15:00:00,-0.06901611,34.208817
0001-03-05 16:00:00,-0.071734846,34.209095
0001-03-05 17:00:00,-0.07435199,34.209362
0001-03-05 18:00:00,-0.076871686,34.209618
0001-03-05 19:00:00,-0.079299204,34.209858
0001-03-05 20:00:00,-0.081642404,34.21009
0001-03-05 21:00:00,-0.083908185,34.21031
0001-03-05 22:00:00,-0.08610076,34.21053
0001-03-05 23:00:00,-0.088205345,34.21073
0001-03-06 00:00:00,-0.09048393,34.210957
0001-03-06 01:00:00,-0.092872165,34.2112
0001-03-06 02:00:00,-0.095046505,34.211414
0001-03-06 03:00:00,-0.097130716,34.211617
0001-03-06 04:00:00,-0.099133514,34.21181
0001-03-06 05:00:00,-0.10106934,34.212
0001-03-06 06:00:00,-0.10295607,34.212185
0001-03-06 07:00:00,-0.104700275,34.212345
0001-03-06 08:00:00,-0.10633968,34.212494
0001-03-06 09:00:00,-0.10791864,34.21263
0001-03-06 10:00:00,-0.109457105,34.212765
0001-03-06 11:00:00,-0.11096369,34.2129
0001-03-06 12:00:00,-0.11244309,34.213024
0001-03-06 13:00:00,-0.113905944,34.21315
0001-03-06 14:00:00,-0.1153414,34.21327
0001-03-06 15:00:00,-0.11672652,34.21338
0001-03-06 16:00:00,-0.11805861,34.21348
0001-03-06 17:00:00,-0.119338945,34.21358
0001-03-06 18:00:00,-0.120570034,34.21367
0001-03-06 19:00:00,-0.12175482,34.213757
0001-03-06 20:00:00,-0.1228964,34.213837
0001-03-06 21:00:00,-0.12399797,34.21391
0001-03-06 22:00:00,-0.12506285,34.213978
0001-03-06 23:00:00,-0.12609434,34.214043
0001-03-07 00:00:00,-0.12709557,34.214104
0001-03-07 01:00:00,-0.12806936,34.21416
0001-03-07 02:00:00,-0.1290183,34.214214
0001-03-07 03:00:00,-0.12994462,34.214268
0001-03-07 04:00:00,-0.13085036,34.214314
0001-03-07 05:00:00,-0.13173738,34.214363
0001-03-07 06:00:00,-0.1326075,34.214405
0001-03-07 07:00:00,-0.1334626,34.214447
0001-03-07 08:00:00,-0.13430564,34.21449
0001-03-07 09:00:00,-0.13513845,34.214527
0001-03-07 10:00:00,-0.1359626,34.214565
0001-03-07 11:00:00,-0.13677995,34.214603
0001-03-07 12:00:00,-0.1375923,34.214638
0001-03-07 13:00:00,-0.13840133,34.214676
0001-03-07 14:00:00,-0.13920246,34.214706
0001-03-07 15:00:00,-0.13998885,34.21474
0001-03-07 16:00:00,-0.14076027,34.214767
0001-03-07 17:00:00,-0.14151713,34.214798
0001-03-07 18:00:00,-0.14226049,34.21482
0001-03-07 19:00:00,-0.1429913,34.214848
0001-03-07 20:00:00,-0.14371045,34.21487
0001-03-07 21:00:00,-0.14440626,34.21489
0001-03-07 22:00:00,-0.14507125,34.214905
0001-03-07 23:00:00,-0.14571229,34.214916
0001-03-08 00:00:00,-0.14633992,34.214928
0001-03-08 01:00:00,-0.14695981,34.214935
0001-03-08 02:00:00,-0.14756884,34.214943
0001-03-08 03:00:00,-0.14816634,34.21495
0001-03-08 04:00:00,-0.14875314,34.214954
0001-03-08 05:00:00,-0.14932767,34.21496
0001-03-08 06:00:00,-0.14988892,34.214962
0001-03-08 07:00:00,-0.15043628,34.214962
0001-03-08 08:00:00,-0.15097047,34.214962
0001-03-08 09:00:00,-0.1514924,34.214962
0001-03-08 10:00:00,-0.15200324,34.214962
0001-03-08 11:00:00,-0.15250447,34.214962
0001-03-08 12:00:00,-0.15299734,34.214962
0001-03-08 13:00:00,-0.1534789,34.214962
0001-03-08 14:00:00,-0.15394935,34.214954
0001-03-08 15:00:00,-0.15441102,34.214947
0001-03-08 16:00:00,-0.1548658,34.21494
0001-03-08 17:00:00,-0.15531357,34.214928
0001-03-08 18:00:00,-0.1557537,34.214916
0001-03-08 19:00:00,-0.15618661,34.2149
0001-03-08 20:00:00,-0.15661308,34.21488
0001-03-08 21:00:00,-0.15703425,34.214863
0001-03-08 22:00:00,-0.15745097,34.214844
0001-03-08 23:00:00,-0.1578643,34.21482
0001-03-09 00:00:00,-0.15827398,34.214798
0001-03-09 01:00:00,-0.15868594,34.214775
0001-03-09 02:00:00,-0.15909699,34.214745
0001-03-09 03:00:00,-0.15950689,34.214714
0001-03-09 04:00:00,-0.15991847,34.214684
0001-03-09 05:00:00,-0.1603342,34.214645
0001-03-09 06:00:00,-0.16075803,34.214607
0001-03-09 07:00:00,-0.16119672,34.214565
0001-03-09 08:00:00,-0.16164865,34.21452
0001-03-09 09:00:00,-0.16212857,34.214466
0001-03-09 10:00:00,-0.16264702,34.214405
0001-03-09 11:00:00,-0.16322747,34.214336
0001-03-09 12:00:00,-0.16390389,34.214256
0001-03-09 13:00:00,-0.16453826,34.214172
0001-03-09 14:00:00,-0.16493922,34.2141
0001-03-09 15:00:00,-0.16516931,34.214043
0001-03-09 16:00:00,-0.16528532,34.21399
0001-03-09 17:00:00,-0.16533458,34.21394
0001-03-09 18:00:00,-0.16535015,34.213898
0001-03-09 19:00:00,-0.16535132,34.213852
0001-03-09 20:00:00,-0.16533537,34.213814
0001-03-09 21:00:00,-0.16531794,34.21377
0001-03-09 22:00:00,-0.16529214,34.21373
0001-03-09 23:00:00,-0.16526262,34.213688
0001-03-10 00:00:00,-0.16523279,34.21365
0001-03-10 01:00:00,-0.16521132,34.213608
0001-03-10 02:00:00,-0.16519636,34.21357
0001-03-10 03:00:00,-0.16518842,34.213528
0001-03-10 04:00:00,-0.1651944,34.213486
0001-03-10 05:00:00,-0.16521302,34.21344
0001-03-10 06:00:00,-0.16527632,34.21339
0001-03-10 07:00:00,-0.16531824,34.213345
0001-03-10 08:00:00,-0.16537254,34.213295
0001-03-10 09:00:00,-0.16544977,34.213245
0001-03-10 10:00:00,-0.1655334,34.213196
0001-03-10 11:00:00,-0.16562055,34.213142
0001-03-10 12:00:00,-0.16570964,34.213097
0001-03-10 13:00:00,-0.16579956,34.21303
0001-03-10 14:00:00,-0.16587014,34.212948
0001-03-10 15:00:00,-0.1659208,34.212845
0001-03-10 16:00:00,-0.16595004,34.212734
0001-03-10 17:00:00,-0.1659559,34.21261
0001-03-10 18:00:00,-0.16593842,34.21247
0001-03-10 19:00:00,-0.16589136,34.212322
0001-03-10 20:00:00,-0.16581535,34.212166
0001-03-10 21:00:00,-0.16571237,34.211994
0001-03-10 22:00:00,-0.16557781,34.211815
0001-03-10 23:00:00,-0.16541068,34.21162
0001-03-11 00:00:00,-0.16521105,34.211407
0001-03-11 01:00:00,-0.16497675,34.211193
0001-03-11 02:00:00,-0.16470827,34.210957
0001-03-11 03:00:00,-0.16440369,34.21071
0001-03-11 04:00:00,-0.16406177,34.21045
0001-03-11 05:00:00,-0.16369008,34.21019
0001-03-11 06:00:00,-0.16327983,34.209908
0001-03-11 07:00:00,-0.16283092,34.209614
0001-03-11 08:00:00,-0.16235255,34.209312
0001-03-11 09:00:00,-0.16184223,34.209007
0001-03-11 10:00:00,-0.161303,34.208694
0001-03-11 11:00:00,-0.16073464,34.208378
0001-03-11 12:00:00,-0.16013792,34.208057
0001-03-11 13:00:00,-0.15959737,34.207745
0001-03-11 14:00:00,-0.15917027,34.207466
0001-03-11 15:00:00,-0.15880209,34.2072
0001-03-11 16:00:00,-0.15849006,34.206955
0001-03-11 17:00:00,-0.15822211,34.20672
0001-03-11 18:00:00,-0.15799133,34.206493
0001-03-11 19:00:00,-0.15780018,34.206276
0001-03-11 20:00:00,-0.15764469,34.20607
0001-03-11 21:00:00,-0.15752558,34.20588
0001-03-11 22:00:00,-0.1574408,34.205692
0001-03-11 23:00:00,-0.15738995,34.20552
0001-03-12 00:00:00,-0.15737318,34.205357
0001-03-12 01:00:00,-0.1573857,34.205204
0001-03-12 02:00:00,-0.15742563,34.205055
0001-03-12 03:00:00,-0.15749444,34.204914
0001-03-12 04:00:00,-0.15759309,34.20478
0001-03-12 05:00:00,-0.15772186,34.20466
0001-03-12 06:00:00,-0.15788025,34.204544
0001-03-12 07:00:00,-0.1580667,34.20444
0001-03-12 08:00:00,-0.15828116,34.204346
0001-03-12 09:00:00,-0.15852465,34.204254
0001-03-12 10:00:00,-0.15879388,34.204174
0001-03-12 11:00:00,-0.15908583,34.2041
0001-03-12 12:00:00,-0.15940876,34.20404
0001-03-12 13:00:00,-0.15975823,34.203976
0001-03-12 14:00:00,-0.16014296,34.203896
0001-03-12 15:00:00,-0.16056055,34.20381
0001-03-12 16:00:00,-0.16101713,34.203724
0001-03-12 17:00:00,-0.16148667,34.203644
0001-03-12 18:00:00,-0.16202484,34.203556
0001-03-12 19:00:00,-0.16258213,34.203472
0001-03-12 20:00:00,-0.1631722,34.203396
0001-03-12 21:00:00,-0.16381235,34.203316
0001-03-12 22:00:00,-0.16449192,34.203243
0001-03-12 23:00:00,-0.16519666,34.20317
0001-03-13 00:00:00,-0.16590443,34.203114
0001-03-13 01:00:00,-0.16658957,34.203064
0001-03-13 02:00:00,-0.1672274,34.20303
0001-03-13 03:00:00,-0.16780074,34.203007
0001-03-13 04:00:00,-0.1683039,34.203003
0001-03-13 05:00:00,-0.16875544,34.203007
0001-03-13 06:00:00,-0.16919771,34.20302
0001-03-13 07:00:00,-0.16962679,34.203037
0001-03-13 08:00:00,-0.17010298,34.203053
0001-03-13 09:00:00,-0.1705773,34.203075
0001-03-13 10:00:00,-0.17103377,34.203102
0001-03-13 11:00:00,-0.17155759,34.203133
0001-03-13 12:00:00,-0.17211224,34.20317
0001-03-13 13:00:00,-0.17272392,34.203205
0001-03-13 14:00:00,-0.1733871,34.203236
0001-03-13 15:00:00,-0.17405933,34.203266
0001-03-13 16:00:00,-0.17473078,34.203297
0001-03-13 17:00:00,-0.1753974,34.203323
0001-03-13 18:00:00,-0.17605618,34.203354
0001-03-13 19:00:00,-0.17670532,34.20338
0001-03-13 20:00:00,-0.17734088,34.203407
0001-03-13 21:00:00,-0.17796077,34.203438
0001-03-13 22:00:00,-0.17857294,34.203465
0001-03-13 23:00:00,-0.17918785,34.20349
0001-03-14 00:00:00,-0.17983328,34.203514
0001-03-14 01:00:00,-0.18049307,34.203533
0001-03-14 02:00:00,-0.18115947,34.203556
0001-03-14 03:00:00,-0.18182813,34.203583
0001-03-14 04:00:00,-0.18249673,34.203606
0001-03-14 05:00:00,-0.18316393,34.203632
0001-03-14 06:00:00,-0.18382896,34.20366
0001-03-14 07:00:00,-0.18449128,34.20369
0001-03-14 08:00:00,-0.18515024,34.20372
0001-03-14 09:00:00,-0.18580487,34.203754
0001-03-14 10:00:00,-0.1864537,34.203793
0001-03-14 11:00:00,-0.18709509,34.203835
0001-03-14 12:00:00,-0.18772726,34.203876
0001-03-14 13:00:00,-0.18839611,34.203922
0001-03-14 14:00:00,-0.18911426,34.203968
0001-03-14 15:00:00,-0.18983343,34.204014
0001-03-14 16:00:00,-0.19057804,34.204056
0001-03-14 17:00:00,-0.19132903,34.20409
0001-03-14 18:00:00,-0.19210431,34.204124
0001-03-14 19:00:00,-0.19289759,34.20415
0001-03-14 20:00:00,-0.19370863,34.204174
0001-03-14 21:00:00,-0.19453858,34.204197
0001-03-14 22:00:00,-0.19539793,34.204216
0001-03-14 23:00:00,-0.19629662,34.204235
0001-03-15 00:00:00,-0.19723323,34.20425
0001-03-15 01:00:00,-0.1982082,34.20426
0001-03-15 02:00:00,-0.19922364,34.204273
0001-03-15 03:00:00,-0.20028175,34.204285
0001-03-15 04:00:00,-0.20138311,34.204296
0001-03-15 05:00:00,-0.20251927,34.204308
0001-03-15 06:00:00,-0.20365813,34.204315
0001-03-15 07:00:00,-0.20474483,34.204327
0001-03-15 08:00:00,-0.20569652,34.204338
0001-03-15 09:00:00,-0.20644426,34.204353
0001-03-15 10:00:00,-0.2069878,34.204372
0001-03-15 11:00:00,-0.20739017,34.20439
0001-03-15 12:00:00,-0.20772599,34.20441
0001-03-15 13:00:00,-0.2082549,34.20443
0001-03-15 14:00:00,-0.20901306,34.20445
0001-03-15 15:00:00,-0.20977099,34.204464
0001-03-15 16:00:00,-0.2104367,34.204483
0001-03-15 17:00:00,-0.21099657,34.204502
0001-03-15 18:00:00,-0.21148793,34.204525
0001-03-15 19:00:00,-0.21195997,34.204548
0001-03-15 20:00:00,-0.21244866,34.20457
0001-03-15 21:00:00,-0.21297337,34.204594
0001-03-15 22:00:00,-0.21354088,34.20462
0001-03-15 23:00:00,-0.21414508,34.204647
0001-03-16 00:00:00,-0.21478875,34.204674
0001-03-16 01:00:00,-0.21546482,34.204704
0001-03-16 02:00:00,-0.21616699,34.20474
0001-03-16 03:00:00,-0.21689007,34.204777
0001-03-16 04:00:00,-0.21763238,34.20482
0001-03-16 05:00:00,-0.21838783,34.20487
0001-03-16 06:00:00,-0.21915297,34.20492
0001-03-16 07:00:00,-0.21992463,34.204983
0001-03-16 08:00:00,-0.2206931,34.20505
0001-03-16 09:00:00,-0.22148813,34.205128
0001-03-16 10:00:00,-0.22226612,34.20521
0001-03-16 11:00:00,-0.2230123,34.2053
0001-03-16 12:00:00,-0.22378309,34.205387
0001-03-16 13:00:00,-0.22468698,34.20546
0001-03-16 14:00:00,-0.22565067,34.20553
0001-03-16 15:00:00,-0.22662228,34.205585
0001-03-16 16:00:00,-0.22758855,34.205643
0001-03-16 17:00:00,-0.2285438,34.205696
0001-03-16 18:00:00,-0.2294858,34.205746
0001-03-16 19:00:00,-0.23041365,34.20579
0001-03-16 20:00:00,-0.23132709,34.205833
0001-03-16 21:00:00,-0.23222613,34.205875
0001-03-16 22:00:00,-0.23311065,34.205914
0001-03-16 23:00:00,-0.23398045,34.205948
0001-03-17 00:00:00,-0.23483527,34.205982
0001-03-17 01:00:00,-0.23567471,34.206017
0001-03-17 02:00:00,-0.23649818,34.206047
0001-03-17 03:00:00,-0.23730488,34.206078
0001-03-17 04:00:00,-0.23809393,34.206104
0001-03-17 05:00:00,-0.23886406,34.20613
0001-03-17 06:00:00,-0.23961441,34.206158
0001-03-17 07:00:00,-0.24034366,34.206184
0001-03-17 08:00:00,-0.24105074,34.20621
0001-03-17 09:00:00,-0.24173483,34.206238
0001-03-17 10:00:00,-0.24239546,34.20626
0001-03-17 11:00:00,-0.24303259,34.206287
0001-03-17 12:00:00,-0.24364664,34.20631
0001-03-17 13:00:00,-0.2442373,34.206337
0001-03-17 14:00:00,-0.24481107,34.20636
0001-03-17 15:00:00,-0.24537373,34.206383
0001-03-17 16:00:00,-0.2459273,34.206406
0001-03-17 17:00:00,-0.24647234,34.206432
0001-03-17 18:00:00,-0.247009,34.206455
0001-03-17 19:00:00,-0.24753757,34.20648
0001-03-17 20:00:00,-0.24805856,34.206505
0001-03-17 21:00:00,-0.24857256,34.20653
0001-03-17 22:00:00,-0.24908012,34.20656
0001-03-17 23:00:00,-0.24958178,34.206585
0001-03-18 00:00:00,-0.25007808,34.206615
0001-03-18 01:00:00,-0.25056955,34.206646
0001-03-18 02:00:00,-0.25105685,34.206676
0001-03-18 03:00:00,-0.25154042,34.206707
0001-03-18 04:00:00,-0.25202078,34.206745
0001-03-18 05:00:00,-0.25249863,34.20678
0001-03-18 06:00:00,-0.25297478,34.20682
0001-03-18 07:00:00,-0.25345013,34.206863
0001-03-18 08:00:00,-0.25392506,34.20691
0001-03-18 09:00:00,-0.25440037,34.20696
0001-03-18 10:00:00,-0.25487712,34.207012
0001-03-18 11:00:00,-0.2553815,34.207077
0001-03-18 12:00:00,-0.25588647,34.207157
0001-03-18 13:00:00,-0.25641674,34.207222
0001-03-18 14:00:00,-0.256991,34.207287
0001-03-18 15:00:00,-0.25755456,34.207336
0001-03-18 16:00:00,-0.25812542,34.207375
0001-03-18 17:00:00,-0.25867397,34.20741
0001-03-18 18:00:00,-0.25923592,34.207436
0001-03-18 19:00:00,-0.25980446,34.20745
0001-03-18 20:00:00,-0.26037648,34.20746
0001-03-18 21:00:00,-0.26095045,34.207462
0001-03-18 22:00:00,-0.2615256,34.20746
0001-03-18 23:00:00,-0.26210144,34.207447
0001-03-19 00:00:00,-0.26267758,34.207436
0001-03-19 01:00:00,-0.2632539,34.20742
0001-03-19 02:00:00,-0.26383027,34.207397
0001-03-19 03:00:00,-0.26440665,34.20737
0001-03-19 04:00:00,-0.26498297,34.207344
0001-03-19 05:00:00,-0.2655592,34.20731
0001-03-19 06:00:00,-0.26613533,34.20727
0001-03-19 07:00:00,-0.26671144,34.20723
0001-03-19 08:00:00,-0.26728752,34.20718
0001-03-19 09:00:00,-0.26786372,34.20713
0001-03-19 10:00:00,-0.2684401,34.207077
0001-03-19 11:00:00,-0.26901677,34.207016
0001-03-19 12:00:00,-0.26959327,34.20695
0001-03-19 13:00:00,-0.27015468,34.20688
0001-03-19 14:00:00,-0.2706914,34.20679
0001-03-19 15:00:00,-0.27120996,34.206696
0001-03-19 16:00:00,-0.27171332,34.206593
0001-03-19 17:00:00,-0.27220452,34.206482
0001-03-19 18:00:00,-0.2727125,34.206356
0001-03-19 19:00:00,-0.2731875,34.206223
0001-03-19 20:00:00,-0.27364627,34.20608
0001-03-19 21:00:00,-0.2741038,34.205933
0001-03-19 22:00:00,-0.2745436,34.205772
0001-03-19 23:00:00,-0.27496532,34.205605
0001-03-20 00:00:00,-0.2753801,34.20542
0001-03-20 01:00:00,-0.27578813,34.20523
0001-03-20 02:00:00,-0.27618805,34.20502
0001-03-20 03:00:00,-0.27659523,34.204796
0001-03-20 04:00:00,-0.27696788,34.204563
0001-03-20 05:00:00,-0.27736136,34.204304
0001-03-20 06:00:00,-0.2777593,34.20402
0001-03-20 07:00:00,-0.2781186,34.203735
0001-03-20 08:00:00,-0.2784985,34.20342
0001-03-20 09:00:00,-0.27885944,34.20309
0001-03-20 10:00:00,-0.27922592,34.202736
0001-03-20 11:00:00,-0.27957636,34.202366
0001-03-20 12:00:00,-0.27987745,34.202003
0001-03-20 13:00:00,-0.28018558,34.20161
0001-03-20 14:00:00,-0.28049165,34.201202
0001-03-20 15:00:00,-0.28079468,34.20077
0001-03-20 16:00:00,-0.28110522,34.20031
0001-03-20 17:00:00,-0.2814281,34.199802
0001-03-20 18:00:00,-0.28174284,34.199272
0001-03-20 19:00:00,-0.28203538,34.19873
0001-03-20 20:00:00,-0.2823273,34.19815
0001-03-20 21:00:00,-0.28262657,34.197525
0001-03-20 22:00:00,-0.28290597,34.19688
0001-03-20 23:00:00,-0.2831786,34.196194
0001-03-21 00:00:00,-0.28350216,34.195385
0001-03-21 01:00:00,-0.28379768,34.194553
0001-03-21 02:00:00,-0.2840763,34.193684
0001-03-21 03:00:00,-0.28432754,34.19279
0001-03-21 04:00:00,-0.28454116,34.191887
0001-03-21 05:00:00,-0.28475472,34.190907
0001-03-21 06:00:00,-0.28494552,34.18988
0001-03-21 07:00:00,-0.28515473,34.188713
0001-03-21 08:00:00,-0.28537938,34.18738
0001-03-21 09:00:00,-0.2856034,34.185898
0001-03-21 10:00:00,-0.28576466,34.184437
0001-03-21 11:00:00,-0.2858775,34.182957
0001-03-21 12:00:00,-0.28595442,34.181408
0001-03-21 13:00:00,-0.28602868,34.179863
0001-03-21 14:00:00,-0.28612998,34.17839
0001-03-21 15:00:00,-0.28624946,34.176968
0001-03-21 16:00:00,-0.28638318,34.1756
0001-03-21 17:00:00,-0.28652546,34.174297
0001-03-21 18:00:00,-0.28667408,34.17306
0001-03-21 19:00:00,-0.28682852,34.17189
0001-03-21 20:00:00,-0.2869874,34.170776
0001-03-21 21:00:00,-0.28715044,34.169712
0001-03-21 22:00:00,-0.2873184,34.168694
0001-03-21 23:00:00,-0.2874915,34.167706
0001-03-22 00:00:00,-0.2876695,34.16675
0001-03-22 01:00:00,-0.28784406,34.165844
0001-03-22 02:00:00,-0.28800714,34.165005
0001-03-22 03:00:00,-0.28820363,34.164097
0001-03-22 04:00:00,-0.2884416,34.163116
0001-03-22 05:00:00,-0.28869864,34.162132
0001-03-22 06:00:00,-0.28896543,34.161167
0001-03-22 07:00:00,-0.28923997,34.160233
0001-03-22 08:00:00,-0.2895215,34.15933
0001-03-22 09:00:00,-0.2898098,34.15845
0001-03-22 10:00:00,-0.29010347,34.157604
0001-03-22 11:00:00,-0.2904027,34.156788
0001-03-22 12:00:00,-0.29070595,34.156002
0001-03-22 13:00:00,-0.29099113,34.15536
0001-03-22 14:00:00,-0.29123512,34.15497
0001-03-22 15:00:00,-0.2914294,34.154835
0001-03-22 16:00:00,-0.29146096,34.155262
0001-03-22 17:00:00,-0.291437,34.155888
0001-03-22 18:00:00,-0.2912809,34.156826
0001-03-22 19:00:00,-0.29131106,34.15729
0001-03-22 20:00:00,-0.2914211,34.157658
0001-03-22 21:00:00,-0.29151395,34.158154
0001-03-22 22:00:00,-0.29151568,34.158943
0001-03-22 23:00:00,-0.2914296,34.159966
0001-03-23 00:00:00,-0.29125983,34.161133
0001-03-23 01:00:00,-0.2912611,34.16185
0001-03-23 02:00:00,-0.29132158,34.1625
0001-03-23 03:00:00,-0.29135194,34.16325
0001-03-23 04:00:00,-0.2912931,34.164227
0001-03-23 05:00:00,-0.2911566,34.165333
0001-03-23 06:00:00,-0.2911492,34.166096
0001-03-23 07:00:00,-0.29105684,34.167107
0001-03-23 08:00:00,-0.29104415,34.16795
0001-03-23 09:00:00,-0.2909991,34.16885
0001-03-23 10:00:00,-0.2902768,34.17116
0001-03-23 11:00:00,-0.29010585,34.172295
0001-03-23 12:00:00,-0.29009065,34.17307
0001-03-23 13:00:00,-0.2901058,34.173775
0001-03-23 14:00:00,-0.29017526,34.174408
0001-03-23 15:00:00,-0.29036528,34.174862
0001-03-23 16:00:00,-0.2905807,34.17528
0001-03-23 17:00:00,-0.29085842,34.17564
0001-03-23 18:00:00,-0.29113752,34.175987
0001-03-23 19:00:00,-0.2914257,34.17629
0001-03-23 20:00:00,-0.29179224,34.176517
0001-03-23 21:00:00,-0.2922141,34.17671
0001-03-23 22:00:00,-0.29266694,34.176888
0001-03-23 23:00:00,-0.293143,34.17706
0001-03-24 00:00:00,-0.293639,34.177235
0001-03-24 01:00:00,-0.29415664,34.177406
0001-03-24 02:00:00,-0.29470623,34.17759
0001-03-24 03:00:00,-0.29523176,34.177795
0001-03-24 04:00:00,-0.29576868,34.17801
0001-03-24 05:00:00,-0.29631743,34.17822
0001-03-24 06:00:00,-0.2968707,34.178425
0001-03-24 07:00:00,-0.2974175,34.17862
0001-03-24 08:00:00,-0.29800117,34.178783
0001-03-24 09:00:00,-0.29866374,34.17893
0001-03-24 10:00:00,-0.29936013,34.17907
0001-03-24 11:00:00,-0.30007964,34.17921
0001-03-24 12:00:00,-0.30081776,34.17935
0001-03-24 13:00:00,-0.30156258,34.179493
0001-03-24 14:00:00,-0.30230734,34.179623
0001-03-24 15:00:00,-0.30305657,34.17975
0001-03-24 16:00:00,-0.30381167,34.179867
0001-03-24 17:00:00,-0.30457303,34.17998
0001-03-24 18:00:00,-0.3053407,34.180088
0001-03-24 19:00:00,-0.30611476,34.180195
0001-03-24 20:00:00,-0.3068952,34.18029
0001-03-24 21:00:00,-0.30768076,34.180386
0001-03-24 22:00:00,-0.3084722,34.180477
0001-03-24 23:00:00,-0.3092703,34.180565
0001-03-25 00:00:00,-0.31007484,34.18065
0001-03-25 01:00:00,-0.31088558,34.18073
0001-03-25 02:00:00,-0.31170297,34.180805
0001-03-25 03:00:00,-0.31252667,34.18088
0001-03-25 04:00:00,-0.31335682,34.180954
0001-03-25 05:00:00,-0.3141934,34.181023
0001-03-25 06:00:00,-0.3150366,34.181087
0001-03-25 07:00:00,-0.31588653,34.181152
0001-03-25 08:00:00,-0.3167426,34.181217
0001-03-25 09:00:00,-0.317605,34.181274
0001-03-25 10:00:00,-0.3184741,34.181335
0001-03-25 11:00:00,-0.3193498,34.181393
0001-03-25 12:00:00,-0.32023233,34.181446
0001-03-25 13:00:00,-0.32112688,34.1815
0001-03-25 14:00:00,-0.32203645,34.18155
0001-03-25 15:00:00,-0.32295817,34.1816
0001-03-25 16:00:00,-0.32389218,34.181644
0001-03-25 17:00:00,-0.32483885,34.18169
0001-03-25 18:00:00,-0.32579875,34.181732
0001-03-25 19:00:00,-0.32677257,34.18177
0001-03-25 20:00:00,-0.32776096,34.18181
0001-03-25 21:00:00,-0.32876468,34.181843
0001-03-25 22:00:00,-0.32978418,34.181873
0001-03-25 23:00:00,-0.33082068,34.181904
0001-03-26 00:00:00,-0.33187345,34.181934
0001-03-26 01:00:00,-0.33294323,34.18196
0001-03-26 02:00:00,-0.33403033,34.181988
0001-03-26 03:00:00,-0.3351354,34.182014
0001-03-26 04:00:00,-0.33625844,34.182037
0001-03-26 05:00:00,-0.33739945,34.18206
0001-03-26 06:00:00,-0.338558,34.18208
0001-03-26 07:00:00,-0.3397325,34.182102
0001-03-26 08:00:00,-0.34091753,34.18212
0001-03-26 09:00:00,-0.34210992,34.182144
0001-03-26 10:00:00,-0.34330392,34.182163
0001-03-26 11:00:00,-0.3444916,34.182182
0001-03-26 12:00:00,-0.3456633,34.1822
0001-03-26 13:00:00,-0.34683898,34.182224
0001-03-26 14:00:00,-0.34804478,34.182243
0001-03-26 15:00:00,-0.3492667,34.182266
0001-03-26 16:00:00,-0.35049772,34.182285
0001-03-26 17:00:00,-0.351727,34.18231
0001-03-26 18:00:00,-0.35294154,34.182327
0001-03-26 19:00:00,-0.35412872,34.18235
0001-03-26 20:00:00,-0.35527864,34.182373
0001-03-26 21:00:00,-0.35638607,34.1824
0001-03-26 22:00:00,-0.3574512,34.182423
0001-03-26 23:00:00,-0.358479,34.18245
0001-03-27 00:00:00,-0.35947737,34.182472
0001-03-27 01:00:00,-0.3604554,34.1825
0001-03-27 02:00:00,-0.3614219,34.18253
0001-03-27 03:00:00,-0.36238453,34.182556
0001-03-27 04:00:00,-0.3633457,34.182587
0001-03-27 05:00:00,-0.36431414,34.182613
0001-03-27 06:00:00,-0.3652929,34.182644
0001-03-27 07:00:00,-0.36628336,34.18268
0001-03-27 08:00:00,-0.36728612,34.18271
0001-03-27 09:00:00,-0.36830086,34.182743
0001-03-27 10:00:00,-0.36932692,34.182777
0001-03-27 11:00:00,-0.37036324,34.18281
0001-03-27 12:00:00,-0.3714086,34.18285
0001-03-27 13:00:00,-0.3725016,34.182888
0001-03-27 14:00:00,-0.37364405,34.182926
0001-03-27 15:00:00,-0.3747943,34.182964
0001-03-27 16:00:00,-0.3759436,34.183002
0001-03-27 17:00:00,-0.37708855,34.183037
0001-03-27 18:00:00,-0.37822768,34.183075
0001-03-27 19:00:00,-0.37936038,34.18311
0001-03-27 20:00:00,-0.38048652,34.183144
0001-03-27 21:00:00,-0.38160628,34.183178
0001-03-27 22:00:00,-0.3827198,34.183212
0001-03-27 23:00:00,-0.38382745,34.183243
0001-03-28 00:00:00,-0.38492936,34.183277
0001-03-28 01:00:00,-0.38602582,34.183308
0001-03-28 02:00:00,-0.38711703,34.183342
0001-03-28 03:00:00,-0.38820317,34.183372
0001-03-28 04:00:00,-0.38928437,34.183403
0001-03-28 05:00:00,-0.39036077,34.183434
0001-03-28 06:00:00,-0.39143258,34.18346
0001-03-28 07:00:00,-0.39249992,34.18349
0001-03-28 08:00:00,-0.39356315,34.183517
0001-03-28 09:00:00,-0.39462227,34.183548
0001-03-28 10:00:00,-0.3956779,34.183575
0001-03-28 11:00:00,-0.39673027,34.1836
0001-03-28 12:00:00,-0.39777976,34.183628
0001-03-28 13:00:00,-0.39881784,34.183655
0001-03-28 14:00:00,-0.3998428,34.18368
0001-03-28 15:00:00,-0.40086448,34.18371
0001-03-28 16:00:00,-0.40188536,34.183735
0001-03-28 17:00:00,-0.40290678,34.18376
0001-03-28 18:00:00,-0.40392938,34.18379
0001-03-28 19:00:00,-0.40495345,34.183815
0001-03-28 20:00:00,-0.40597904,34.18384
0001-03-28 21:00:00,-0.40700606,34.183872
0001-03-28 22:00:00,-0.40803447,34.1839
0001-03-28 23:00:00,-0.4090641,34.183926
0001-03-29 00:00:00,-0.4100949,34.183952
0001-03-29 01:00:00,-0.4111266,34.18398
0001-03-29 02:00:00,-0.41215914,34.184006
0001-03-29 03:00:00,-0.41319233,34.184032
0001-03-29 04:00:00,-0.41422594,34.184063
0001-03-29 05:00:00,-0.4152598,34.18409
0001-03-29 06:00:00,-0.41629377,34.184116
0001-03-29 07:00:00,-0.4173277,34.184143
0001-03-29 08:00:00,-0.41836154,34.184174
0001-03-29 09:00:00,-0.41939527,34.1842
0001-03-29 10:00:00,-0.42042887,34.184227
0001-03-29 11:00:00,-0.42146242,34.184258
0001-03-29 12:00:00,-0.42249584,34.184284
0001-03-29 13:00:00,-0.42348903,34.184315
0001-03-29 14:00:00,-0.42432573,34.184345
0001-03-29 15:00:00,-0.4249901,34.184376
0001-03-29 16:00:00,-0.42552912,34.184406
0001-03-29 17:00:00,-0.42600137,34.18444
0001-03-29 18:00:00,-0.42645037,34.184475
0001-03-29 19:00:00,-0.42689958,34.184513
0001-03-29 20:00:00,-0.42735648,34.18455
0001-03-29 21:00:00,-0.42781878,34.184593
0001-03-29 22:00:00,-0.4282819,34.184643
0001-03-29 23:00:00,-0.42874262,34.184692
0001-03-30 00:00:00,-0.42919415,34.184746
0001-03-30 01:00:00,-0.42965418,34.184803
0001-03-30 02:00:00,-0.43015358,34.18486
0001-03-30 03:00:00,-0.43069533,34.184914
0001-03-30 04:00:00,-0.43126184,34.18497
0001-03-30 05:00:00,-0.43183944,34.185024
0001-03-30 06:00:00,-0.4324188,34.185085
0001-03-30 07:00:00,-0.43299377,34.18515
0001-03-30 08:00:00,-0.43356016,34.185215
0001-03-30 09:00:00,-0.43411475,34.185287
0001-03-30 10:00:00,-0.43465507,34.185364
0001-03-30 11:00:00,-0.43517876,34.185444
0001-03-30 12:00:00,-0.43568376,34.18553
0001-03-30 13:00:00,-0.4361905,34.185623
0001-03-30 14:00:00,-0.43670252,34.18572
0001-03-30 15:00:00,-0.4372025,34.18581
0001-03-30 16:00:00,-0.437688,34.185905
0001-03-30 17:00:00,-0.43815824,34.186005
0001-03-30 18:00:00,-0.43861246,34.1861
0001-03-30 19:00:00,-0.43904993,34.186203
0001-03-30 20:00:00,-0.4394697,34.186302
0001-03-30 21:00:00,-0.43987054,34.18641
0001-03-30 22:00:00,-0.4402524,34.186516
0001-03-30 23:00:00,-0.440514,34.186676
0001-03-31 00:00:00,-0.440802,34.18682
0001-03-31 01:00:00,-0.44110465,34.18696
0001-03-31 02:00:00,-0.44139484,34.187084
0001-03-31 03:00:00,-0.44168586,34.18721
0001-03-31 04:00:00,-0.44203264,34.18732
0001-03-31 05:00:00,-0.4424126,34.187428
0001-03-31 06:00:00,-0.44280362,34.187527
0001-03-31 07:00:00,-0.4431932,34.18763
0001-03-31 08:00:00,-0.44357583,34.187733
0001-03-31 09:00:00,-0.44394907,34.18784
0001-03-31 10:00:00,-0.44431195,34.187946
0001-03-31 11:00:00,-0.44466415,34.188057
0001-03-31 12:00:00,-0.4450055,34.18817
0001-03-31 13:00:00,-0.4453617,34.188282
0001-03-31 14:00:00,-0.44574153,34.18839
0001-03-31 15:00:00,-0.44612652,34.188488
0001-03-31 16:00:00,-0.44651303,34.18858
0001-03-31 17:00:00,-0.44689965,34.18867
0001-03-31 18:00:00,-0.44728544,34.188755
0001-03-31 19:00:00,-0.44766983,34.188835
0001-03-31 20:00:00,-0.44805235,34.18891
0001-03-31 21:00:00,-0.44843253,34.188984
0001-03-31 22:00:00,-0.44881013,34.189056
0001-03-31 23:00:00,-0.4491849,34.189125
0001-04-01 00:00:00,-0.44955665,34.189194
0001-04-01 01:00:00,-0.44992536,34.189262
0001-04-01 02:00:00,-0.4502911,34.18933
0001-04-01 03:00:00,-0.4506539,34.189404
0001-04-01 04:00:00,-0.451014,34.189472
0001-04-01 05:00:00,-0.45137155,34.189545
0001-04-01 06:00:00,-0.45172682,34.18962
0001-04-01 07:00:00,-0.45208007,34.189697
0001-04-01 08:00:00,-0.45243168,34.18978
0001-04-01 09:00:00,-0.45278198,34.18987
0001-04-01 10:00:00,-0.4531314,34.18996
0001-04-01 11:00:00,-0.4534803,34.190067
0001-04-01 12:00:00,-0.45384455,34.190178
0001-04-01 13:00:00,-0.4542346,34.190296
0001-04-01 14:00:00,-0.45467058,34.190414
0001-04-01 15:00:00,-0.45513088,34.190525
0001-04-01 16:00:00,-0.45560575,34.19063
0001-04-01 17:00:00,-0.45608422,34.19073
0001-04-01 18:00:00,-0.4565942,34.19082
0001-04-01 19:00:00,-0.45712614,34.190895
0001-04-01 20:00:00,-0.45767784,34.19096
0001-04-01 21:00:00,-0.4582445,34.19102
0001-04-01 22:00:00,-0.45882398,34.191082
0001-04-01 23:00:00,-0.45941547,34.191135
0001-04-02 00:00:00,-0.46001872,34.19119
0001-04-02 01:00:00,-0.46063375,34.19124
0001-04-02 02:00:00,-0.46126068,34.191288
0001-04-02 03:00:00,-0.4618996,34.191334
0001-04-02 04:00:00,-0.46255067,34.19138
0001-04-02 05:00:00,-0.46321395,34.19142
0001-04-02 06:00:00,-0.46388957,34.191463
0001-04-02 07:00:00,-0.46457756,34.191505
0001-04-02 08:00:00,-0.46527797,34.191544
0001-04-02 09:00:00,-0.465991,34.19158
0001-04-02 10:00:00,-0.46671665,34.19162
0001-04-02 11:00:00,-0.4674549,34.191658
0001-04-02 12:00:00,-0.46820572,34.191692
0001-04-02 13:00:00,-0.46891934,34.19172
0001-04-02 14:00:00,-0.46957,34.191734
0001-04-02 15:00:00,-0.47018898,34.19174
0001-04-02 16:00:00,-0.4707864,34.191734
0001-04-02 17:00:00,-0.4713657,34.191715
0001-04-02 18:00:00,-0.47193047,34.19169
0001-04-02 19:00:00,-0.47248185,34.191654
0001-04-02 20:00:00,-0.47301582,34.191612
0001-04-02 21:00:00,-0.47353542,34.19156
0001-04-02 22:00:00,-0.4740412,34.191494
0001-04-02 23:00:00,-0.47453448,34.19142
0001-04-03 00:00:00,-0.47501802,34.19134
0001-04-03 01:00:00,-0.4754977,34.191246
0001-04-03 02:00:00,-0.47598228,34.191135
0001-04-03 03:00:00,-0.4764801,34.19101
0001-04-03 04:00:00,-0.47700498,34.190865
0001-04-03 05:00:00,-0.47759408,34.190685
0001-04-03 06:00:00,-0.4783137,34.190456
0001-04-03 07:00:00,-0.47921863,34.19016
0001-04-03 08:00:00,-0.48034507,34.189762
0001-04-03 09:00:00,-0.48166776,34.18925
0001-04-03 10:00:00,-0.4830054,34.18867
0001-04-03 11:00:00,-0.48420784,34.188065
0001-04-03 12:00:00,-0.48516375,34.187477
0001-04-03 13:00:00,-0.48612887,34.186924
0001-04-03 14:00:00,-0.48717242,34.186474
0001-04-03 15:00:00,-0.4879402,34.18623
0001-04-03 16:00:00,-0.4881159,34.18628
0001-04-03 17:00:00,-0.4881809,34.186398
0001-04-03 18:00:00,-0.48800096,34.186623
0001-04-03 19:00:00,-0.48774868,34.186882
0001-04-03 20:00:00,-0.48762202,34.1871
0001-04-03 21:00:00,-0.48761687,34.18728
0001-04-03 22:00:00,-0.4875811,34.187466
0001-04-03 23:00:00,-0.48754063,34.187653
0001-04-04 00:00:00,-0.4874777,34.187847
0001-04-04 01:00:00,-0.4873546,34.18805
0001-04-04 02:00:00,-0.48728186,34.188236
0001-04-04 03:00:00,-0.48737514,34.18838
0001-04-04 04:00:00,-0.4875301,34.188507
0001-04-04 05:00:00,-0.48779717,34.18861
0001-04-04 06:00:00,-0.48812887,34.188698
0001-04-04 07:00:00,-0.48851532,34.188786
0001-04-04 08:00:00,-0.4889487,34.188873
0001-04-04 09:00:00,-0.4894768,34.188953
0001-04-04 10:00:00,-0.4901051,34.189037
0001-04-04 11:00:00,-0.49075755,34.189137
0001-04-04 12:00:00,-0.49144316,34.189236
0001-04-04 13:00:00,-0.49217853,34.189323
0001-04-04 14:00:00,-0.49307242,34.189396
0001-04-04 15:00:00,-0.4940368,34.189453
0001-04-04 16:00:00,-0.4950427,34.189507
0001-04-04 17:00:00,-0.4960757,34.189552
0001-04-04 18:00:00,-0.49712953,34.189598
0001-04-04 19:00:00,-0.49820125,34.189644
0001-04-04 20:00:00,-0.49928936,34.189686
0001-04-04 21:00:00,-0.5003931,34.18973
0001-04-04 22:00:00,-0.5015117,34.189774
0001-04-04 23:00:00,-0.5026444,34.18981
0001-04-05 00:00:00,-0.5037905,34.189854
0001-04-05 01:00:00,-0.5049491,34.1899
0001-04-05 02:00:00,-0.5061193,34.18994
0001-04-05 03:00:00,-0.5073002,34.189983
0001-04-05 04:00:00,-0.5084908,34.190025
0001-04-05 05:00:00,-0.5096904,34.19007
0001-04-05 06:00:00,-0.51089805,34.190117
0001-04-05 07:00:00,-0.5121131,34.190163
0001-04-05 08:00:00,-0.5133349,34.190212
0001-04-05 09:00:00,-0.5145628,34.19026
0001-04-05 10:00:00,-0.5157964,34.190315
0001-04-05 11:00:00,-0.5170353,34.19037
0001-04-05 12:00:00,-0.518279,34.190426
0001-04-05 13:00:00,-0.51956135,34.190483
0001-04-05 14:00:00,-0.52089334,34.19054
0001-04-05 15:00:00,-0.52224636,34.19059
0001-04-05 16:00:00,-0.5236173,34.19064
0001-04-05 17:00:00,-0.52500534,34.19069
0001-04-05 18:00:00,-0.5264105,34.19073
0001-04-05 19:00:00,-0.5278335,34.190773
0001-04-05 20:00:00,-0.5292753,34.190815
0001-04-05 21:00:00,-0.5307376,34.190853
0001-04-05 22:00:00,-0.53222126,34.190887
0001-04-05 23:00:00,-0.53372586,34.19092
0001-04-06 00:00:00,-0.53525776,34.190952
0001-04-06 01:00:00,-0.53681815,34.190983
0001-04-06 02:00:00,-0.53841066,34.191013
0001-04-06 03:00:00,-0.5400413,34.19104
0001-04-06 04:00:00,-0.54170644,34.191067
0001-04-06 05:00:00,-0.5434111,34.191093
0001-04-06 06:00:00,-0.5451579,34.191116
0001-04-06 07:00:00,-0.54694813,34.191143
0001-04-06 08:00:00,-0.5487785,34.191166
0001-04-06 09:00:00,-0.5506383,34.19119
0001-04-06 10:00:00,-0.55250454,34.19121
0001-04-06 11:00:00,-0.5543339,34.191235
0001-04-06 12:00:00,-0.5560651,34.19126
0001-04-06 13:00:00,-0.55742675,34.191284
0001-04-06 14:00:00,-0.5583707,34.191303
0001-04-06 15:00:00,-0.5591371,34.191322
0001-04-06 16:00:00,-0.5598507,34.191338
0001-04-06 17:00:00,-0.5605685,34.191357
0001-04-06 18:00:00,-0.5613242,34.191372
0001-04-06 19:00:00,-0.56212443,34.19139
0001-04-06 20:00:00,-0.5629673,34.191406
0001-04-06 21:00:00,-0.56384635,34.19142
0001-04-06 22:00:00,-0.56475395,34.19144
0001-04-06 23:00:00,-0.56568617,34.191456
0001-04-07 00:00:00,-0.5666367,34.19147
0001-04-07 01:00:00,-0.56759995,34.19149
0001-04-07 02:00:00,-0.56857306,34.19151
0001-04-07 03:00:00,-0.5695478,34.191532
0001-04-07 04:00:00,-0.57052106,34.191555
0001-04-07 05:00:00,-0.5714898,34.191578
0001-04-07 06:00:00,-0.57245,34.19161
0001-04-07 07:00:00,-0.57339776,34.191643
0001-04-07 08:00:00,-0.57432896,34.191677
0001-04-07 09:00:00,-0.57524025,34.191723
0001-04-07 10:00:00,-0.576164,34.19177
0001-04-07 11:00:00,-0.5770534,34.191822
0001-04-07 12:00:00,-0.5779174,34.191875
0001-04-07 13:00:00,-0.5787395,34.19192
0001-04-07 14:00:00,-0.5796239,34.19195
0001-04-07 15:00:00,-0.58052987,34.19197
0001-04-07 16:00:00,-0.58144796,34.191975
0001-04-07 17:00:00,-0.58236045,34.191975
0001-04-07 18:00:00,-0.5832574,34.191967
0001-04-07 19:00:00,-0.5841347,34.19196
0001-04-07 20:00:00,-0.584992,34.191948
0001-04-07 21:00:00,-0.5858296,34.191936
0001-04-07 22:00:00,-0.5866481,34.191925
0001-04-07 23:00:00,-0.5874479,34.19191
0001-04-08 00:00:00,-0.5882291,34.1919
0001-04-08 01:00:00,-0.588992,34.191887
0001-04-08 02:00:00,-0.5897366,34.19188
0001-04-08 03:00:00,-0.5904626,34.19187
0001-04-08 04:00:00,-0.5911699,34.191868
0001-04-08 05:00:00,-0.59185845,34.19187
0001-04-08 06:00:00,-0.5925274,34.191875
0001-04-08 07:00:00,-0.59317696,34.19189
0001-04-08 08:00:00,-0.5938064,34.19191
0001-04-08 09:00:00,-0.59442216,34.191956
0001-04-08 10:00:00,-0.59502995,34.192017
0001-04-08 11:00:00,-0.5955958,34.1921
0001-04-08 12:00:00,-0.59614885,34.1922
0001-04-08 13:00:00,-0.5967302,34.192287
0001-04-08 14:00:00,-0.5973473,34.19236
0001-04-08 15:00:00,-0.59795487,34.19241
0001-04-08 16:00:00,-0.5986233,34.192425
0001-04-08 17:00:00,-0.5993043,34.192417
0001-04-08 18:00:00,-0.5999823,34.192394
0001-04-08 19:00:00,-0.6006511,34.192368
0001-04-08 20:00:00,-0.6013079,34.19233
0001-04-08 21:00:00,-0.6019528,34.192287
0001-04-08 22:00:00,-0.60258514,34.19224
0001-04-08 23:00:00,-0.6032053,34.19219
0001-04-09 00:00:00,-0.60381377,34.19213
0001-04-09 01:00:00,-0.6044108,34.19207
0001-04-09 02:00:00,-0.6049969,34.192005
0001-04-09 03:00:00,-0.60557234,34.191933
0001-04-09 04:00:00,-0.6061374,34.19186
0001-04-09 05:00:00,-0.6066926,34.191784
0001-04-09 06:00:00,-0.6072387,34.191704
0001-04-09 07:00:00,-0.6077772,34.19162
0001-04-09 08:00:00,-0.6083095,34.19153
0001-04-09 09:00:00,-0.608836,34.191437
0001-04-09 10:00:00,-0.609357,34.191345
0001-04-09 11:00:00,-0.6098896,34.191242
0001-04-09 12:00:00,-0.61042243,34.19114
0001-04-09 13:00:00,-0.61096823,34.191048
0001-04-09 14:00:00,-0.6115508,34.190975
0001-04-09 15:00:00,-0.6121731,34.19091
0001-04-09 16:00:00,-0.6128182,34.190853
0001-04-09 17:00:00,-0.6134857,34.190804
0001-04-09 18:00:00,-0.6141764,34.190754
0001-04-09 19:00:00,-0.61488783,34.190712
0001-04-09 20:00:00,-0.6156212,34.190674
0001-04-09 21:00:00,-0.6163738,34.190636
0001-04-09 22:00:00,-0.61714256,34.190605
0001-04-09 23:00:00,-0.6179127,34.19059
0001-04-10 00:00:00,-0.6187342,34.190575
0001-04-10 01:00:00,-0.61957353,34.190563
0001-04-10 02:00:00,-0.620443,34.190556
0001-04-10 03:00:00,-0.62133443,34.19055
0001-04-10 04:00:00,-0.62224954,34.19055
0001-04-10 05:00:00,-0.62318635,34.19057
0001-04-10 06:00:00,-0.6241452,34.190594
0001-04-10 07:00:00,-0.6251143,34.190624
0001-04-10 08:00:00,-0.62611294,34.190655
0001-04-10 09:00:00,-0.6271362,34.190685
0001-04-10 10:00:00,-0.62815464,34.190727
0001-04-10 11:00:00,-0.6292173,34.19077
0001-04-10 12:00:00,-0.6302895,34.19081
0001-04-10 13:00:00,-0.63137084,34.19085
0001-04-10 14:00:00,-0.6324488,34.19088
0001-04-10 15:00:00,-0.6335286,34.190903
0001-04-10 16:00:00,-0.63461506,34.19092
0001-04-10 17:00:00,-0.6357057,34.19094
0001-04-10 18:00:00,-0.63679874,34.190952
0001-04-10 19:00:00,-0.6378937,34.190964
0001-04-10 20:00:00,-0.63899124,34.19097
0001-04-10 21:00:00,-0.64009494,34.19098
0001-04-10 22:00:00,-0.641208,34.19098
0001-04-10 23:00:00,-0.6423317,34.190975
0001-04-11 00:00:00,-0.64346445,34.190968
0001-04-11 01:00:00,-0.64461017,34.19096
0001-04-11 02:00:00,-0.6457736,34.19095
0001-04-11 03:00:00,-0.64695674,34.190937
0001-04-11 04:00:00,-0.6481606,34.190918
0001-04-11 05:00:00,-0.64939266,34.1909
0001-04-11 06:00:00,-0.65066046,34.190876
0001-04-11 07:00:00,-0.6519739,34.190853
0001-04-11 08:00:00,-0.65334576,34.190823
0001-04-11 09:00:00,-0.65479064,34.190792
0001-04-11 10:00:00,-0.6563245,34.190758
0001-04-11 11:00:00,-0.657951,34.19072
0001-04-11 12:00:00,-0.65962595,34.190678
0001-04-11 13:00:00,-0.66094244,34.19064
0001-04-11 14:00:00,-0.6618088,34.1906
0001-04-11 15:00:00,-0.66244304,34.190563
0001-04-11 16:00:00,-0.6629175,34.190525
0001-04-11 17:00:00,-0.6632853,34.190483
0001-04-11 18:00:00,-0.66359544,34.190445
0001-04-11 19:00:00,-0.66389334,34.190403
0001-04-11 20:00:00,-0.6641968,34.19036
0001-04-11 21:00:00,-0.66450995,34.190315
0001-04-11 22:00:00,-0.6648435,34.190266
0001-04-11 23:00:00,-0.66518915,34.190216
0001-04-12 00:00:00,-0.66554266,34.190163
0001-04-12 01:00:00,-0.6658931,34.19011
0001-04-12 02:00:00,-0.66624796,34.190056
0001-04-12 03:00:00,-0.66660035,34.19
0001-04-12 04:00:00,-0.6669495,34.18994
0001-04-12 05:00:00,-0.66729355,34.189884
0001-04-12 06:00:00,-0.6676805,34.18982
0001-04-12 07:00:00,-0.66803205,34.189754
0001-04-12 08:00:00,-0.6683655,34.189693
0001-04-12 09:00:00,-0.66869026,34.18963
0001-04-12 10:00:00,-0.6690082,34.189564
0001-04-12 11:00:00,-0.66931885,34.189495
0001-04-12 12:00:00,-0.6696213,34.189426
0001-04-12 13:00:00,-0.66997135,34.189358
0001-04-12 14:00:00,-0.67038786,34.18929
0001-04-12 15:00:00,-0.6708297,34.18922
0001-04-12 16:00:00,-0.67128414,34.18915
0001-04-12 17:00:00,-0.6717477,34.189083
0001-04-12 18:00:00,-0.6722163,34.189014
0001-04-12 19:00:00,-0.67268807,34.188946
0001-04-12 20:00:00,-0.6731614,34.188873
0001-04-12 21:00:00,-0.67363495,34.188805
0001-04-12 22:00:00,-0.67410904,34.188736
0001-04-12 23:00:00,-0.67458344,34.188667
0001-04-13 00:00:00,-0.6750583,34.1886
0001-04-13 01:00:00,-0.675542,34.18853
0001-04-13 02:00:00,-0.67602277,34.188457
0001-04-13 03:00:00,-0.6765036,34.18839
0001-04-13 04:00:00,-0.676984,34.188316
0001-04-13 05:00:00,-0.6774664,34.188244
0001-04-13 06:00:00,-0.6779527,34.18817
0001-04-13 07:00:00,-0.6784432,34.1881
0001-04-13 08:00:00,-0.67893904,34.188026
0001-04-13 09:00:00,-0.6794382,34.18795
0001-04-13 10:00:00,-0.6799378,34.187874
0001-04-13 11:00:00,-0.6804382,34.187798
0001-04-13 12:00:00,-0.6809114,34.187725
0001-04-13 13:00:00,-0.6813941,34.187653
0001-04-13 14:00:00,-0.6818522,34.18758
0001-04-13 15:00:00,-0.68230325,34.187504
0001-04-13 16:00:00,-0.6827433,34.18743
0001-04-13 17:00:00,-0.683176,34.18736
0001-04-13 18:00:00,-0.68360096,34.187286
0001-04-13 19:00:00,-0.68402207,34.187218
0001-04-13 20:00:00,-0.6844364,34.187145
0001-04-13 21:00:00,-0.68484885,34.187073
0001-04-13 22:00:00,-0.68525755,34.187
0001-04-13 23:00:00,-0.6856646,34.186928
0001-04-14 00:00:00,-0.68606925,34.186855
0001-04-14 01:00:00,-0.6864714,34.186787
0001-04-14 02:00:00,-0.68687,34.186714
0001-04-14 03:00:00,-0.68726575,34.18664
0001-04-14 04:00:00,-0.68765867,34.18657
0001-04-14 05:00:00,-0.68804836,34.186497
0001-04-14 06:00:00,-0.68843454,34.186424
0001-04-14 07:00:00,-0.68881816,34.186356
0001-04-14 08:00:00,-0.68919843,34.186283
0001-04-14 09:00:00,-0.6895762,34.18621
0001-04-14 10:00:00,-0.689951,34.18614
0001-04-14 11:00:00,-0.69032335,34.18607
0001-04-14 12:00:00,-0.6906926,34.185997
0001-04-14 13:00:00,-0.6910623,34.185932
0001-04-14 14:00:00,-0.6914353,34.185875
0001-04-14 15:00:00,-0.6918089,34.18582
0001-04-14 16:00:00,-0.69217837,34.185776
0001-04-14 17:00:00,-0.6925499,34.18573
0001-04-14 18:00:00,-0.69294685,34.185688
0001-04-14 19:00:00,-0.6933382,34.185646
0001-04-14 20:00:00,-0.6937087,34.18561
0001-04-14 21:00:00,-0.6940975,34.185577
0001-04-14 22:00:00,-0.69449157,34.185547
0001-04-14 23:00:00,-0.6948838,34.185516
0001-04-15 00:00:00,-0.69527984,34.185493
0001-04-15 01:00:00,-0.69568354,34.18547
0001-04-15 02:00:00,-0.6960781,34.18545
0001-04-15 03:00:00,-0.696503,34.18543
0001-04-15 04:00:00,-0.6969387,34.18541
0001-04-15 05:00:00,-0.69736755,34.18539
0001-04-15 06:00:00,-0.69783455,34.18537
0001-04-15 07:00:00,-0.698309,34.185356
0001-04-15 08:00:00,-0.69879496,34.18534
0001-04-15 09:00:00,-0.6992924,34.18533
0001-04-15 10:00:00,-0.6997982,34.185318
0001-04-15 11:00:00,-0.70031047,34.18531
0001-04-15 12:00:00,-0.7008281,34.185307
0001-04-15 13:00:00,-0.7013914,34.185307
0001-04-15 14:00:00,-0.7020174,34.185307
0001-04-15 15:00:00,-0.70267814,34.18531
0001-04-15 16:00:00,-0.70336866,34.18531
0001-04-15 17:00:00,-0.70408523,34.185318
0001-04-15 18:00:00,-0.7048283,34.18532
0001-04-15 19:00:00,-0.70559597,34.185333
0001-04-15 20:00:00,-0.7063887,34.18534
0001-04-15 21:00:00,-0.707205,34.185352
0001-04-15 22:00:00,-0.7080455,34.185364
0001-04-15 23:00:00,-0.7089098,34.18538
0001-04-16 00:00:00,-0.70979816,34.185394
0001-04-16 01:00:00,-0.71071047,34.185413
0001-04-16 02:00:00,-0.7116472,34.185432
0001-04-16 03:00:00,-0.71260804,34.18545
0001-04-16 04:00:00,-0.713594,34.185474
0001-04-16 05:00:00,-0.71460354,34.185497
0001-04-16 06:00:00,-0.7156392,34.18552
0001-04-16 07:00:00,-0.7166972,34.185547
0001-04-16 08:00:00,-0.71778065,34.185577
0001-04-16 09:00:00,-0.7188877,34.185604
0001-04-16 10:00:00,-0.72001857,34.185635
0001-04-16 11:00:00,-0.72117263,34.18567
0001-04-16 12:00:00,-0.7223499,34.185703
0001-04-16 13:00:00,-0.72361237,34.185738
0001-04-16 14:00:00,-0.72499865,34.185764
0001-04-16 15:00:00,-0.726479,34.185783
0001-04-16 16:00:00,-0.7280673,34.185802
0001-04-16 17:00:00,-0.72978616,34.185814
0001-04-16 18:00:00,-0.7316525,34.185825
0001-04-16 19:00:00,-0.7335992,34.185837
0001-04-16 20:00:00,-0.73532295,34.18585
0001-04-16 21:00:00,-0.73641783,34.185863
0001-04-16 22:00:00,-0.73697066,34.185886
0001-04-16 23:00:00,-0.7373114,34.18591
0001-04-17 00:00:00,-0.7376529,34.185936
0001-04-17 01:00:00,-0.7380684,34.185966
0001-04-17 02:00:00,-0.73856777,34.185997
0001-04-17 03:00:00,-0.73914087,34.186035
0001-04-17 04:00:00,-0.7397711,34.186077
0001-04-17 05:00:00,-0.740422,34.186127
0001-04-17 06:00:00,-0.7410866,34.186184
0001-04-17 07:00:00,-0.7417348,34.186253
0001-04-17 08:00:00,-0.7423868,34.18633
0001-04-17 09:00:00,-0.74299204,34.186417
0001-04-17 10:00:00,-0.7436731,34.1865
0001-04-17 11:00:00,-0.74443436,34.18659
0001-04-17 12:00:00,-0.7452418,34.186676
0001-04-17 13:00:00,-0.74608654,34.18677
0001-04-17 14:00:00,-0.74695724,34.18687
0001-04-17 15:00:00,-0.7478322,34.18698
0001-04-17 16:00:00,-0.74870425,34.1871
0001-04-17 17:00:00,-0.74956924,34.187225
0001-04-17 18:00:00,-0.7504233,34.187366
0001-04-17 19:00:00,-0.75126374,34.187515
0001-04-17 20:00:00,-0.7520862,34.18768
0001-04-17 21:00:00,-0.7529335,34.18786
0001-04-17 22:00:00,-0.7537167,34.188065
0001-04-17 23:00:00,-0.7544644,34.188286
0001-04-18 00:00:00,-0.75519013,34.188515
0001-04-18 01:00:00,-0.75589216,34.188747
0001-04-18 02:00:00,-0.75666434,34.18896
0001-04-18 03:00:00,-0.75756556,34.18916
0001-04-18 04:00:00,-0.7585049,34.189358
0001-04-18 05:00:00,-0.7594593,34.189568
0001-04-18 06:00:00,-0.7604182,34.189785
0001-04-18 07:00:00,-0.7613771,34.190014
0001-04-18 08:00:00,-0.76233375,34.190258
0001-04-18 09:00:00,-0.7632863,34.190514
0001-04-18 10:00:00,-0.76422834,34.190838
0001-04-18 11:00:00,-0.76518893,34.19117
0001-04-18 12:00:00,-0.76611286,34.19152
0001-04-18 13:00:00,-0.7670778,34.191856
0001-04-18 14:00:00,-0.7681013,34.192154
0001-04-18 15:00:00,-0.7691037,34.192413
0001-04-18 16:00:00,-0.7702175,34.19262
0001-04-18 17:00:00,-0.77138585,34.19279
0001-04-18 18:00:00,-0.7725821,34.192936
0001-04-18 19:00:00,-0.7737937,34.193066
0001-04-18 20:00:00,-0.7750151,34.193184
0001-04-18 21:00:00,-0.77624935,34.193287
0001-04-18 22:00:00,-0.77749455,34.19338
0001-04-18 23:00:00,-0.77875507,34.193462
0001-04-19 00:00:00,-0.7800306,34.19354
0001-04-19 01:00:00,-0.7813233,34.193607
0001-04-19 02:00:00,-0.78263414,34.193672
0001-04-19 03:00:00,-0.7839649,34.19373
0001-04-19 04:00:00,-0.7853084,34.193783
0001-04-19 05:00:00,-0.78666073,34.193836
0001-04-19 06:00:00,-0.78801125,34.193886
0001-04-19 07:00:00,-0.7893438,34.19393
0001-04-19 08:00:00,-0.7906372,34.193977
0001-04-19 09:00:00,-0.7918701,34.194023
0001-04-19 10:00:00,-0.79302746,34.194073
0001-04-19 11:00:00,-0.7941067,34.194122
0001-04-19 12:00:00,-0.7951189,34.19417
0001-04-19 13:00:00,-0.7961596,34.19422
0001-04-19 14:00:00,-0.7972766,34.19427
0001-04-19 15:00:00,-0.7984161,34.194324
0001-04-19 16:00:00,-0.7995678,34.19437
0001-04-19 17:00:00,-0.80072534,34.19442
0001-04-19 18:00:00,-0.8018844,34.19447
0001-04-19 19:00:00,-0.8030423,34.194515
0001-04-19 20:00:00,-0.8041972,34.19456
0001-04-19 21:00:00,-0.805348,34.194607
0001-04-19 22:00:00,-0.806494,34.194653
0001-04-19 23:00:00,-0.8076347,34.1947
0001-04-20 00:00:00,-0.8087699,34.194744
0001-04-20 01:00:00,-0.8098992,34.19479
0001-04-20 02:00:00,-0.8110224,34.194836
0001-04-20 03:00:00,-0.8121392,34.194878
0001-04-20 04:00:00,-0.8132493,34.194923
0001-04-20 05:00:00,-0.81435233,34.194965
0001-04-20 06:00:00,-0.81544805,34.19501
0001-04-20 07:00:00,-0.8165359,34.195053
0001-04-20 08:00:00,-0.8176157,34.195095
0001-04-20 09:00:00,-0.8186872,34.19514
0001-04-20 10:00:00,-0.8197503,34.195183
0001-04-20 11:00:00,-0.820805,34.195225
0001-04-20 12:00:00,-0.8218514,34.19527
0001-04-20 13:00:00,-0.82291466,34.195312
0001-04-20 14:00:00,-0.82400686,34.195354
0001-04-20 15:00:00,-0.82511055,34.195396
0001-04-20 16:00:00,-0.82622206,34.19544
0001-04-20 17:00:00,-0.8273394,34.19548
0001-04-20 18:00:00,-0.82846105,34.19552
0001-04-20 19:00:00,-0.8295861,34.19556
0001-04-20 20:00:00,-0.83071387,34.195602
0001-04-20 21:00:00,-0.8318441,34.19564
0001-04-20 22:00:00,-0.8329766,34.19568
0001-04-20 23:00:00,-0.8341115,34.19572
0001-04-21 00:00:00,-0.8352488,34.19576
0001-04-21 01:00:00,-0.8363888,34.195797
0001-04-21 02:00:00,-0.8375318,34.195835
0001-04-21 03:00:00,-0.83867806,34.195877
0001-04-21 04:00:00,-0.83982825,34.195915
0001-04-21 05:00:00,-0.84098446,34.195953
0001-04-21 06:00:00,-0.84214497,34.19599
0001-04-21 07:00:00,-0.8433072,34.19603
0001-04-21 08:00:00,-0.8444727,34.196064
0001-04-21 09:00:00,-0.8456422,34.196102
0001-04-21 10:00:00,-0.8468162,34.19614
0001-04-21 11:00:00,-0.847995,34.19618
0001-04-21 12:00:00,-0.8491792,34.196213
0001-04-21 13:00:00,-0.8502849,34.19625
0001-04-21 14:00:00,-0.8512775,34.19629
0001-04-21 15:00:00,-0.8522214,34.196327
0001-04-21 16:00:00,-0.85313636,34.196365
0001-04-21 17:00:00,-0.8540327,34.196404
0001-04-21 18:00:00,-0.85491633,34.19644
0001-04-21 19:00:00,-0.85579085,34.19648
0001-04-21 20:00:00,-0.8566582,34.196518
0001-04-21 21:00:00,-0.8575195,34.196556
0001-04-21 22:00:00,-0.8583753,34.196594
0001-04-21 23:00:00,-0.8592258,34.196632
0001-04-22 00:00:00,-0.8600712,34.19667
0001-04-22 01:00:00,-0.86090827,34.19671
0001-04-22 02:00:00,-0.86173964,34.196743
0001-04-22 03:00:00,-0.8625669,34.19678
0001-04-22 04:00:00,-0.86338973,34.19682
0001-04-22 05:00:00,-0.86420804,34.196857
0001-04-22 06:00:00,-0.8650215,34.19689
0001-04-22 07:00:00,-0.8658301,34.19693
0001-04-22 08:00:00,-0.86663365,34.196964
0001-04-22 09:00:00,-0.86743206,34.197002
0001-04-22 10:00:00,-0.86822504,34.19704
0001-04-22 11:00:00,-0.8690127,34.197075
0001-04-22 12:00:00,-0.8697949,34.19711
0001-04-22 13:00:00,-0.8704697,34.197147
0001-04-22 14:00:00,-0.87102145,34.19718
0001-04-22 15:00:00,-0.8715438,34.19722
0001-04-22 16:00:00,-0.8720611,34.197258
0001-04-22 17:00:00,-0.8725752,34.197296
0001-04-22 18:00:00,-0.8731015,34.197334
0001-04-22 19:00:00,-0.87363696,34.197376
0001-04-22 20:00:00,-0.87417907,34.19742
0001-04-22 21:00:00,-0.87472475,34.197464
0001-04-22 22:00:00,-0.8752713,34.19751
0001-04-22 23:00:00,-0.87581617,34.19756
0001-04-23 00:00:00,-0.8763571,34.19761
0001-04-23 01:00:00,-0.87689215,34.197666
0001-04-23 02:00:00,-0.8774199,34.197723
0001-04-23 03:00:00,-0.8779389,34.19779
0001-04-23 04:00:00,-0.8784482,34.197857
0001-04-23 05:00:00,-0.8789466,34.19793
0001-04-23 06:00:00,-0.8794335,34.198006
0001-04-23 07:00:00,-0.8799079,34.19809
0001-04-23 08:00:00,-0.880369,34.19818
0001-04-23 09:00:00,-0.88081676,34.198277
0001-04-23 10:00:00,-0.88125026,34.19838
0001-04-23 11:00:00,-0.8816693,34.19849
0001-04-23 12:00:00,-0.88207304,34.198612
0001-04-23 13:00:00,-0.8825265,34.198734
0001-04-23 14:00:00,-0.8830556,34.198853
0001-04-23 15:00:00,-0.88361603,34.19897
0001-04-23 16:00:00,-0.88419986,34.19908
0001-04-23 17:00:00,-0.88480437,34.199192
0001-04-23 18:00:00,-0.8854286,34.199295
0001-04-23 19:00:00,-0.8860722,34.199394
0001-04-23 20:00:00,-0.8867351,34.19949
0001-04-23 21:00:00,-0.8874171,34.19958
0001-04-23 22:00:00,-0.8881181,34.19967
0001-04-23 23:00:00,-0.8888381,34.199757
0001-04-24 00:00:00,-0.8895771,34.199837
0001-04-24 01:00:00,-0.890335,34.199913
0001-04-24 02:00:00,-0.89111197,34.19999
0001-04-24 03:00:00,-0.89190793,34.20006
0001-04-24 04:00:00,-0.892723,34.20013
0001-04-24 05:00:00,-0.8935573,34.200195
0001-04-24 06:00:00,-0.894411,34.20026
0001-04-24 07:00:00,-0.89528435,34.200317
0001-04-24 08:00:00,-0.89617753,34.200375
0001-04-24 09:00:00,-0.8970909,34.20043
0001-04-24 10:00:00,-0.8980247,34.20048
0001-04-24 11:00:00,-0.8989791,34.20053
0001-04-24 12:00:00,-0.8999548,34.200577
0001-04-24 13:00:00,-0.900928,34.200623
0001-04-24 14:00:00,-0.90188754,34.200665
0001-04-24 15:00:00,-0.90284896,34.200703
0001-04-24 16:00:00,-0.90381634,34.200737
0001-04-24 17:00:00,-0.90479136,34.20077
0001-04-24 18:00:00,-0.905775,34.2008
0001-04-24 19:00:00,-0.90676767,34.200832
0001-04-24 20:00:00,-0.9077699,34.20086
0001-04-24 21:00:00,-0.9087818,34.200886
0001-04-24 22:00:00,-0.9098041,34.20091
0001-04-24 23:00:00,-0.9108368,34.20093
0001-04-25 00:00:00,-0.9118804,34.200954
0001-04-25 01:00:00,-0.91293514,34.200974
0001-04-25 02:00:00,-0.9140015,34.200993
0001-04-25 03:00:00,-0.9150797,34.201008
0001-04-25 04:00:00,-0.9161699,34.201023
0001-04-25 05:00:00,-0.9172722,34.20104
0001-04-25 06:00:00,-0.9183866,34.201054
0001-04-25 07:00:00,-0.91951275,34.20107
0001-04-25 08:00:00,-0.92065,34.20108
0001-04-25 09:00:00,-0.9217978,34.20109
0001-04-25 10:00:00,-0.9229542,34.201103
0001-04-25 11:00:00,-0.9241169,34.201115
0001-04-25 12:00:00,-0.92528284,34.201126
0001-04-25 13:00:00,-0.9264062,34.201138
0001-04-25 14:00:00,-0.92747617,34.20115
0001-04-25 15:00:00,-0.9285274,34.201164
0001-04-25 16:00:00,-0.92956793,34.20118
0001-04-25 17:00:00,-0.93059987,34.201195
0001-04-25 18:00:00,-0.9316255,34.20121
0001-04-25 19:00:00,-0.93264824,34.20123
0001-04-25 20:00:00,-0.93367064,34.20125
0001-04-25 21:00:00,-0.9346944,34.201263
0001-04-25 22:00:00,-0.9357207,34.201283
0001-04-25 23:00:00,-0.9367501,34.2013
0001-04-26 00:00:00,-0.93778324,34.201324
0001-04-26 01:00:00,-0.93882006,34.201344
0001-04-26 02:00:00,-0.93986064,34.201366
0001-04-26 03:00:00,-0.940905,34.201385
0001-04-26 04:00:00,-0.94195306,34.20141
0001-04-26 05:00:00,-0.94300485,34.20143
0001-04-26 06:00:00,-0.9440604,34.201454
0001-04-26 07:00:00,-0.94511974,34.201477
0001-04-26 08:00:00,-0.94618297,34.2015
0001-04-26 09:00:00,-0.9472502,34.201527
0001-04-26 10:00:00,-0.9483215,34.20155
0001-04-26 11:00:00,-0.94939685,34.201576
0001-04-26 12:00:00,-0.95047635,34.201603
0001-04-26 13:00:00,-0.9515881,34.201626
0001-04-26 14:00:00,-0.95271975,34.201653
0001-04-26 15:00:00,-0.9538291,34.201675
0001-04-26 16:00:00,-0.9549012,34.201702
0001-04-26 17:00:00,-0.95592695,34.201725
0001-04-26 18:00:00,-0.95690024,34.201748
0001-04-26 19:00:00,-0.95782614,34.201775
0001-04-26 20:00:00,-0.958711,34.2018
0001-04-26 21:00:00,-0.9595637,34.201828
0001-04-26 22:00:00,-0.960393,34.201855
0001-04-26 23:00:00,-0.96120745,34.20188
0001-04-27 00:00:00,-0.96201384,34.201912
0001-04-27 01:00:00,-0.96281755,34.20194
0001-04-27 02:00:00,-0.9636223,34.20197
0001-04-27 03:00:00,-0.96443075,34.202003
0001-04-27 04:00:00,-0.9652441,34.202034
0001-04-27 05:00:00,-0.96606284,34.20207
0001-04-27 06:00:00,-0.9668868,34.202103
0001-04-27 07:00:00,-0.9677155,34.20214
0001-04-27 08:00:00,-0.9685481,34.20218
0001-04-27 09:00:00,-0.9693836,34.202217
0001-04-27 10:00:00,-0.97022086,34.202263
0001-04-27 11:00:00,-0.97105867,34.20231
0001-04-27 12:00:00,-0.97189593,34.20236
0001-04-27 13:00:00,-0.97274077,34.202408
0001-04-27 14:00:00,-0.973589,34.20246
0001-04-27 15:00:00,-0.9744275,34.20251
0001-04-27 16:00:00,-0.9752548,34.202564
0001-04-27 17:00:00,-0.9760697,34.20262
0001-04-27 18:00:00,-0.9768721,34.202675
0001-04-27 19:00:00,-0.97766167,34.202732
0001-04-27 20:00:00,-0.97843826,34.20279
0001-04-27 21:00:00,-0.9792015,34.202847
0001-04-27 22:00:00,-0.97995085,34.202908
0001-04-27 23:00:00,-0.9806862,34.20297
0001-04-28 00:00:00,-0.9814074,34.20303
0001-04-28 01:00:00,-0.98211384,34.203094
0001-04-28 02:00:00,-0.98280513,34.203163
0001-04-28 03:00:00,-0.98348105,34.20323
0001-04-28 04:00:00,-0.98414177,34.203304
0001-04-28 05:00:00,-0.98478687,34.203377
0001-04-28 06:00:00,-0.9854151,34.203453
0001-04-28 07:00:00,-0.9860264,34.203533
0001-04-28 08:00:00,-0.9866207,34.203617
0001-04-28 09:00:00,-0.9871468,34.203735
0001-04-28 10:00:00,-0.98768395,34.203842
0001-04-28 11:00:00,-0.9882364,34.203934
0001-04-28 12:00:00,-0.9887817,34.204025
0001-04-28 13:00:00,-0.9893016,34.20411
0001-04-28 14:00:00,-0.9897968,34.20419
0001-04-28 15:00:00,-0.9903316,34.20427
0001-04-28 16:00:00,-0.99089426,34.20435
0001-04-28 17:00:00,-0.99147123,34.204426
0001-04-28 18:00:00,-0.9920539,34.20451
0001-04-28 19:00:00,-0.99263763,34.204597
0001-04-28 20:00:00,-0.99321973,34.20469
0001-04-28 21:00:00,-0.99379873,34.20479
0001-04-28 22:00:00,-0.9943738,34.20489
0001-04-28 23:00:00,-0.9949444,34.205006
0001-04-29 00:00:00,-0.99551,34.205124
0001-04-29 01:00:00,-0.99607074,34.20525
0001-04-29 02:00:00,-0.99662536,34.205387
0001-04-29 03:00:00,-0.99717325,34.20553
0001-04-29 04:00:00,-0.99771416,34.205685
0001-04-29 05:00:00,-0.99824744,34.20585
0001-04-29 06:00:00,-0.99877244,34.206024
0001-04-29 07:00:00,-0.999287,34.20624
0001-04-29 08:00:00,-0.99980676,34.206474
0001-04-29 09:00:00,-1.0002913,34.206734
0001-04-29 10:00:00,-1.0007719,34.207012
0001-04-29 11:00:00,-1.0012525,34.20729
0001-04-29 12:00:00,-1.0017312,34.20757
0001-04-29 13:00:00,-1.0022804,34.207798
0001-04-29 14:00:00,-1.002972,34.207954
0001-04-29 15:00:00,-1.0037091,34.20806
0001-04-29 16:00:00,-1.0044782,34.208134
0001-04-29 17:00:00,-1.0052818,34.20817
0001-04-29 18:00:00,-1.0061321,34.20819
0001-04-29 19:00:00,-1.0070552,34.208183
0001-04-29 20:00:00,-1.0080972,34.20815
0001-04-29 21:00:00,-1.0093396,34.208096
0001-04-29 22:00:00,-1.0109655,34.208004
0001-04-29 23:00:00,-1.0127468,34.207905
0001-04-30 00:00:00,-1.0132402,34.207886
0001-04-30 01:00:00,-1.0131459,34.207912
0001-04-30 02:00:00,-1.0130202,34.20795
0001-04-30 03:00:00,-1.0130655,34.208
0001-04-30 04:00:00,-1.0131758,34.20808
0001-04-30 05:00:00,-1.0134643,34.208164
0001-04-30 06:00:00,-1.0138059,34.208263
0001-04-30 07:00:00,-1.0141972,34.208374
0001-04-30 08:00:00,-1.0147053,34.208504
0001-04-30 09:00:00,-1.0152711,34.208664
0001-04-30 10:00:00,-1.0158789,34.208866
0001-04-30 11:00:00,-1.0165209,34.20912
0001-04-30 12:00:00,-1.0171918,34.20944
0001-04-30 13:00:00,-1.0179274,34.209824
0001-04-30 14:00:00,-1.0187471,34.210304
0001-04-30 15:00:00,-1.0195825,34.21077
0001-04-30 16:00:00,-1.0204154,34.211235
0001-04-30 17:00:00,-1.0212581,34.211678
0001-04-30 18:00:00,-1.0221051,34.21209
0001-04-30 19:00:00,-1.0229369,34.21248
0001-04-30 20:00:00,-1.0237665,34.212803
0001-04-30 21:00:00,-1.0246651,34.213085
0001-04-30 22:00:00,-1.0255843,34.213352
0001-04-30 23:00:00,-1.0265145,34.213608
0001-05-01 00:00:00,-1.027451,34.213863
0001-05-01 01:00:00,-1.0283922,34.214115
0001-05-01 02:00:00,-1.0293374,34.214363
0001-05-01 03:00:00,-1.0302868,34.214607
0001-05-01 04:00:00,-1.03124,34.21485
0001-05-01 05:00:00,-1.032197,34.215096
0001-05-01 06:00:00,-1.0331577,34.215332
0001-05-01 07:00:00,-1.0341221,34.21557
0001-05-01 08:00:00,-1.0350902,34.215805
0001-05-01 09:00:00,-1.036062,34.216038
0001-05-01 10:00:00,-1.0370374,34.21627
0001-05-01 11:00:00,-1.0380164,34.2165
0001-05-01 12:00:00,-1.0389998,34.216724
0001-05-01 13:00:00,-1.0399841,34.21694
0001-05-01 14:00:00,-1.040958,34.21714
0001-05-01 15:00:00,-1.0419137,34.21732
0001-05-01 16:00:00,-1.042853,34.217476
0001-05-01 17:00:00,-1.0437778,34.217617
0001-05-01 18:00:00,-1.0446892,34.217743
0001-05-01 19:00:00,-1.0455899,34.21785
0001-05-01 20:00:00,-1.0464823,34.217945
0001-05-01 21:00:00,-1.0473692,34.21803
0001-05-01 22:00:00,-1.0482537,34.2181
0001-05-01 23:00:00,-1.0491383,34.218163
0001-05-02 00:00:00,-1.0500271,34.218216
0001-05-02 01:00:00,-1.0509247,34.21826
0001-05-02 02:00:00,-1.0518365,34.2183
0001-05-02 03:00:00,-1.0527699,34.21833
0001-05-02 04:00:00,-1.0537341,34.218357
0001-05-02 05:00:00,-1.0547413,34.21838
0001-05-02 06:00:00,-1.0558084,34.2184
0001-05-02 07:00:00,-1.0569555,34.218414
0001-05-02 08:00:00,-1.058195,34.21843
0001-05-02 09:00:00,-1.0594771,34.21844
0001-05-02 10:00:00,-1.0605855,34.218452
0001-05-02 11:00:00,-1.0612465,34.218468
0001-05-02 12:00:00,-1.0615233,34.218487
0001-05-02 13:00:00,-1.0618589,34.218502
0001-05-02 14:00:00,-1.0623997,34.21852
0001-05-02 15:00:00,-1.0629865,34.218536
0001-05-02 16:00:00,-1.0635765,34.21855
0001-05-02 17:00:00,-1.0641469,34.218567
0001-05-02 18:00:00,-1.0646867,34.21858
0001-05-02 19:00:00,-1.0651922,34.218594
0001-05-02 20:00:00,-1.0656655,34.21861
0001-05-02 21:00:00,-1.0661113,34.21862
0001-05-02 22:00:00,-1.0665354,34.218636
0001-05-02 23:00:00,-1.0669425,34.21865
0001-05-03 00:00:00,-1.0673366,34.218666
0001-05-03 01:00:00,-1.0677203,34.21868
0001-05-03 02:00:00,-1.0680953,34.218697
0001-05-03 03:00:00,-1.0684634,34.218716
0001-05-03 04:00:00,-1.0688252,34.218735
0001-05-03 05:00:00,-1.069181,34.218754
0001-05-03 06:00:00,-1.0695314,34.218777
0001-05-03 07:00:00,-1.0698764,34.2188
0001-05-03 08:00:00,-1.0702163,34.218822
0001-05-03 09:00:00,-1.070551,34.218845
0001-05-03 10:00:00,-1.0708809,34.218872
0001-05-03 11:00:00,-1.0712062,34.2189
0001-05-03 12:00:00,-1.0715257,34.21893
0001-05-03 13:00:00,-1.0718535,34.21894
0001-05-03 14:00:00,-1.0721899,34.218933
0001-05-03 15:00:00,-1.0725237,34.218914
0001-05-03 16:00:00,-1.0728486,34.218887
0001-05-03 17:00:00,-1.0731628,34.21885
0001-05-03 18:00:00,-1.0734652,34.218803
0001-05-03 19:00:00,-1.0737559,34.21875
0001-05-03 20:00:00,-1.0740392,34.21869
0001-05-03 21:00:00,-1.0743171,34.21862
0001-05-03 22:00:00,-1.074573,34.218544
0001-05-03 23:00:00,-1.0748136,34.21846
0001-05-04 00:00:00,-1.0750539,34.21837
0001-05-04 01:00:00,-1.0752673,34.21827
0001-05-04 02:00:00,-1.075466,34.218166
0001-05-04 03:00:00,-1.0756507,34.218056
0001-05-04 04:00:00,-1.0758201,34.217937
0001-05-04 05:00:00,-1.075976,34.217815
0001-05-04 06:00:00,-1.0761184,34.21768
0001-05-04 07:00:00,-1.0762476,34.217545
0001-05-04 08:00:00,-1.0763628,34.2174
0001-05-04 09:00:00,-1.076465,34.21725
0001-05-04 10:00:00,-1.0765536,34.21709
0001-05-04 11:00:00,-1.0766281,34.216927
0001-05-04 12:00:00,-1.076689,34.21675
0001-05-04 13:00:00,-1.076807,34.21659
0001-05-04 14:00:00,-1.077019,34.21645
0001-05-04 15:00:00,-1.0772789,34.21632
0001-05-04 16:00:00,-1.0775752,34.216198
0001-05-04 17:00:00,-1.0779058,34.216084
0001-05-04 18:00:00,-1.0782689,34.215973
0001-05-04 19:00:00,-1.078664,34.21587
0001-05-04 20:00:00,-1.079091,34.215775
0001-05-04 21:00:00,-1.079564,34.21568
0001-05-04 22:00:00,-1.0800774,34.215588
0001-05-04 23:00:00,-1.0806259,34.215504
0001-05-05 00:00:00,-1.0812316,34.215424
0001-05-05 01:00:00,-1.0818838,34.21535
0001-05-05 02:00:00,-1.0825878,34.215286
0001-05-05 03:00:00,-1.083341,34.21523
0001-05-05 04:00:00,-1.0841898,34.21518
0001-05-05 05:00:00,-1.0850652,34.21514
0001-05-05 06:00:00,-1.0860393,34.215115
0001-05-05 07:00:00,-1.0870454,34.215103
0001-05-05 08:00:00,-1.088012,34.21511
0001-05-05 09:00:00,-1.0889916,34.215137
0001-05-05 10:00:00,-1.0899082,34.215187
0001-05-05 11:00:00,-1.0906948,34.215252
0001-05-05 12:00:00,-1.0913688,34.215332
0001-05-05 13:00:00,-1.0920453,34.215405
0001-05-05 14:00:00,-1.0928482,34.215454
0001-05-05 15:00:00,-1.0937248,34.215496
0001-05-05 16:00:00,-1.0947293,34.215534
0001-05-05 17:00:00,-1.0957791,34.21557
0001-05-05 18:00:00,-1.0969979,34.2156
0001-05-05 19:00:00,-1.0983698,34.215626
0001-05-05 20:00:00,-1.0999007,34.215652
0001-05-05 21:00:00,-1.1014985,34.215675
0001-05-05 22:00:00,-1.1028522,34.2157
0001-05-05 23:00:00,-1.1036264,34.215714
0001-05-06 00:00:00,-1.1038728,34.215733
0001-05-06 01:00:00,-1.103868,34.215748
0001-05-06 02:00:00,-1.1038148,34.215763
0001-05-06 03:00:00,-1.1038015,34.215782
0001-05-06 04:00:00,-1.1038548,34.2158
0001-05-06 05:00:00,-1.1039674,34.215824
0001-05-06 06:00:00,-1.1041434,34.215843
0001-05-06 07:00:00,-1.1044081,34.215866
0001-05-06 08:00:00,-1.1047602,34.215885
0001-05-06 09:00:00,-1.105189,34.215904
0001-05-06 10:00:00,-1.1056808,34.215923
0001-05-06 11:00:00,-1.1062224,34.215946
0001-05-06 12:00:00,-1.1068022,34.215965
0001-05-06 13:00:00,-1.1075222,34.21599
0001-05-06 14:00:00,-1.1083995,34.21601
0001-05-06 15:00:00,-1.1093297,34.216034
0001-05-06 16:00:00,-1.1102765,34.216053
0001-05-06 17:00:00,-1.1112132,34.216076
0001-05-06 18:00:00,-1.112119,34.216095
0001-05-06 19:00:00,-1.1129776,34.216114
0001-05-06 20:00:00,-1.1137807,34.216133
0001-05-06 21:00:00,-1.1145277,34.216152
0001-05-06 22:00:00,-1.1152245,34.21617
0001-05-06 23:00:00,-1.1158805,34.216194
0001-05-07 00:00:00,-1.1165059,34.216217
0001-05-07 01:00:00,-1.1171097,34.21624
0001-05-07 02:00:00,-1.1177006,34.216267
0001-05-07 03:00:00,-1.1182878,34.216297
0001-05-07 04:00:00,-1.118871,34.216324
0001-05-07 05:00:00,-1.1194729,34.216354
0001-05-07 06:00:00,-1.1201106,34.216385
0001-05-07 07:00:00,-1.12078,34.216415
0001-05-07 08:00:00,-1.1214755,34.21645
0001-05-07 09:00:00,-1.1221917,34.216484
0001-05-07 10:00:00,-1.122924,34.21652
0001-05-07 11:00:00,-1.1236691,34.216557
0001-05-07 12:00:00,-1.1244245,34.2166
0001-05-07 13:00:00,-1.1252381,34.216644
0001-05-07 14:00:00,-1.1261184,34.216686
0001-05-07 15:00:00,-1.1270198,34.216732
0001-05-07 16:00:00,-1.1279334,34.216774
0001-05-07 17:00:00,-1.1288555,34.216816
0001-05-07 18:00:00,-1.129784,34.216854
0001-05-07 19:00:00,-1.130718,34.216896
0001-05-07 20:00:00,-1.1316571,34.216934
0001-05-07 21:00:00,-1.132601,34.21697
0001-05-07 22:00:00,-1.1335498,34.217007
0001-05-07 23:00:00,-1.1345034,34.21704
0001-05-08 00:00:00,-1.1354618,34.217075
0001-05-08 01:00:00,-1.136425,34.21711
0001-05-08 02:00:00,-1.1373931,34.21714
0001-05-08 03:00:00,-1.138366,34.217175
0001-05-08 04:00:00,-1.1393439,34.217205
0001-05-08 05:00:00,-1.1403265,34.217236
0001-05-08 06:00:00,-1.1413139,34.217266
0001-05-08 07:00:00,-1.1423062,34.217293
0001-05-08 08:00:00,-1.1433033,34.217323
0001-05-08 09:00:00,-1.1443051,34.21735
0001-05-08 10:00:00,-1.1453117,34.217377
0001-05-08 11:00:00,-1.1463231,34.2174
0001-05-08 12:00:00,-1.1473392,34.217426
0001-05-08 13:00:00,-1.148404,34.217453
0001-05-08 14:00:00,-1.1495386,34.217476
0001-05-08 15:00:00,-1.1507148,34.217495
0001-05-08 16:00:00,-1.1519309,34.217518
0001-05-08 17:00:00,-1.1531893,34.217537
0001-05-08 18:00:00,-1.1544932,34.217552
0001-05-08 19:00:00,-1.1558467,34.21757
0001-05-08 20:00:00,-1.1572527,34.217587
0001-05-08 21:00:00,-1.1587008,34.2176
0001-05-08 22:00:00,-1.1601709,34.217617
0001-05-08 23:00:00,-1.1616143,34.21763
0001-05-09 00:00:00,-1.1629475,34.217644
0001-05-09 01:00:00,-1.164077,34.21766
0001-05-09 02:00:00,-1.1649529,34.217674
0001-05-09 03:00:00,-1.1656071,34.217693
0001-05-09 04:00:00,-1.1661155,34.21771
0001-05-09 05:00:00,-1.1665516,34.217728
0001-05-09 06:00:00,-1.1669677,34.21775
0001-05-09 07:00:00,-1.1673954,34.21777
0001-05-09 08:00:00,-1.1678474,34.21779
0001-05-09 09:00:00,-1.1683357,34.21781
0001-05-09 10:00:00,-1.1688613,34.217834
0001-05-09 11:00:00,-1.1694223,34.21786
0001-05-09 12:00:00,-1.1700157,34.217884
0001-05-09 13:00:00,-1.1707414,34.217907
0001-05-09 14:00:00,-1.1716115,34.217926
0001-05-09 15:00:00,-1.1725292,34.217945
0001-05-09 16:00:00,-1.1734711,34.217957
0001-05-09 17:00:00,-1.1744256,34.21797
0001-05-09 18:00:00,-1.1753875,34.21798
0001-05-09 19:00:00,-1.176354,34.217987
0001-05-09 20:00:00,-1.1773239,34.21799
0001-05-09 21:00:00,-1.1782968,34.217995
0001-05-09 22:00:00,-1.1792731,34.217995
0001-05-09 23:00:00,-1.1802534,34.217995
0001-05-10 00:00:00,-1.1812396,34.21799
0001-05-10 01:00:00,-1.1822305,34.217983
0001-05-10 02:00:00,-1.1832261,34.217976
0001-05-10 03:00:00,-1.1842291,34.217964
0001-05-10 04:00:00,-1.185234,34.217953
0001-05-10 05:00:00,-1.1862408,34.217937
0001-05-10 06:00:00,-1.1872469,34.21792
0001-05-10 07:00:00,-1.1882479,34.2179
0001-05-10 08:00:00,-1.1892376,34.21788
0001-05-10 09:00:00,-1.190211,34.217857
0001-05-10 10:00:00,-1.1911511,34.21783
0001-05-10 11:00:00,-1.1920474,34.217808
0001-05-10 12:00:00,-1.192888,34.21778
0001-05-10 13:00:00,-1.1937387,34.21776
0001-05-10 14:00:00,-1.1946466,34.217743
0001-05-10 15:00:00,-1.1955568,34.21773
0001-05-10 16:00:00,-1.1964566,34.217724
0001-05-10 17:00:00,-1.1973382,34.21772
0001-05-10 18:00:00,-1.1981953,34.21772
0001-05-10 19:00:00,-1.1990231,34.21772
0001-05-10 20:00:00,-1.1998196,34.217724
0001-05-10 21:00:00,-1.2005856,34.21773
0001-05-10 22:00:00,-1.2013246,34.21774
0001-05-10 23:00:00,-1.2020416,34.217747
0001-05-11 00:00:00,-1.2027422,34.21776
0001-05-11 01:00:00,-1.2034321,34.217773
0001-05-11 02:00:00,-1.2041163,34.217785
0001-05-11 03:00:00,-1.2047995,34.2178
0001-05-11 04:00:00,-1.2054847,34.21782
0001-05-11 05:00:00,-1.2061746,34.21784
0001-05-11 06:00:00,-1.2068707,34.217857
0001-05-11 07:00:00,-1.2075737,34.21788
0001-05-11 08:00:00,-1.2082844,34.217903
0001-05-11 09:00:00,-1.209003,34.217926
0001-05-11 10:00:00,-1.2097305,34.217953
0001-05-11 11:00:00,-1.2104665,34.217983
0001-05-11 12:00:00,-1.2112098,34.21801
0001-05-11 13:00:00,-1.211919,34.218033
0001-05-11 14:00:00,-1.2125745,34.218044
0001-05-11 15:00:00,-1.2132083,34.21805
0001-05-11 16:00:00,-1.2138289,34.218044
0001-05-11 17:00:00,-1.214438,34.21804
0001-05-11 18:00:00,-1.215036,34.218033
0001-05-11 19:00:00,-1.2156223,34.21802
0001-05-11 20:00:00,-1.2161963,34.218006
0001-05-11 21:00:00,-1.2167579,34.21799
0001-05-11 22:00:00,-1.2173084,34.217968
0001-05-11 23:00:00,-1.2178493,34.217945
0001-05-12 00:00:00,-1.2183784,34.21792
0001-05-12 01:00:00,-1.2188874,34.21789
0001-05-12 02:00:00,-1.2193713,34.21786
0001-05-12 03:00:00,-1.2198375,34.21783
0001-05-12 04:00:00,-1.2202779,34.217796
0001-05-12 05:00:00,-1.2207012,34.217762
0001-05-12 06:00:00,-1.2211025,34.217728
0001-05-12 07:00:00,-1.221486,34.217693
0001-05-12 08:00:00,-1.22185,34.217655
0001-05-12 09:00:00,-1.2221962,34.217613
0001-05-12 10:00:00,-1.2225243,34.21757
0001-05-12 11:00:00,-1.2228345,34.21753
0001-05-12 12:00:00,-1.2231272,34.217484
0001-05-12 13:00:00,-1.2234789,34.217434
0001-05-12 14:00:00,-1.2238822,34.21738
0001-05-12 15:00:00,-1.2242804,34.217323
0001-05-12 16:00:00,-1.2246785,34.21727
0001-05-12 17:00:00,-1.225076,34.21721
0001-05-12 18:00:00,-1.225469,34.217148
0001-05-12 19:00:00,-1.2258575,34.21708
0001-05-12 20:00:00,-1.2262392,34.217014
0001-05-12 21:00:00,-1.2266139,34.21694
0001-05-12 22:00:00,-1.2269952,34.216866
0001-05-12 23:00:00,-1.2273831,34.216785
0001-05-13 00:00:00,-1.2277726,34.216698
0001-05-13 01:00:00,-1.2281278,34.216614
0001-05-13 02:00:00,-1.2285016,34.21652
0001-05-13 03:00:00,-1.2288888,34.216415
0001-05-13 04:00:00,-1.2292871,34.216305
0001-05-13 05:00:00,-1.2296944,34.216187
0001-05-13 06:00:00,-1.2301137,34.216057
0001-05-13 07:00:00,-1.2305534,34.215916
0001-05-13 08:00:00,-1.231004,34.215763
0001-05-13 09:00:00,-1.231479,34.21559
0001-05-13 10:00:00,-1.2319747,34.21541
0001-05-13 11:00:00,-1.2324834,34.21521
0001-05-13 12:00:00,-1.2330006,34.214996
0001-05-13 13:00:00,-1.2335685,34.214798
0001-05-13 14:00:00,-1.2342074,34.214645
0001-05-13 15:00:00,-1.2349297,34.214504
0001-05-13 16:00:00,-1.2356756,34.214386
0001-05-13 17:00:00,-1.2364684,34.214275
0001-05-13 18:00:00,-1.2372898,34.21418
0001-05-13 19:00:00,-1.2381423,34.214092
0001-05-13 20:00:00,-1.2390047,34.21402
0001-05-13 21:00:00,-1.2398235,34.213966
0001-05-13 22:00:00,-1.2407005,34.213917
0001-05-13 23:00:00,-1.2415901,34.213875
0001-05-14 00:00:00,-1.2424972,34.21384
0001-05-14 01:00:00,-1.2433267,34.213825
0001-05-14 02:00:00,-1.2442086,34.21381
0001-05-14 03:00:00,-1.245113,34.213802
0001-05-14 04:00:00,-1.2460185,34.213802
0001-05-14 05:00:00,-1.2468759,34.21381
0001-05-14 06:00:00,-1.2477523,34.213825
0001-05-14 07:00:00,-1.2486339,34.21385
0001-05-14 08:00:00,-1.2494997,34.213875
0001-05-14 09:00:00,-1.250241,34.21392
0001-05-14 10:00:00,-1.2510539,34.21397
0001-05-14 11:00:00,-1.2518357,34.214024
0001-05-14 12:00:00,-1.2525996,34.21408
0001-05-14 13:00:00,-1.2533424,34.214134
0001-05-14 14:00:00,-1.254084,34.214184
0001-05-14 15:00:00,-1.2548046,34.21423
0001-05-14 16:00:00,-1.2554334,34.21428
0001-05-14 17:00:00,-1.2560929,34.214325
0001-05-14 18:00:00,-1.2567527,34.21437
0001-05-14 19:00:00,-1.2573774,34.21442
0001-05-14 20:00:00,-1.2579249,34.21447
0001-05-14 21:00:00,-1.2585291,34.21452
0001-05-14 22:00:00,-1.2590729,34.21457
0001-05-14 23:00:00,-1.2595773,34.214622
0001-05-15 00:00:00,-1.2600979,34.214676
0001-05-15 01:00:00,-1.260639,34.214725
0001-05-15 02:00:00,-1.2611893,34.214775
0001-05-15 03:00:00,-1.2617646,34.214825
0001-05-15 04:00:00,-1.2623702,34.21487
0001-05-15 05:00:00,-1.2630087,34.214924
0001-05-15 06:00:00,-1.2636626,34.214973
0001-05-15 07:00:00,-1.2643241,34.215027
0001-05-15 08:00:00,-1.264999,34.21508
0001-05-15 09:00:00,-1.2656887,34.21513
0001-05-15 10:00:00,-1.2664219,34.21518
0001-05-15 11:00:00,-1.2672118,34.21523
0001-05-15 12:00:00,-1.2680563,34.215275
0001-05-15 13:00:00,-1.2689257,34.21532
0001-05-15 14:00:00,-1.2697958,34.215363
0001-05-15 15:00:00,-1.2706612,34.2154
0001-05-15 16:00:00,-1.271519,34.215443
0001-05-15 17:00:00,-1.2723686,34.215485
0001-05-15 18:00:00,-1.2732087,34.215527
0001-05-15 19:00:00,-1.2740389,34.21557
0001-05-15 20:00:00,-1.2748585,34.215607
0001-05-15 21:00:00,-1.2756665,34.21565
0001-05-15 22:00:00,-1.2764627,34.21569
0001-05-15 23:00:00,-1.2772467,34.215733
0001-05-16 00:00:00,-1.2780179,34.215775
0001-05-16 01:00:00,-1.2787753,34.215816
0001-05-16 02:00:00,-1.2795184,34.21586
0001-05-16 03:00:00,-1.2802467,34.2159
0001-05-16 04:00:00,-1.2809603,34.215946
0001-05-16 05:00:00,-1.2816617,34.21599
0001-05-16 06:00:00,-1.2823541,34.21603
0001-05-16 07:00:00,-1.2830447,34.216072
0001-05-16 08:00:00,-1.2837362,34.21611
0001-05-16 09:00:00,-1.2844318,34.216145
0001-05-16 10:00:00,-1.2851336,34.21618
0001-05-16 11:00:00,-1.2858397,34.21621
0001-05-16 12:00:00,-1.2865522,34.216236
0001-05-16 13:00:00,-1.287244,34.216263
0001-05-16 14:00:00,-1.2879053,34.21628
0001-05-16 15:00:00,-1.2885493,34.2163
0001-05-16 16:00:00,-1.2891773,34.216316
0001-05-16 17:00:00,-1.2897891,34.216328
0001-05-16 18:00:00,-1.2903839,34.21634
0001-05-16 19:00:00,-1.2909615,34.21635
0001-05-16 20:00:00,-1.2915212,34.21636
0001-05-16 21:00:00,-1.2920629,34.216366
0001-05-16 22:00:00,-1.2925864,34.21637
0001-05-16 23:00:00,-1.2930919,34.216373
0001-05-17 00:00:00,-1.293579,34.216373
0001-05-17 01:00:00,-1.2940478,34.216373
0001-05-17 02:00:00,-1.2944987,34.216373
0001-05-17 03:00:00,-1.2949319,34.21637
0001-05-17 04:00:00,-1.2953447,34.216362
0001-05-17 05:00:00,-1.2957401,34.216354
0001-05-17 06:00:00,-1.2961144,34.216347
0001-05-17 07:00:00,-1.2964697,34.21634
0001-05-17 08:00:00,-1.2968044,34.216328
0001-05-17 09:00:00,-1.2971194,34.216316
0001-05-17 10:00:00,-1.2974137,34.216305
0001-05-17 11:00:00,-1.2976891,34.21629
0001-05-17 12:00:00,-1.2979431,34.216274
0001-05-17 13:00:00,-1.2982562,34.216263
0001-05-17 14:00:00,-1.2986604,34.216255
0001-05-17 15:00:00,-1.2991099,34.216255
0001-05-17 16:00:00,-1.2995859,34.21625
0001-05-17 17:00:00,-1.3000879,34.21625
0001-05-17 18:00:00,-1.3006084,34.216255
0001-05-17 19:00:00,-1.30115,34.216255
0001-05-17 20:00:00,-1.3017093,34.216263
0001-05-17 21:00:00,-1.302287,34.216267
0001-05-17 22:00:00,-1.3028822,34.216274
0001-05-17 23:00:00,-1.3034946,34.21628
0001-05-18 00:00:00,-1.3041228,34.21629
0001-05-18 01:00:00,-1.3047668,34.2163
0001-05-18 02:00:00,-1.3054266,34.216312
0001-05-18 03:00:00,-1.3061024,34.216328
0001-05-18 04:00:00,-1.3067943,34.21634
0001-05-18 05:00:00,-1.3075027,34.21636
0001-05-18 06:00:00,-1.3082279,34.216373
0001-05-18 07:00:00,-1.3089702,34.216393
0001-05-18 08:00:00,-1.3097298,34.21641
0001-05-18 09:00:00,-1.310507,34.216434
0001-05-18 10:00:00,-1.3113025,34.216457
0001-05-18 11:00:00,-1.3121148,34.21648
0001-05-18 12:00:00,-1.3129439,34.216503
0001-05-18 13:00:00,-1.3137565,34.21653
0001-05-18 14:00:00,-1.3145367,34.21655
0001-05-18 15:00:00,-1.3153069,34.216568
0001-05-18 16:00:00,-1.316073,34.216587
0001-05-18 17:00:00,-1.3168389,34.216602
0001-05-18 18:00:00,-1.317606,34.21662
0001-05-18 19:00:00,-1.3183746,34.21664
0001-05-18 20:00:00,-1.3191438,34.21666
0001-05-18 21:00:00,-1.3199165,34.216675
0001-05-18 22:00:00,-1.320695,34.216694
0001-05-18 23:00:00,-1.3214793,34.216713
0001-05-19 00:00:00,-1.3222678,34.216732
0001-05-19 01:00:00,-1.3230611,34.216747
0001-05-19 02:00:00,-1.3238586,34.216766
0001-05-19 03:00:00,-1.3246597,34.216785
0001-05-19 04:00:00,-1.3254647,34.2168
0001-05-19 05:00:00,-1.3262738,34.21682
0001-05-19 06:00:00,-1.327087,34.21684
0001-05-19 07:00:00,-1.3279046,34.216854
0001-05-19 08:00:00,-1.3287263,34.216873
0001-05-19 09:00:00,-1.3295523,34.21689
0001-05-19 10:00:00,-1.3303826,34.216908
0001-05-19 11:00:00,-1.3312172,34.216927
0001-05-19 12:00:00,-1.332056,34.21694
0001-05-19 13:00:00,-1.3328753,34.21696
0001-05-19 14:00:00,-1.3336645,34.216976
0001-05-19 15:00:00,-1.3344418,34.216995
0001-05-19 16:00:00,-1.3352121,34.21701
0001-05-19 17:00:00,-1.3359785,34.217026
0001-05-19 18:00:00,-1.3367425,34.217045
0001-05-19 19:00:00,-1.3375053,34.21706
0001-05-19 20:00:00,-1.3382674,34.217075
0001-05-19 21:00:00,-1.3390294,34.217094
0001-05-19 22:00:00,-1.3397913,34.21711
0001-05-19 23:00:00,-1.3405532,34.217125
0001-05-20 00:00:00,-1.341315,34.217144
0001-05-20 01:00:00,-1.342077,34.21716
0001-05-20 02:00:00,-1.3428389,34.217175
0001-05-20 03:00:00,-1.3436009,34.21719
0001-05-20 04:00:00,-1.3443629,34.217205
0001-05-20 05:00:00,-1.3451248,34.21722
0001-05-20 06:00:00,-1.3458871,34.21724
0001-05-20 07:00:00,-1.3466495,34.217255
0001-05-20 08:00:00,-1.3474122,34.21727
0001-05-20 09:00:00,-1.3481753,34.217285
0001-05-20 10:00:00,-1.3489388,34.2173
0001-05-20 11:00:00,-1.3497026,34.217316
0001-05-20 12:00:00,-1.3504667,34.21733
0001-05-20 13:00:00,-1.3512057,34.217346
0001-05-20 14:00:00,-1.3519086,34.217358
0001-05-20 15:00:00,-1.3525934,34.21737
0001-05-20 16:00:00,-1.3532647,34.21738
0001-05-20 17:00:00,-1.3539252,34.217392
0001-05-20 18:00:00,-1.3545771,34.217403
0001-05-20 19:00:00,-1.3552217,34.217415
0001-05-20 20:00:00,-1.355861,34.217426
0001-05-20 21:00:00,-1.3564956,34.217434
0001-05-20 22:00:00,-1.3571265,34.217445
0001-05-20 23:00:00,-1.3577526,34.217453
0001-05-21 00:00:00,-1.3583721,34.21746
0001-05-21 01:00:00,-1.3589883,34.217472
0001-05-21 02:00:00,-1.3596021,34.21748
0001-05-21 03:00:00,-1.3602127,34.217487
0001-05-21 04:00:00,-1.3608204,34.21749
0001-05-21 05:00:00,-1.361425,34.2175
0001-05-21 06:00:00,-1.3620267,34.217506
0001-05-21 07:00:00,-1.3626266,34.217514
0001-05-21 08:00:00,-1.363226,34.217518
0001-05-21 09:00:00,-1.3638252,34.21752
0001-05-21 10:00:00,-1.3644226,34.217525
0001-05-21 11:00:00,-1.3650165,34.21753
0001-05-21 12:00:00,-1.3656061,34.217533
0001-05-21 13:00:00,-1.3661845,34.217533
0001-05-21 14:00:00,-1.3667467,34.21753
0001-05-21 15:00:00,-1.3672945,34.217525
0001-05-21 16:00:00,-1.367829,34.217518
0001-05-21 17:00:00,-1.3683501,34.217506
0001-05-21 18:00:00,-1.368858,34.217495
0001-05-21 19:00:00,-1.3693525,34.217484
0001-05-21 20:00:00,-1.3698332,34.21747
0001-05-21 21:00:00,-1.3702973,34.217457
0001-05-21 22:00:00,-1.3707452,34.217438
0001-05-21 23:00:00,-1.3711783,34.217422
0001-05-22 00:00:00,-1.371595,34.217403
0001-05-22 01:00:00,-1.3719989,34.217384
0001-05-22 02:00:00,-1.372403,34.217365
0001-05-22 03:00:00,-1.3727897,34.217342
0001-05-22 04:00:00,-1.3731558,34.21732
0001-05-22 05:00:00,-1.3735065,34.217293
0001-05-22 06:00:00,-1.3738433,34.21727
0001-05-22 07:00:00,-1.3741658,34.217243
0001-05-22 08:00:00,-1.3744744,34.217216
0001-05-22 09:00:00,-1.3747693,34.217186
0001-05-22 10:00:00,-1.3750508,34.217155
0001-05-22 11:00:00,-1.3753185,34.217125
0001-05-22 12:00:00,-1.3755734,34.217094
0001-05-22 13:00:00,-1.3758659,34.21706
0001-05-22 14:00:00,-1.3762201,34.217022
0001-05-22 15:00:00,-1.3765993,34.21698
0001-05-22 16:00:00,-1.3769947,34.216938
0001-05-22 17:00:00,-1.3774052,34.21689
0001-05-22 18:00:00,-1.3778256,34.21684
0001-05-22 19:00:00,-1.3782579,34.21679
0001-05-22 20:00:00,-1.3787097,34.216732
0001-05-22 21:00:00,-1.3791766,34.216675
0001-05-22 22:00:00,-1.3796594,34.21661
0001-05-22 23:00:00,-1.3801523,34.21654
0001-05-23 00:00:00,-1.3806524,34.216473
0001-05-23 01:00:00,-1.3811295,34.216404
0001-05-23 02:00:00,-1.3816403,34.21633
0001-05-23 03:00:00,-1.3821695,34.21625
0001-05-23 04:00:00,-1.3827102,34.216167
0001-05-23 05:00:00,-1.3832624,34.216084
0001-05-23 06:00:00,-1.3838248,34.215992
0001-05-23 07:00:00,-1.3843937,34.2159
0001-05-23 08:00:00,-1.3849705,34.215805
0001-05-23 09:00:00,-1.3855454,34.215706
0001-05-23 10:00:00,-1.3861204,34.215607
0001-05-23 11:00:00,-1.3866926,34.215508
0001-05-23 12:00:00,-1.3872552,34.21541
0001-05-23 13:00:00,-1.3877779,34.215313
0001-05-23 14:00:00,-1.3882567,34.215233
0001-05-23 15:00:00,-1.3887198,34.215153
0001-05-23 16:00:00,-1.3891605,34.215076
0001-05-23 17:00:00,-1.3896083,34.215
0001-05-23 18:00:00,-1.3900192,34.21493
0001-05-23 19:00:00,-1.3903995,34.21487
0001-05-23 20:00:00,-1.3907461,34.21481
0001-05-23 21:00:00,-1.391135,34.214745
0001-05-23 22:00:00,-1.3914486,34.214695
0001-05-23 23:00:00,-1.3917513,34.214645
0001-05-24 00:00:00,-1.392068,34.214592
0001-05-24 01:00:00,-1.3923475,34.214546
0001-05-24 02:00:00,-1.3926201,34.2145
0001-05-24 03:00:00,-1.3928846,34.21446
0001-05-24 04:00:00,-1.3931607,34.214413
0001-05-24 05:00:00,-1.3934216,34.21437
0001-05-24 06:00:00,-1.3936639,34.214333
0001-05-24 07:00:00,-1.3939104,34.214294
0001-05-24 08:00:00,-1.3941493,34.21426
0001-05-24 09:00:00,-1.3943775,34.214226
0001-05-24 10:00:00,-1.3946105,34.21419
0001-05-24 11:00:00,-1.3948362,34.21416
0001-05-24 12:00:00,-1.3950509,34.21413
0001-05-24 13:00:00,-1.3952682,34.2141
0001-05-24 14:00:00,-1.3955222,34.21406
0001-05-24 15:00:00,-1.3957918,34.214024
0001-05-24 16:00:00,-1.3960726,34.21398
0001-05-24 17:00:00,-1.3963634,34.21394
0001-05-24 18:00:00,-1.3966612,34.213894
0001-05-24 19:00:00,-1.3969646,34.21385
0001-05-24 20:00:00,-1.3972719,34.2138
0001-05-24 21:00:00,-1.3975818,34.213753
0001-05-24 22:00:00,-1.3978938,34.213703
0001-05-24 23:00:00,-1.3982067,34.213654
0001-05-25 00:00:00,-1.3985204,34.213604
0001-05-25 01:00:00,-1.3988343,34.213554
0001-05-25 02:00:00,-1.3991486,34.213505
0001-05-25 03:00:00,-1.3994625,34.21345
0001-05-25 04:00:00,-1.3997759,34.2134
0001-05-25 05:00:00,-1.4000888,34.213352
0001-05-25 06:00:00,-1.400401,34.2133
0001-05-25 07:00:00,-1.4007123,34.213245
0001-05-25 08:00:00,-1.4010226,34.213196
0001-05-25 09:00:00,-1.4013317,34.213142
0001-05-25 10:00:00,-1.4016398,34.21309
0001-05-25 11:00:00,-1.4019468,34.21304
0001-05-25 12:00:00,-1.4022523,34.212986
0001-05-25 13:00:00,-1.4025888,34.212925
0001-05-25 14:00:00,-1.4029758,34.212852
0001-05-25 15:00:00,-1.4033939,34.212772
0001-05-25 16:00:00,-1.4038419,34.21269
0001-05-25 17:00:00,-1.40431,34.212593
0001-05-25 18:00:00,-1.4048327,34.212486
0001-05-25 19:00:00,-1.4054306,34.212364
0001-05-25 20:00:00,-1.4061221,34.21222
0001-05-25 21:00:00,-1.4069514,34.212044
0001-05-25 22:00:00,-1.4079996,34.21182
0001-05-25 23:00:00,-1.4095361,34.211487
0001-05-26 00:00:00,-1.4120339,34.21095
0001-05-26 01:00:00,-1.4151077,34.210278
0001-05-26 02:00:00,-1.4161295,34.210045
0001-05-26 03:00:00,-1.4149947,34.210278
0001-05-26 04:00:00,-1.4139857,34.21048
0001-05-26 05:00:00,-1.413301,34.210617
0001-05-26 06:00:00,-1.412906,34.210686
0001-05-26 07:00:00,-1.412703,34.210716
0001-05-26 08:00:00,-1.4126191,34.21072
0001-05-26 09:00:00,-1.4125904,34.210712
0001-05-26 10:00:00,-1.4126041,34.210693
0001-05-26 11:00:00,-1.412634,34.210674
0001-05-26 12:00:00,-1.4126474,34.21066
0001-05-26 13:00:00,-1.4127756,34.210632
0001-05-26 14:00:00,-1.4129987,34.21061
0001-05-26 15:00:00,-1.4132867,34.210587
0001-05-26 16:00:00,-1.4136488,34.21056
0001-05-26 17:00:00,-1.4140722,34.210533
0001-05-26 18:00:00,-1.4145252,34.210506
0001-05-26 19:00:00,-1.4150211,34.210484
0001-05-26 20:00:00,-1.4155492,34.210457
0001-05-26 21:00:00,-1.4161162,34.210434
0001-05-26 22:00:00,-1.4167154,34.210415
0001-05-26 23:00:00,-1.417341,34.210396
0001-05-27 00:00:00,-1.4179885,34.21038
0001-05-27 01:00:00,-1.4186575,34.210365
0001-05-27 02:00:00,-1.4193517,34.210354
0001-05-27 03:00:00,-1.4200647,34.210346
0001-05-27 04:00:00,-1.4208119,34.210342
0001-05-27 05:00:00,-1.421534,34.210342
0001-05-27 06:00:00,-1.4222947,34.210346
0001-05-27 07:00:00,-1.4230822,34.210354
0001-05-27 08:00:00,-1.4238865,34.21036
0001-05-27 09:00:00,-1.4246986,34.210373
0001-05-27 10:00:00,-1.4255261,34.210384
0001-05-27 11:00:00,-1.426297,34.210407
0001-05-27 12:00:00,-1.4271451,34.210426
0001-05-27 13:00:00,-1.428006,34.21044
0001-05-27 14:00:00,-1.4288785,34.210453
0001-05-27 15:00:00,-1.4297658,34.21046
0001-05-27 16:00:00,-1.4306709,34.210464
0001-05-27 17:00:00,-1.4315937,34.21047
0001-05-27 18:00:00,-1.4325371,34.210472
0001-05-27 19:00:00,-1.4335067,34.210472
0001-05-27 20:00:00,-1.434505,34.210476
0001-05-27 21:00:00,-1.4355356,34.210476
0001-05-27 22:00:00,-1.4366032,34.210476
0001-05-27 23:00:00,-1.4377145,34.21048
0001-05-28 00:00:00,-1.4388789,34.21048
0001-05-28 01:00:00,-1.4401083,34.210476
0001-05-28 02:00:00,-1.4414189,34.210476
0001-05-28 03:00:00,-1.4428313,34.210476
0001-05-28 04:00:00,-1.4443598,34.210476
0001-05-28 05:00:00,-1.446008,34.210472
0001-05-28 06:00:00,-1.447725,34.210472
0001-05-28 07:00:00,-1.4493119,34.210472
0001-05-28 08:00:00,-1.4504313,34.21048
0001-05-28 09:00:00,-1.4509363,34.21049
0001-05-28 10:00:00,-1.4509852,34.21051
0001-05-28 11:00:00,-1.4508309,34.21053
0001-05-28 12:00:00,-1.4506416,34.210552
0001-05-28 13:00:00,-1.4505167,34.210575
0001-05-28 14:00:00,-1.4504822,34.21059
0001-05-28 15:00:00,-1.4505434,34.21061
0001-05-28 16:00:00,-1.4507028,34.21062
0001-05-28 17:00:00,-1.450954,34.210636
0001-05-28 18:00:00,-1.4512842,34.21065
0001-05-28 19:00:00,-1.4516796,34.210667
0001-05-28 20:00:00,-1.4521269,34.210682
0001-05-28 21:00:00,-1.4526144,34.210697
0001-05-28 22:00:00,-1.4531324,34.210712
0001-05-28 23:00:00,-1.4536724,34.21073
0001-05-29 00:00:00,-1.4542274,34.21075
0001-05-29 01:00:00,-1.4547908,34.210773
0001-05-29 02:00:00,-1.4553558,34.2108
0001-05-29 03:00:00,-1.4559163,34.210827
0001-05-29 04:00:00,-1.4564662,34.210857
0001-05-29 05:00:00,-1.4570003,34.210896
0001-05-29 06:00:00,-1.4575195,34.210934
0001-05-29 07:00:00,-1.4580277,34.210976
0001-05-29 08:00:00,-1.4585377,34.21102
0001-05-29 09:00:00,-1.4590539,34.211063
0001-05-29 10:00:00,-1.4596,34.211105
0001-05-29 11:00:00,-1.4601827,34.211143
0001-05-29 12:00:00,-1.4608048,34.21118
0001-05-29 13:00:00,-1.4614881,34.211224
0001-05-29 14:00:00,-1.4622287,34.21126
0001-05-29 15:00:00,-1.4629939,34.211304
0001-05-29 16:00:00,-1.4637733,34.21135
0001-05-29 17:00:00,-1.4645623,34.21139
0001-05-29 18:00:00,-1.4653581,34.211437
0001-05-29 19:00:00,-1.4661597,34.211483
0001-05-29 20:00:00,-1.4669656,34.211533
0001-05-29 21:00:00,-1.4677751,34.211582
0001-05-29 22:00:00,-1.4685876,34.21163
0001-05-29 23:00:00,-1.4694028,34.211685
0001-05-30 00:00:00,-1.4702195,34.21174
0001-05-30 01:00:00,-1.4710362,34.211796
0001-05-30 02:00:00,-1.4718516,34.211853
0001-05-30 03:00:00,-1.4726641,34.211914
0001-05-30 04:00:00,-1.4734732,34.21198
0001-05-30 05:00:00,-1.4742774,34.212044
0001-05-30 06:00:00,-1.4750752,34.212116
0001-05-30 07:00:00,-1.4758652,34.21219
0001-05-30 08:00:00,-1.4766457,34.21226
0001-05-30 09:00:00,-1.4774153,34.21234
0001-05-30 10:00:00,-1.4781716,34.212425
0001-05-30 11:00:00,-1.4789051,34.212513
0001-05-30 12:00:00,-1.479638,34.2126
0001-05-30 13:00:00,-1.4804046,34.21268
0001-05-30 14:00:00,-1.4811548,34.212753
0001-05-30 15:00:00,-1.4819214,34.21282
0001-05-30 16:00:00,-1.4827219,34.21288
0001-05-30 17:00:00,-1.4835569,34.212936
0001-05-30 18:00:00,-1.4844096,34.21299
0001-05-30 19:00:00,-1.4852692,34.21304
0001-05-30 20:00:00,-1.4861293,34.213085
0001-05-30 21:00:00,-1.4869864,34.213135
0001-05-30 22:00:00,-1.4878386,34.213177
0001-05-30 23:00:00,-1.488685,34.213223
0001-05-31 00:00:00,-1.489525,34.213264
0001-05-31 01:00:00,-1.4903581,34.213306
0001-05-31 02:00:00,-1.4911844,34.213345
0001-05-31 03:00:00,-1.4920033,34.213387
0001-05-31 04:00:00,-1.4928153,34.213425
0001-05-31 05:00:00,-1.4936199,34.21346
0001-05-31 06:00:00,-1.4944173,34.213497
0001-05-31 07:00:00,-1.4952073,34.21353
0001-05-31 08:00:00,-1.4959902,34.213566
0001-05-31 09:00:00,-1.4967655,34.213596
0001-05-31 10:00:00,-1.4975334,34.213627
0001-05-31 11:00:00,-1.4982939,34.21366
0001-05-31 12:00:00,-1.4990468,34.213688
0001-05-31 13:00:00,-1.4998131,34.21372
0001-05-31 14:00:00,-1.5006042,34.21375
0001-05-31 15:00:00,-1.5014074,34.213776
0001-05-31 16:00:00,-1.502218,34.213806
0001-05-31 17:00:00,-1.5030342,34.213833
0001-05-31 18:00:00,-1.5038552,34.213863
0001-05-31 19:00:00,-1.5046803,34.21389
0001-05-31 20:00:00,-1.5055087,34.213917
0001-05-31 21:00:00,-1.5063407,34.213947
0001-05-31 22:00:00,-1.5071762,34.213974
0001-05-31 23:00:00,-1.5080148,34.214
0001-06-01 00:00:00,-1.5088565,34.214027
0001-06-01 01:00:00,-1.5097013,34.214054
0001-06-01 02:00:00,-1.5105487,34.214085
0001-06-01 03:00:00,-1.5113989,34.21411
0001-06-01 04:00:00,-1.5122515,34.214138
0001-06-01 05:00:00,-1.5131063,34.214165
0001-06-01 06:00:00,-1.5139635,34.21419
0001-06-01 07:00:00,-1.5148224,34.21422
0001-06-01 08:00:00,-1.515683,34.21425
0001-06-01 09:00:00,-1.5165454,34.214275
0001-06-01 10:00:00,-1.5174092,34.214302
0001-06-01 11:00:00,-1.5182743,34.21433
0001-06-01 12:00:00,-1.5191407,34.214355
0001-06-01 13:00:00,-1.5200348,34.214382
0001-06-01 14:00:00,-1.5209644,34.214405
0001-06-01 15:00:00,-1.5219079,34.214428
0001-06-01 16:00:00,-1.5228635,34.214447
0001-06-01 17:00:00,-1.5238303,34.214462
0001-06-01 18:00:00,-1.5248071,34.214478
0001-06-01 19:00:00,-1.5257912,34.214493
0001-06-01 20:00:00,-1.5267757,34.214504
0001-06-01 21:00:00,-1.5277541,34.21451
0001-06-01 22:00:00,-1.528719,34.214523
0001-06-01 23:00:00,-1.5296592,34.21453
0001-06-02 00:00:00,-1.5305597,34.21454
0001-06-02 01:00:00,-1.5314037,34.214542
0001-06-02 02:00:00,-1.5321754,34.21455
0001-06-02 03:00:00,-1.5328641,34.214554
0001-06-02 04:00:00,-1.5334669,34.21456
0001-06-02 05:00:00,-1.5339909,34.214565
0001-06-02 06:00:00,-1.5344504,34.214573
0001-06-02 07:00:00,-1.5348636,34.214577
0001-06-02 08:00:00,-1.5352458,34.214584
0001-06-02 09:00:00,-1.5356079,34.21459
0001-06-02 10:00:00,-1.5359579,34.214596
0001-06-02 11:00:00,-1.5362976,34.2146
0001-06-02 12:00:00,-1.536633,34.214607
0001-06-02 13:00:00,-1.5371331,34.214607
0001-06-02 14:00:00,-1.5377773,34.21461
0001-06-02 15:00:00,-1.5383503,34.21461
0001-06-02 16:00:00,-1.5387905,34.214615
0001-06-02 17:00:00,-1.5391113,34.214622
0001-06-02 18:00:00,-1.5393566,34.214634
0001-06-02 19:00:00,-1.5395669,34.21465
0001-06-02 20:00:00,-1.5397574,34.214672
0001-06-02 21:00:00,-1.5399573,34.214703
0001-06-02 22:00:00,-1.5401723,34.214737
0001-06-02 23:00:00,-1.5403914,34.214783
0001-06-03 00:00:00,-1.5405979,34.214836
0001-06-03 01:00:00,-1.5407742,34.214905
0001-06-03 02:00:00,-1.5409044,34.214985
0001-06-03 03:00:00,-1.5409738,34.215084
0001-06-03 04:00:00,-1.5409688,34.215202
0001-06-03 05:00:00,-1.5408717,34.215343
0001-06-03 06:00:00,-1.540656,34.21551
0001-06-03 07:00:00,-1.540364,34.215706
0001-06-03 08:00:00,-1.539906,34.215935
0001-06-03 09:00:00,-1.5393493,34.21619
0001-06-03 10:00:00,-1.5388433,34.216434
0001-06-03 11:00:00,-1.5384564,34.216675
0001-06-03 12:00:00,-1.5381469,34.216915
0001-06-03 13:00:00,-1.5378715,34.21716
0001-06-03 14:00:00,-1.5376517,34.217392
0001-06-03 15:00:00,-1.5374671,34.217613
0001-06-03 16:00:00,-1.5372536,34.217842
0001-06-03 17:00:00,-1.5370389,34.21807
0001-06-03 18:00:00,-1.536745,34.218323
0001-06-03 19:00:00,-1.5363679,34.218594
0001-06-03 20:00:00,-1.5360216,34.218857
0001-06-03 21:00:00,-1.535858,34.219063
0001-06-03 22:00:00,-1.5357411,34.21925
0001-06-03 23:00:00,-1.5356731,34.219425
0001-06-04 00:00:00,-1.5356195,34.219593
0001-06-04 01:00:00,-1.5356505,34.21973
0001-06-04 02:00:00,-1.5357631,34.21984
0001-06-04 03:00:00,-1.53593,34.21993
0001-06-04 04:00:00,-1.5361829,34.219997
0001-06-04 05:00:00,-1.5364721,34.220055
0001-06-04 06:00:00,-1.5367824,34.220104
0001-06-04 07:00:00,-1.537106,34.220142
0001-06-04 08:00:00,-1.5374395,34.22018
0001-06-04 09:00:00,-1.5378193,34.220203
0001-06-04 10:00:00,-1.5381509,34.220226
0001-06-04 11:00:00,-1.5384902,34.22025
0001-06-04 12:00:00,-1.5388492,34.22026
0001-06-04 13:00:00,-1.5392197,34.22027
0001-06-04 14:00:00,-1.5396025,34.22027
0001-06-04 15:00:00,-1.5399942,34.220264
0001-06-04 16:00:00,-1.5403962,34.220253
0001-06-04 17:00:00,-1.54081,34.220238
0001-06-04 18:00:00,-1.5412346,34.220215
0001-06-04 19:00:00,-1.5416726,34.220184
0001-06-04 20:00:00,-1.5421337,34.22015
0001-06-04 21:00:00,-1.5426205,34.220108
0001-06-04 22:00:00,-1.5430998,34.220062
0001-06-04 23:00:00,-1.5435828,34.220013
0001-06-05 00:00:00,-1.5440799,34.21996
0001-06-05 01:00:00,-1.5445915,34.2199
0001-06-05 02:00:00,-1.5451444,34.219826
0001-06-05 03:00:00,-1.5457263,34.21975
0001-06-05 04:00:00,-1.5463463,34.219658
0001-06-05 05:00:00,-1.5470176,34.219555
0001-06-05 06:00:00,-1.5478158,34.21943
0001-06-05 07:00:00,-1.5487716,34.219273
0001-06-05 08:00:00,-1.5500044,34.219067
0001-06-05 09:00:00,-1.5518956,34.21875
0001-06-05 10:00:00,-1.555592,34.21812
0001-06-05 11:00:00,-1.5626985,34.21688
0001-06-05 12:00:00,-1.5624492,34.216896
0001-06-05 13:00:00,-1.5617865,34.216995
0001-06-05 14:00:00,-1.5605222,34.21722
0001-06-05 15:00:00,-1.5591518,34.217472
0001-06-05 16:00:00,-1.5584766,34.217613
0001-06-05 17:00:00,-1.558261,34.21768
0001-06-05 18:00:00,-1.5583823,34.2177
0001-06-05 19:00:00,-1.558642,34.217697
0001-06-05 20:00:00,-1.5589749,34.21768
0001-06-05 21:00:00,-1.5593537,34.217667
0001-06-05 22:00:00,-1.5596851,34.217655
0001-06-05 23:00:00,-1.5600682,34.21764
0001-06-06 00:00:00,-1.5604315,34.21763
0001-06-06 01:00:00,-1.5607431,34.21763
0001-06-06 02:00:00,-1.561,34.217636
0001-06-06 03:00:00,-1.5611659,34.21766
0001-06-06 04:00:00,-1.5611883,34.217705
0001-06-06 05:00:00,-1.5612864,34.21774
0001-06-06 06:00:00,-1.5613911,34.217777
0001-06-06 07:00:00,-1.5615078,34.21781
0001-06-06 08:00:00,-1.5616465,34.217842
0001-06-06 09:00:00,-1.5618253,34.21787
0001-06-06 10:00:00,-1.5620362,34.217896
0001-06-06 11:00:00,-1.562243,34.21792
0001-06-06 12:00:00,-1.562467,34.217945
0001-06-06 13:00:00,-1.5627398,34.21796
0001-06-06 14:00:00,-1.5630369,34.217964
0001-06-06 15:00:00,-1.5634017,34.21796
0001-06-06 16:00:00,-1.5638304,34.217945
0001-06-06 17:00:00,-1.5642805,34.217922
0001-06-06 18:00:00,-1.5647489,34.217896
0001-06-06 19:00:00,-1.5652308,34.217865
0001-06-06 20:00:00,-1.5657319,34.217827
0001-06-06 21:00:00,-1.5662484,34.217785
0001-06-06 22:00:00,-1.5667806,34.21774
0001-06-06 23:00:00,-1.5673395,34.217686
0001-06-07 00:00:00,-1.567896,34.21763
0001-06-07 01:00:00,-1.5684994,34.217564
0001-06-07 02:00:00,-1.5690931,34.217495
0001-06-07 03:00:00,-1.5697515,34.21742
0001-06-07 04:00:00,-1.5704598,34.21733
0001-06-07 05:00:00,-1.5712271,34.21723
0001-06-07 06:00:00,-1.5720803,34.217117
0001-06-07 07:00:00,-1.5730397,34.216984
0001-06-07 08:00:00,-1.5741636,34.216827
0001-06-07 09:00:00,-1.5755309,34.216633
0001-06-07 10:00:00,-1.5773321,34.216373
0001-06-07 11:00:00,-1.580072,34.215973
0001-06-07 12:00:00,-1.58408,34.215378
0001-06-07 13:00:00,-1.589873,34.214497
0001-06-07 14:00:00,-1.596125,34.21352
0001-06-07 15:00:00,-1.6020687,34.212563
0001-06-07 16:00:00,-1.6070391,34.211735
0001-06-07 17:00:00,-1.610466,34.211132
0001-06-07 18:00:00,-1.611868,34.21084
0001-06-07 19:00:00,-1.611366,34.21086
0001-06-07 20:00:00,-1.61308,34.210514
0001-06-07 21:00:00,-1.6145242,34.210194
0001-06-07 22:00:00,-1.6150995,34.210014
0001-06-07 23:00:00,-1.6151322,34.20992
0001-06-08 00:00:00,-1.6147138,34.209908
0001-06-08 01:00:00,-1.6148386,34.20981
0001-06-08 02:00:00,-1.6156292,34.209583
0001-06-08 03:00:00,-1.6164746,34.209347
0001-06-08 04:00:00,-1.6171004,34.20914
0001-06-08 05:00:00,-1.6172491,34.20902
0001-06-08 06:00:00,-1.616988,34.20897
0001-06-08 07:00:00,-1.6167324,34.20893
0001-06-08 08:00:00,-1.6162975,34.208916
0001-06-08 09:00:00,-1.6161069,34.20885
0001-06-08 10:00:00,-1.616024,34.208767
0001-06-08 11:00:00,-1.6159773,34.208675
0001-06-08 12:00:00,-1.6159582,34.208584
0001-06-08 13:00:00,-1.6160687,34.208477
0001-06-08 14:00:00,-1.6165326,34.208305
0001-06-08 15:00:00,-1.6170455,34.208134
0001-06-08 16:00:00,-1.6177927,34.207916
0001-06-08 17:00:00,-1.6185446,34.207703
0001-06-08 18:00:00,-1.6191795,34.207516
0001-06-08 19:00:00,-1.6197816,34.207336
0001-06-08 20:00:00,-1.6203535,34.207172
0001-06-08 21:00:00,-1.620928,34.207005
0001-06-08 22:00:00,-1.6215091,34.206844
0001-06-08 23:00:00,-1.6221217,34.20668
0001-06-09 00:00:00,-1.6227664,34.20651
0001-06-09 01:00:00,-1.6234366,34.206337
0001-06-09 02:00:00,-1.6241293,34.20616
0001-06-09 03:00:00,-1.6248386,34.205986
0001-06-09 04:00:00,-1.62556,34.20581
0001-06-09 05:00:00,-1.626288,34.20563
0001-06-09 06:00:00,-1.6270213,34.205456
0001-06-09 07:00:00,-1.6277605,34.20528
0001-06-09 08:00:00,-1.6285043,34.205105
0001-06-09 09:00:00,-1.6292452,34.204933
0001-06-09 10:00:00,-1.6299849,34.20476
0001-06-09 11:00:00,-1.630723,34.204594
0001-06-09 12:00:00,-1.6314583,34.204426
0001-06-09 13:00:00,-1.6321605,34.20426
0001-06-09 14:00:00,-1.6328204,34.204098
0001-06-09 15:00:00,-1.6334532,34.203938
0001-06-09 16:00:00,-1.634054,34.203777
0001-06-09 17:00:00,-1.6346304,34.203625
0001-06-09 18:00:00,-1.6351329,34.203484
0001-06-09 19:00:00,-1.6356897,34.203323
0001-06-09 20:00:00,-1.6362386,34.203163
0001-06-09 21:00:00,-1.6367695,34.203007
0001-06-09 22:00:00,-1.6372769,34.202847
0001-06-09 23:00:00,-1.6377591,34.202694
0001-06-10 00:00:00,-1.6382153,34.20254
0001-06-10 01:00:00,-1.6386453,34.20239
0001-06-10 02:00:00,-1.6390493,34.202244
0001-06-10 03:00:00,-1.6394266,34.2021
0001-06-10 04:00:00,-1.6397765,34.201958
0001-06-10 05:00:00,-1.6400985,34.20182
0001-06-10 06:00:00,-1.6403929,34.201683
0001-06-10 07:00:00,-1.640659,34.201553
0001-06-10 08:00:00,-1.6408961,34.201424
0001-06-10 09:00:00,-1.6411154,34.201298
0001-06-10 10:00:00,-1.641247,34.201187
0001-06-10 11:00:00,-1.6412997,34.20109
0001-06-10 12:00:00,-1.641303,34.201008
0001-06-10 13:00:00,-1.6413417,34.200935
0001-06-10 14:00:00,-1.6414628,34.200874
0001-06-10 15:00:00,-1.641643,34.20082
0001-06-10 16:00:00,-1.6418666,34.20078
0001-06-10 17:00:00,-1.64214,34.200745
0001-06-10 18:00:00,-1.642471,34.20071
0001-06-10 19:00:00,-1.6428633,34.20068
0001-06-10 20:00:00,-1.6433246,34.200645
0001-06-10 21:00:00,-1.6438432,34.20061
0001-06-10 22:00:00,-1.6444101,34.200573
0001-06-10 23:00:00,-1.6451051,34.200527
0001-06-11 00:00:00,-1.6458609,34.200478
0001-06-11 01:00:00,-1.6466621,34.20043
0001-06-11 02:00:00,-1.6475048,34.200394
0001-06-11 03:00:00,-1.6483854,34.20036
0001-06-11 04:00:00,-1.6493025,34.200333
0001-06-11 05:00:00,-1.6502552,34.20031
0001-06-11 06:00:00,-1.6512425,34.200294
0001-06-11 07:00:00,-1.6522635,34.200287
0001-06-11 08:00:00,-1.6533173,34.200283
0001-06-11 09:00:00,-1.6544026,34.200283
0001-06-11 10:00:00,-1.6555192,34.20029
0001-06-11 11:00:00,-1.656666,34.200306
0001-06-11 12:00:00,-1.6578413,34.20033
0001-06-11 13:00:00,-1.6589543,34.20035
0001-06-11 14:00:00,-1.6599524,34.200382
0001-06-11 15:00:00,-1.6608787,34.20042
0001-06-11 16:00:00,-1.6617324,34.20047
0001-06-11 17:00:00,-1.6625036,34.200527
0001-06-11 18:00:00,-1.6632255,34.200596
0001-06-11 19:00:00,-1.663756,34.200687
0001-06-11 20:00:00,-1.6641219,34.200794
0001-06-11 21:00:00,-1.6643769,34.20091
0001-06-11 22:00:00,-1.6647059,34.201008
0001-06-11 23:00:00,-1.6652131,34.20109
0001-06-12 00:00:00,-1.6657444,34.201176
0001-06-12 01:00:00,-1.6662458,34.201263
0001-06-12 02:00:00,-1.6666932,34.20136
0001-06-12 03:00:00,-1.667072,34.201466
0001-06-12 04:00:00,-1.6671852,34.20161
0001-06-12 05:00:00,-1.6673776,34.201748
0001-06-12 06:00:00,-1.6673816,34.201904
0001-06-12 07:00:00,-1.6672525,34.20207
0001-06-12 08:00:00,-1.6671402,34.20222
0001-06-12 09:00:00,-1.667225,34.202347
0001-06-12 10:00:00,-1.6673936,34.20247
0001-06-12 11:00:00,-1.6675463,34.202587
0001-06-12 12:00:00,-1.667665,34.20272
0001-06-12 13:00:00,-1.6676761,34.20287
0001-06-12 14:00:00,-1.6677244,34.203022
0001-06-12 15:00:00,-1.6678214,34.203167
0001-06-12 16:00:00,-1.6680161,34.203304
0001-06-12 17:00:00,-1.6682934,34.203423
0001-06-12 18:00:00,-1.668679,34.203526
0001-06-12 19:00:00,-1.6692394,34.203606
0001-06-12 20:00:00,-1.6699685,34.20367
0001-06-12 21:00:00,-1.6707911,34.203728
0001-06-12 22:00:00,-1.6716784,34.20378
0001-06-12 23:00:00,-1.6726186,34.203835
0001-06-13 00:00:00,-1.6736048,34.20388
0001-06-13 01:00:00,-1.6746335,34.203926
0001-06-13 02:00:00,-1.6757027,34.20397
0001-06-13 03:00:00,-1.6768116,34.204018
0001-06-13 04:00:00,-1.67796,34.20406
0001-06-13 05:00:00,-1.6791483,34.2041
0001-06-13 06:00:00,-1.6803769,34.204144
0001-06-13 07:00:00,-1.681646,34.204185
0001-06-13 08:00:00,-1.6829555,34.204224
0001-06-13 09:00:00,-1.684304,34.204266
0001-06-13 10:00:00,-1.6856899,34.204304
0001-06-13 11:00:00,-1.6871107,34.20434
0001-06-13 12:00:00,-1.688562,34.20438
0001-06-13 13:00:00,-1.690017,34.20442
0001-06-13 14:00:00,-1.6914673,34.204456
0001-06-13 15:00:00,-1.6929315,34.204487
0001-06-13 16:00:00,-1.6944166,34.204517
0001-06-13 17:00:00,-1.6959268,34.204548
0001-06-13 18:00:00,-1.6974666,34.20458
0001-06-13 19:00:00,-1.6990402,34.204605
0001-06-13 20:00:00,-1.7006516,34.20463
0001-06-13 21:00:00,-1.7023073,34.20466
0001-06-13 22:00:00,-1.704014,34.204685
0001-06-13 23:00:00,-1.7057799,34.20471
0001-06-14 00:00:00,-1.7076157,34.204735
0001-06-14 01:00:00,-1.709533,34.204758
0001-06-14 02:00:00,-1.7115425,34.204784
0001-06-14 03:00:00,-1.7136421,34.20481
0001-06-14 04:00:00,-1.7158501,34.204838
0001-06-14 05:00:00,-1.7180617,34.20487
0001-06-14 06:00:00,-1.7198801,34.204895
0001-06-14 07:00:00,-1.7208949,34.204926
0001-06-14 08:00:00,-1.7213054,34.204956
0001-06-14 09:00:00,-1.7214632,34.20499
0001-06-14 10:00:00,-1.7215769,34.205025
0001-06-14 11:00:00,-1.7217407,34.20506
0001-06-14 12:00:00,-1.7219889,34.205093
0001-06-14 13:00:00,-1.722509,34.205128
0001-06-14 14:00:00,-1.7232779,34.20516
0001-06-14 15:00:00,-1.7241085,34.20519
0001-06-14 16:00:00,-1.72494,34.205215
0001-06-14 17:00:00,-1.7257493,34.205246
0001-06-14 18:00:00,-1.7265323,34.205276
0001-06-14 19:00:00,-1.7272935,34.205307
0001-06-14 20:00:00,-1.728039,34.205334
0001-06-14 21:00:00,-1.7287744,34.205364
0001-06-14 22:00:00,-1.729497,34.2054
0001-06-14 23:00:00,-1.7302135,34.20543
0001-06-15 00:00:00,-1.7309208,34.205463
0001-06-15 01:00:00,-1.731614,34.205498
0001-06-15 02:00:00,-1.732286,34.205536
0001-06-15 03:00:00,-1.732927,34.205574
0001-06-15 04:00:00,-1.7335218,34.205616
0001-06-15 05:00:00,-1.7340565,34.205666
0001-06-15 06:00:00,-1.734514,34.205715
0001-06-15 07:00:00,-1.7348948,34.20577
0001-06-15 08:00:00,-1.7352165,34.205826
0001-06-15 09:00:00,-1.735499,34.205883
0001-06-15 10:00:00,-1.7358204,34.20594
0001-06-15 11:00:00,-1.7362297,34.205994
0001-06-15 12:00:00,-1.7366891,34.206047
0001-06-15 13:00:00,-1.7372314,34.206093
0001-06-15 14:00:00,-1.7378622,34.20614
0001-06-15 15:00:00,-1.7385226,34.20618
0001-06-15 16:00:00,-1.7391939,34.206223
0001-06-15 17:00:00,-1.7398686,34.20626
0001-06-15 18:00:00,-1.7405424,34.206295
0001-06-15 19:00:00,-1.7412134,34.20633
0001-06-15 20:00:00,-1.7418791,34.206364
0001-06-15 21:00:00,-1.742539,34.20639
0001-06-15 22:00:00,-1.7431936,34.20642
0001-06-15 23:00:00,-1.7438419,34.206444
0001-06-16 00:00:00,-1.7444822,34.20647
0001-06-16 01:00:00,-1.7451092,34.20649
0001-06-16 02:00:00,-1.7457174,34.206512
0001-06-16 03:00:00,-1.7463092,34.20653
0001-06-16 04:00:00,-1.746883,34.206547
0001-06-16 05:00:00,-1.747431,34.206562
0001-06-16 06:00:00,-1.747979,34.206577
0001-06-16 07:00:00,-1.748533,34.20659
0001-06-16 08:00:00,-1.7491001,34.206593
0001-06-16 09:00:00,-1.7496797,34.2066
0001-06-16 10:00:00,-1.7502611,34.2066
0001-06-16 11:00:00,-1.7508441,34.2066
0001-06-16 12:00:00,-1.7514346,34.206596
0001-06-16 13:00:00,-1.752023,34.206596
0001-06-16 14:00:00,-1.7525971,34.2066
0001-06-16 15:00:00,-1.7531525,34.206604
0001-06-16 16:00:00,-1.7536864,34.206608
0001-06-16 17:00:00,-1.7541974,34.206615
0001-06-16 18:00:00,-1.7546848,34.206627
0001-06-16 19:00:00,-1.7551484,34.206635
0001-06-16 20:00:00,-1.7555875,34.206646
0001-06-16 21:00:00,-1.7560011,34.20666
0001-06-16 22:00:00,-1.756389,34.206676
0001-06-16 23:00:00,-1.7567462,34.20669
0001-06-17 00:00:00,-1.7570775,34.20671
0001-06-17 01:00:00,-1.7573677,34.206734
0001-06-17 02:00:00,-1.7576295,34.206757
0001-06-17 03:00:00,-1.7578388,34.206783
0001-06-17 04:00:00,-1.7580123,34.206814
0001-06-17 05:00:00,-1.7581185,34.20685
0001-06-17 06:00:00,-1.758176,34.206886
0001-06-17 07:00:00,-1.7581502,34.20693
0001-06-17 08:00:00,-1.7580599,34.206974
0001-06-17 09:00:00,-1.7578869,34.207027
0001-06-17 10:00:00,-1.7576611,34.20708
0001-06-17 11:00:00,-1.7574084,34.207138
0001-06-17 12:00:00,-1.7571894,34.20719
0001-06-17 13:00:00,-1.7571118,34.20724
0001-06-17 14:00:00,-1.7572092,34.20728
0001-06-17 15:00:00,-1.7574147,34.207314
0001-06-17 16:00:00,-1.7576967,34.20734
0001-06-17 17:00:00,-1.7580433,34.207367
0001-06-17 18:00:00,-1.7584479,34.20739
0001-06-17 19:00:00,-1.7589048,34.207405
0001-06-17 20:00:00,-1.7594105,34.20742
0001-06-17 21:00:00,-1.7599628,34.207436
0001-06-17 22:00:00,-1.7605618,34.207443
0001-06-17 23:00:00,-1.7612097,34.20745
0001-06-18 00:00:00,-1.7619102,34.207455
0001-06-18 01:00:00,-1.7626699,34.20746
0001-06-18 02:00:00,-1.7634996,34.207455
0001-06-18 03:00:00,-1.7644172,34.207455
0001-06-18 04:00:00,-1.7654502,34.207447
0001-06-18 05:00:00,-1.7666465,34.207436
0001-06-18 06:00:00,-1.7680899,34.20742
0001-06-18 07:00:00,-1.7699221,34.2074
0001-06-18 08:00:00,-1.7723223,34.207367
0001-06-18 09:00:00,-1.7736733,34.20735
0001-06-18 10:00:00,-1.7732497,34.20736
0001-06-18 11:00:00,-1.7724575,34.20738
0001-06-18 12:00:00,-1.7716962,34.207397
0001-06-18 13:00:00,-1.7715377,34.207405
0001-06-18 14:00:00,-1.772195,34.207397
0001-06-18 15:00:00,-1.7734884,34.207375
0001-06-18 16:00:00,-1.7755855,34.207333
0001-06-18 17:00:00,-1.777315,34.207294
0001-06-18 18:00:00,-1.7770063,34.2073
0001-06-18 19:00:00,-1.7762291,34.20731
0001-06-18 20:00:00,-1.7754925,34.207325
0001-06-18 21:00:00,-1.7749048,34.207336
0001-06-18 22:00:00,-1.7744775,34.207344
0001-06-18 23:00:00,-1.7741963,34.20735
0001-06-19 00:00:00,-1.7740333,34.207355
0001-06-19 01:00:00,-1.7739615,34.207355
0001-06-19 02:00:00,-1.7739583,34.207355
0001-06-19 03:00:00,-1.7740041,34.20736
0001-06-19 04:00:00,-1.7740824,34.20736
0001-06-19 05:00:00,-1.7741694,34.20736
0001-06-19 06:00:00,-1.7742543,34.207363
0001-06-19 07:00:00,-1.7743222,34.20737
0001-06-19 08:00:00,-1.7743628,34.20738
0001-06-19 09:00:00,-1.7743684,34.20739
0001-06-19 10:00:00,-1.7743297,34.207405
0001-06-19 11:00:00,-1.77424,34.207424
0001-06-19 12:00:00,-1.7740914,34.207447
0001-06-19 13:00:00,-1.7739451,34.207474
0001-06-19 14:00:00,-1.7738355,34.2075
0001-06-19 15:00:00,-1.7737441,34.20753
0001-06-19 16:00:00,-1.7736654,34.207558
0001-06-19 17:00:00,-1.7735932,34.207584
0001-06-19 18:00:00,-1.7735198,34.207615
0001-06-19 19:00:00,-1.7734715,34.20764
0001-06-19 20:00:00,-1.7734808,34.207664
0001-06-19 21:00:00,-1.7735213,34.207687
0001-06-19 22:00:00,-1.7735918,34.207706
0001-06-19 23:00:00,-1.7736897,34.207726
0001-06-20 00:00:00,-1.7738221,34.207745
0001-06-20 01:00:00,-1.7739921,34.20776
0001-06-20 02:00:00,-1.7741954,34.20777
0001-06-20 03:00:00,-1.7744269,34.207783
0001-06-20 04:00:00,-1.7746829,34.20779
0001-06-20 05:00:00,-1.7749587,34.207798
0001-06-20 06:00:00,-1.7752515,34.207806
0001-06-20 07:00:00,-1.77551,34.207813
0001-06-20 08:00:00,-1.7758135,34.20782
0001-06-20 09:00:00,-1.7761284,34.20783
0001-06-20 10:00:00,-1.776453,34.207836
0001-06-20 11:00:00,-1.7767864,34.20784
0001-06-20 12:00:00,-1.7771285,34.207848
0001-06-20 13:00:00,-1.7774488,34.20785
0001-06-20 14:00:00,-1.7777333,34.20786
0001-06-20 15:00:00,-1.7780014,34.207863
0001-06-20 16:00:00,-1.778255,34.20787
0001-06-20 17:00:00,-1.7784935,34.20788
0001-06-20 18:00:00,-1.7787161,34.207886
0001-06-20 19:00:00,-1.7789239,34.207893
0001-06-20 20:00:00,-1.7791177,34.2079
0001-06-20 21:00:00,-1.7792964,34.20791
0001-06-20 22:00:00,-1.7794625,34.20792
0001-06-20 23:00:00,-1.7796192,34.20793
0001-06-21 00:00:00,-1.7797681,34.207943
0001-06-21 01:00:00,-1.7799098,34.207954
0001-06-21 02:00:00,-1.780044,34.20797
0001-06-21 03:00:00,-1.7801698,34.207985
0001-06-21 04:00:00,-1.7802848,34.208
0001-06-21 05:00:00,-1.7803885,34.208015
0001-06-21 06:00:00,-1.7804781,34.20803
0001-06-21 07:00:00,-1.7805543,34.20805
0001-06-21 08:00:00,-1.7806141,34.208073
0001-06-21 09:00:00,-1.7806575,34.208096
0001-06-21 10:00:00,-1.7806826,34.20812
0001-06-21 11:00:00,-1.7806872,34.208145
0001-06-21 12:00:00,-1.7806674,34.20817
0001-06-21 13:00:00,-1.7807124,34.2082
0001-06-21 14:00:00,-1.7808777,34.20822
0001-06-21 15:00:00,-1.7811207,34.20824
0001-06-21 16:00:00,-1.7814281,34.208252
0001-06-21 17:00:00,-1.7817948,34.208263
0001-06-21 18:00:00,-1.7822081,34.20827
0001-06-21 19:00:00,-1.7826607,34.20828
0001-06-21 20:00:00,-1.7831389,34.208282
0001-06-21 21:00:00,-1.7836187,34.208286
0001-06-21 22:00:00,-1.7840695,34.208294
0001-06-21 23:00:00,-1.7844626,34.208298
0001-06-22 00:00:00,-1.7847828,34.208305
0001-06-22 01:00:00,-1.78503,34.208317
0001-06-22 02:00:00,-1.7852198,34.20833
0001-06-22 03:00:00,-1.7854244,34.208344
0001-06-22 04:00:00,-1.7855635,34.20836
0001-06-22 05:00:00,-1.7856182,34.20838
0001-06-22 06:00:00,-1.7857008,34.2084
0001-06-22 07:00:00,-1.7857603,34.208427
0001-06-22 08:00:00,-1.7857893,34.208458
0001-06-22 09:00:00,-1.7857591,34.208496
0001-06-22 10:00:00,-1.785661,34.208538
0001-06-22 11:00:00,-1.7854815,34.208595
0001-06-22 12:00:00,-1.7852193,34.20866
0001-06-22 13:00:00,-1.7849855,34.20873
0001-06-22 14:00:00,-1.7848264,34.208797
0001-06-22 15:00:00,-1.7847307,34.208866
0001-06-22 16:00:00,-1.784698,34.208927
0001-06-22 17:00:00,-1.7847342,34.20899
0001-06-22 18:00:00,-1.7848667,34.20904
0001-06-22 19:00:00,-1.7850591,34.209095
0001-06-22 20:00:00,-1.7852969,34.20915
0001-06-22 21:00:00,-1.7855633,34.2092
0001-06-22 22:00:00,-1.785847,34.20925
0001-06-22 23:00:00,-1.7861404,34.20931
0001-06-23 00:00:00,-1.7864419,34.209366
0001-06-23 01:00:00,-1.786749,34.209423
0001-06-23 02:00:00,-1.7870601,34.209484
0001-06-23 03:00:00,-1.7873746,34.20955
0001-06-23 04:00:00,-1.7876918,34.209614
0001-06-23 05:00:00,-1.7880116,34.209682
0001-06-23 06:00:00,-1.7883332,34.20975
0001-06-23 07:00:00,-1.7886552,34.209824
0001-06-23 08:00:00,-1.7889755,34.209896
0001-06-23 09:00:00,-1.7892903,34.209976
0001-06-23 10:00:00,-1.7895945,34.210056
0001-06-23 11:00:00,-1.7898835,34.210144
0001-06-23 12:00:00,-1.7901565,34.210236
0001-06-23 13:00:00,-1.7904215,34.210323
0001-06-23 14:00:00,-1.7904854,34.210438
0001-06-23 15:00:00,-1.7906604,34.210537
0001-06-23 16:00:00,-1.7909269,34.210625
0001-06-23 17:00:00,-1.7912476,34.210705
0001-06-23 18:00:00,-1.7916223,34.210777
0001-06-23 19:00:00,-1.7920487,34.210842
0001-06-23 20:00:00,-1.7925586,34.210896
0001-06-23 21:00:00,-1.7931231,34.210945
0001-06-23 22:00:00,-1.7937386,34.210987
0001-06-23 23:00:00,-1.7943907,34.21103
0001-06-24 00:00:00,-1.7950692,34.211063
0001-06-24 01:00:00,-1.795773,34.211098
0001-06-24 02:00:00,-1.7965001,34.21113
0001-06-24 03:00:00,-1.7972461,34.21116
0001-06-24 04:00:00,-1.7980084,34.211185
0001-06-24 05:00:00,-1.7987857,34.211212
0001-06-24 06:00:00,-1.7995766,34.211235
0001-06-24 07:00:00,-1.8003808,34.211258
0001-06-24 08:00:00,-1.8011975,34.21128
0001-06-24 09:00:00,-1.8020264,34.2113
0001-06-24 10:00:00,-1.8028691,34.21132
0001-06-24 11:00:00,-1.8037292,34.211334
0001-06-24 12:00:00,-1.8046074,34.21135
0001-06-24 13:00:00,-1.8053724,34.21136
0001-06-24 14:00:00,-1.8059732,34.211357
0001-06-24 15:00:00,-1.8065097,34.211353
0001-06-24 16:00:00,-1.8070099,34.21134
0001-06-24 17:00:00,-1.8074874,34.21133
0001-06-24 18:00:00,-1.8079444,34.211315
0001-06-24 19:00:00,-1.8083879,34.2113
0001-06-24 20:00:00,-1.808815,34.21128
0001-06-24 21:00:00,-1.8092202,34.21126
0001-06-24 22:00:00,-1.8096044,34.211243
0001-06-24 23:00:00,-1.8099706,34.21122
0001-06-25 00:00:00,-1.8103142,34.211197
0001-06-25 01:00:00,-1.8106415,34.21117
0001-06-25 02:00:00,-1.8109862,34.211143
0001-06-25 03:00:00,-1.8113097,34.211113
0001-06-25 04:00:00,-1.8116059,34.21108
0001-06-25 05:00:00,-1.8118844,34.21105
0001-06-25 06:00:00,-1.8121468,34.211014
0001-06-25 07:00:00,-1.8123928,34.210976
0001-06-25 08:00:00,-1.8126228,34.210938
0001-06-25 09:00:00,-1.8128364,34.2109
0001-06-25 10:00:00,-1.8130311,34.210857
0001-06-25 11:00:00,-1.8132017,34.210815
0001-06-25 12:00:00,-1.8133268,34.210777
0001-06-25 13:00:00,-1.8135629,34.210735
0001-06-25 14:00:00,-1.8139131,34.210697
0001-06-25 15:00:00,-1.8143682,34.21065
0001-06-25 16:00:00,-1.8148408,34.21061
0001-06-25 17:00:00,-1.8153373,34.21057
0001-06-25 18:00:00,-1.8158658,34.210533
0001-06-25 19:00:00,-1.8164263,34.210495
0001-06-25 20:00:00,-1.8170174,34.210457
0001-06-25 21:00:00,-1.8176402,34.21042
0001-06-25 22:00:00,-1.8183025,34.21038
0001-06-25 23:00:00,-1.8190001,34.210342
0001-06-26 00:00:00,-1.8197352,34.2103
0001-06-26 01:00:00,-1.8205192,34.210262
0001-06-26 02:00:00,-1.821368,34.21022
0001-06-26 03:00:00,-1.8222684,34.21018
0001-06-26 04:00:00,-1.8231592,34.210136
0001-06-26 05:00:00,-1.8241569,34.210094
0001-06-26 06:00:00,-1.8252336,34.21005
0001-06-26 07:00:00,-1.8263943,34.210003
0001-06-26 08:00:00,-1.8276575,34.209953
0001-06-26 09:00:00,-1.8290195,34.2099
0001-06-26 10:00:00,-1.8305131,34.209846
0001-06-26 11:00:00,-1.8321444,34.20979
0001-06-26 12:00:00,-1.8339391,34.20973
0001-06-26 13:00:00,-1.8355453,34.209675
0001-06-26 14:00:00,-1.8367383,34.20963
0001-06-26 15:00:00,-1.8376908,34.209595
0001-06-26 16:00:00,-1.8384769,34.20956
0001-06-26 17:00:00,-1.8391328,34.209534
0001-06-26 18:00:00,-1.8396853,34.20951
0001-06-26 19:00:00,-1.8401304,34.20949
0001-06-26 20:00:00,-1.8405218,34.209476
0001-06-26 21:00:00,-1.8408493,34.20946
0001-06-26 22:00:00,-1.8411598,34.209446
0001-06-26 23:00:00,-1.8414682,34.209435
0001-06-27 00:00:00,-1.8417733,34.209423
0001-06-27 01:00:00,-1.842086,34.209408
0001-06-27 02:00:00,-1.8423921,34.209396
0001-06-27 03:00:00,-1.8426982,34.209385
0001-06-27 04:00:00,-1.8430078,34.209373
0001-06-27 05:00:00,-1.8433254,34.209362
0001-06-27 06:00:00,-1.8436387,34.20935
0001-06-27 07:00:00,-1.8439643,34.20934
0001-06-27 08:00:00,-1.844369,34.209324
0001-06-27 09:00:00,-1.844757,34.209312
0001-06-27 10:00:00,-1.8451428,34.209297
0001-06-27 11:00:00,-1.8455377,34.209286
0001-06-27 12:00:00,-1.8459377,34.209274
0001-06-27 13:00:00,-1.8463625,34.209255
0001-06-27 14:00:00,-1.8468189,34.209225
0001-06-27 15:00:00,-1.8472897,34.20919
0001-06-27 16:00:00,-1.847294,34.20915
0001-06-27 17:00:00,-1.8472915,34.209103
0001-06-27 18:00:00,-1.8472887,34.209053
0001-06-27 19:00:00,-1.8472859,34.209
0001-06-27 20:00:00,-1.8472828,34.208942
0001-06-27 21:00:00,-1.8472795,34.20888
0001-06-27 22:00:00,-1.8472761,34.208817
0001-06-27 23:00:00,-1.8472725,34.20875
0001-06-28 00:00:00,-1.8472687,34.20868
0001-06-28 01:00:00,-1.8472646,34.208607
0001-06-28 02:00:00,-1.8472606,34.208527
0001-06-28 03:00:00,-1.8472562,34.208447
0001-06-28 04:00:00,-1.8472517,34.208363
0001-06-28 05:00:00,-1.8472469,34.208275
0001-06-28 06:00:00,-1.847242,34.208183
0001-06-28 07:00:00,-1.8472369,34.20809
0001-06-28 08:00:00,-1.8472316,34.207993
0001-06-28 09:00:00,-1.8472261,34.207893
0001-06-28 10:00:00,-1.8472205,34.20779
0001-06-28 11:00:00,-1.8472147,34.20768
0001-06-28 12:00:00,-1.8472087,34.20757
0001-06-28 13:00:00,-1.847203,34.207462
0001-06-28 14:00:00,-1.8471979,34.20737
0001-06-28 15:00:00,-1.8471932,34.207283
0001-06-28 16:00:00,-1.8471888,34.2072
0001-06-28 17:00:00,-1.8471845,34.207123
0001-06-28 18:00:00,-1.8471805,34.207047
0001-06-28 19:00:00,-1.8471767,34.206978
0001-06-28 20:00:00,-1.847173,34.206905
0001-06-28 21:00:00,-1.8471695,34.20684
0001-06-28 22:00:00,-1.8471661,34.20678
0001-06-28 23:00:00,-1.8471627,34.20672
0001-06-29 00:00:00,-1.8471597,34.20666
0001-06-29 01:00:00,-1.8471569,34.206608
0001-06-29 02:00:00,-1.8471544,34.206562
0001-06-29 03:00:00,-1.847152,34.20652
0001-06-29 04:00:00,-1.84715,34.206482
0001-06-29 05:00:00,-1.8471483,34.20645
0001-06-29 06:00:00,-1.847147,34.206425
0001-06-29 07:00:00,-1.8471462,34.20641
0001-06-29 08:00:00,-1.8471458,34.206406
0001-06-29 09:00:00,-1.847146,34.206406
0001-06-29 10:00:00,-1.8471467,34.20642
0001-06-29 11:00:00,-1.8471483,34.206448
0001-06-29 12:00:00,-1.8471503,34.206486
0001-06-29 13:00:00,-1.8471519,34.206516
0001-06-29 14:00:00,-1.8471527,34.20653
0001-06-29 15:00:00,-1.8471532,34.20654
0001-06-29 16:00:00,-1.8471533,34.206543
0001-06-29 17:00:00,-1.8471533,34.206543
0001-06-29 18:00:00,-1.8471535,34.206547
0001-06-29 19:00:00,-1.847154,34.206554
0001-06-29 20:00:00,-1.8471545,34.206566
0001-06-29 21:00:00,-1.8471551,34.206573
0001-06-29 22:00:00,-1.8471558,34.20659
0001-06-29 23:00:00,-1.8471569,34.206608
0001-06-30 00:00:00,-1.8471581,34.20663
0001-06-30 01:00:00,-1.8471595,34.206657
0001-06-30 02:00:00,-1.8471608,34.206684
0001-06-30 03:00:00,-1.8471624,34.20671
0001-06-30 04:00:00,-1.8471638,34.206738
0001-06-30 05:00:00,-1.8471655,34.206768
0001-06-30 06:00:00,-1.8471673,34.206802
0001-06-30 07:00:00,-1.8471692,34.206837
0001-06-30 08:00:00,-1.8471712,34.206875
0001-06-30 09:00:00,-1.8471737,34.20692
0001-06-30 10:00:00,-1.8471766,34.206974
0001-06-30 11:00:00,-1.8471798,34.20703
0001-06-30 12:00:00,-1.8471831,34.207092
0001-06-30 13:00:00,-1.8471863,34.207153
0001-06-30 14:00:00,-1.8471893,34.20721
0001-06-30 15:00:00,-1.8471922,34.207264
0001-06-30 16:00:00,-1.8471949,34.207314
0001-06-30 17:00:00,-1.8471977,34.207363
0001-06-30 18:00:00,-1.8472003,34.207413
0001-06-30 19:00:00,-1.8472029,34.207462
0001-06-30 20:00:00,-1.8472055,34.20751
0001-06-30 21:00:00,-1.8472083,34.20756
0001-06-30 22:00:00,-1.847211,34.20761
0001-06-30 23:00:00,-1.8472139,34.207664
0001-07-01 00:00:00,-1.8472168,34.207718
0001-07-01 01:00:00,-1.8472201,34.20778
0001-07-01 02:00:00,-1.8472234,34.20784
0001-07-01 03:00:00,-1.8472271,34.20791
0001-07-01 04:00:00,-1.847231,34.20798
0001-07-01 05:00:00,-1.8472352,34.20806
0001-07-01 06:00:00,-1.8472397,34.20814
0001-07-01 07:00:00,-1.8472441,34.208225
0001-07-01 08:00:00,-1.8472486,34.208305
0001-07-01 09:00:00,-1.8472528,34.208385
0001-07-01 10:00:00,-1.847257,34.208466
0001-07-01 11:00:00,-1.8472612,34.20854
0001-07-01 12:00:00,-1.8472655,34.208622
0001-07-01 13:00:00,-1.8472699,34.208702
0001-07-01 14:00:00,-1.8472742,34.208782
0001-07-01 15:00:00,-1.8472786,34.208862
0001-07-01 16:00:00,-1.847283,34.208946
0001-07-01 17:00:00,-1.8472874,34.209026
0001-07-01 18:00:00,-1.847292,34.20911
0001-07-01 19:00:00,-1.8472965,34.209194
0001-07-01 20:00:00,-1.8473012,34.209282
0001-07-01 21:00:00,-1.847306,34.20937
0001-07-01 22:00:00,-1.8473109,34.20946
0001-07-01 23:00:00,-1.8473159,34.209553
0001-07-02 00:00:00,-1.8473212,34.20965
0001-07-02 01:00:00,-1.8473265,34.20975
0001-07-02 02:00:00,-1.8473322,34.209858
0001-07-02 03:00:00,-1.8473387,34.209976
0001-07-02 04:00:00,-1.8473457,34.210106
0001-07-02 05:00:00,-1.8473537,34.210255
0001-07-02 06:00:00,-1.8473614,34.210396
0001-07-02 07:00:00,-1.847369,34.210537
0001-07-02 08:00:00,-1.8473763,34.210674
0001-07-02 09:00:00,-1.8473833,34.2108
0001-07-02 10:00:00,-1.8473898,34.210922
0001-07-02 11:00:00,-1.8473959,34.211037
0001-07-02 12:00:00,-1.8474019,34.211147
0001-07-02 13:00:00,-1.8474079,34.211258
0001-07-02 14:00:00,-1.8474144,34.21138
0001-07-02 15:00:00,-1.8474214,34.211506
0001-07-02 16:00:00,-1.847429,34.211647
0001-07-02 17:00:00,-1.8474373,34.2118
0001-07-02 18:00:00,-1.8474462,34.211967
0001-07-02 19:00:00,-1.8474559,34.212147
0001-07-02 20:00:00,-1.8474665,34.21234
0001-07-02 21:00:00,-1.8474782,34.21256
0001-07-02 22:00:00,-1.8474936,34.212845
0001-07-02 23:00:00,-1.8472589,34.213142
0001-07-03 00:00:00,-1.8465095,34.213467
0001-07-03 01:00:00,-1.8456358,34.213802
0001-07-03 02:00:00,-1.8446939,34.21415
0001-07-03 03:00:00,-1.8438631,34.214466
0001-07-03 04:00:00,-1.8432233,34.214764
0001-07-03 05:00:00,-1.8426687,34.21505
0001-07-03 06:00:00,-1.8420895,34.21535
0001-07-03 07:00:00,-1.8414452,34.215668
0001-07-03 08:00:00,-1.840713,34.216003
0001-07-03 09:00:00,-1.8399031,34.21636
0001-07-03 10:00:00,-1.8382473,34.21692
0001-07-03 11:00:00,-1.836404,34.217506
0001-07-03 12:00:00,-1.8348995,34.218025
0001-07-03 13:00:00,-1.8334466,34.21853
0001-07-03 14:00:00,-1.8321313,34.219
0001-07-03 15:00:00,-1.8310827,34.21942
0001-07-03 16:00:00,-1.8302512,34.219814
0001-07-03 17:00:00,-1.8294485,34.220207
0001-07-03 18:00:00,-1.8286185,34.220608
0001-07-03 19:00:00,-1.8277378,34.221024
0001-07-03 20:00:00,-1.8267982,34.22145
0001-07-03 21:00:00,-1.8256994,34.22193
0001-07-03 22:00:00,-1.8242738,34.2225
0001-07-03 23:00:00,-1.8226502,34.22312
0001-07-04 00:00:00,-1.8209965,34.223755
0001-07-04 01:00:00,-1.8194151,34.224373
0001-07-04 02:00:00,-1.8179486,34.22496
0001-07-04 03:00:00,-1.8167584,34.22547
0001-07-04 04:00:00,-1.8158553,34.225933
0001-07-04 05:00:00,-1.8150371,34.22638
0001-07-04 06:00:00,-1.8142179,34.22683
0001-07-04 07:00:00,-1.8133659,34.227295
0001-07-04 08:00:00,-1.8124683,34.22777
0001-07-04 09:00:00,-1.8115175,34.228268
0001-07-04 10:00:00,-1.8102362,34.22888
0001-07-04 11:00:00,-1.8087298,34.229572
0001-07-04 12:00:00,-1.807179,34.23028
0001-07-04 13:00:00,-1.8057091,34.230972
0001-07-04 14:00:00,-1.804463,34.231598
0001-07-04 15:00:00,-1.8034551,34.232147
0001-07-04 16:00:00,-1.8027201,34.2326
0001-07-04 17:00:00,-1.8022509,34.23297
0001-07-04 18:00:00,-1.8019922,34.233284
0001-07-04 19:00:00,-1.8018298,34.233566
0001-07-04 20:00:00,-1.8017316,34.23382
0001-07-04 21:00:00,-1.801684,34.23406
0001-07-04 22:00:00,-1.8016795,34.234276
0001-07-04 23:00:00,-1.8017157,34.234478
0001-07-05 00:00:00,-1.8017905,34.234665
0001-07-05 01:00:00,-1.801902,34.234833
0001-07-05 02:00:00,-1.8020486,34.234993
0001-07-05 03:00:00,-1.8022286,34.235134
0001-07-05 04:00:00,-1.8024379,34.235268
0001-07-05 05:00:00,-1.8027297,34.235382
0001-07-05 06:00:00,-1.8029493,34.235493
0001-07-05 07:00:00,-1.8032473,34.23559
0001-07-05 08:00:00,-1.8035705,34.23568
0001-07-05 09:00:00,-1.8039206,34.23576
0001-07-05 10:00:00,-1.804296,34.235832
0001-07-05 11:00:00,-1.8046963,34.235893
0001-07-05 12:00:00,-1.8051211,34.23595
0001-07-05 13:00:00,-1.8055576,34.235996
0001-07-05 14:00:00,-1.8059999,34.23604
0001-07-05 15:00:00,-1.8064561,34.23607
0001-07-05 16:00:00,-1.806928,34.2361
0001-07-05 17:00:00,-1.8074179,34.23612
0001-07-05 18:00:00,-1.8079281,34.236134
0001-07-05 19:00:00,-1.80846,34.236145
0001-07-05 20:00:00,-1.8090141,34.23615
0001-07-05 21:00:00,-1.8095933,34.23615
0001-07-05 22:00:00,-1.8102124,34.236145
0001-07-05 23:00:00,-1.81089,34.236134
0001-07-06 00:00:00,-1.8115883,34.23612
0001-07-06 01:00:00,-1.8123561,34.23609
0001-07-06 02:00:00,-1.8132024,34.23606
0001-07-06 03:00:00,-1.8141347,34.236023
0001-07-06 04:00:00,-1.8151962,34.235973
0001-07-06 05:00:00,-1.8165569,34.235905
0001-07-06 06:00:00,-1.8183948,34.2358
0001-07-06 07:00:00,-1.8212138,34.23564
0001-07-06 08:00:00,-1.8230003,34.23553
0001-07-06 09:00:00,-1.8223985,34.235554
0001-07-06 10:00:00,-1.8215793,34.235588
0001-07-06 11:00:00,-1.8209068,34.23562
0001-07-06 12:00:00,-1.8204299,34.235634
0001-07-06 13:00:00,-1.8203211,34.235638
0001-07-06 14:00:00,-1.8205569,34.235634
0001-07-06 15:00:00,-1.8209381,34.235622
0001-07-06 16:00:00,-1.8214034,34.23561
0001-07-06 17:00:00,-1.8219225,34.235596
0001-07-06 18:00:00,-1.8224785,34.235584
0001-07-06 19:00:00,-1.8230566,34.235573
0001-07-06 20:00:00,-1.823651,34.23556
0001-07-06 21:00:00,-1.8242573,34.23555
0001-07-06 22:00:00,-1.8248713,34.235542
0001-07-06 23:00:00,-1.8254927,34.23553
0001-07-07 00:00:00,-1.8261201,34.235527
0001-07-07 01:00:00,-1.8267534,34.23552
0001-07-07 02:00:00,-1.8273922,34.235516
0001-07-07 03:00:00,-1.8280371,34.23551
0001-07-07 04:00:00,-1.8286828,34.23551
0001-07-07 05:00:00,-1.829332,34.235508
0001-07-07 06:00:00,-1.8299793,34.23551
0001-07-07 07:00:00,-1.8306278,34.23551
0001-07-07 08:00:00,-1.8312768,34.235516
0001-07-07 09:00:00,-1.8319261,34.23552
0001-07-07 10:00:00,-1.8325766,34.235527
0001-07-07 11:00:00,-1.8332291,34.235535
0001-07-07 12:00:00,-1.8338827,34.235542
0001-07-07 13:00:00,-1.8345407,34.23555
0001-07-07 14:00:00,-1.8351979,34.23555
0001-07-07 15:00:00,-1.8358583,34.23555
0001-07-07 16:00:00,-1.8365221,34.23555
0001-07-07 17:00:00,-1.8371884,34.235546
0001-07-07 18:00:00,-1.8378572,34.235542
0001-07-07 19:00:00,-1.8385297,34.23554
0001-07-07 20:00:00,-1.8392059,34.235535
0001-07-07 21:00:00,-1.839886,34.23553
0001-07-07 22:00:00,-1.8405701,34.235527
0001-07-07 23:00:00,-1.8412585,34.23552
0001-07-08 00:00:00,-1.841951,34.235516
0001-07-08 01:00:00,-1.8426478,34.235508
0001-07-08 02:00:00,-1.8433486,34.235504
0001-07-08 03:00:00,-1.8440534,34.235497
0001-07-08 04:00:00,-1.8447621,34.23549
0001-07-08 05:00:00,-1.8454744,34.235485
0001-07-08 06:00:00,-1.84619,34.235477
0001-07-08 07:00:00,-1.8469088,34.23547
0001-07-08 08:00:00,-1.8476305,34.235462
0001-07-08 09:00:00,-1.8483548,34.235455
0001-07-08 10:00:00,-1.8487141,34.235447
0001-07-08 11:00:00,-1.8487136,34.23544
0001-07-08 12:00:00,-1.8487132,34.235428
0001-07-08 13:00:00,-1.8487124,34.235416
0001-07-08 14:00:00,-1.8487114,34.235397
0001-07-08 15:00:00,-1.84871,34.23537
0001-07-08 16:00:00,-1.8487084,34.23534
0001-07-08 17:00:00,-1.8487067,34.23531
0001-07-08 18:00:00,-1.8487048,34.235275
0001-07-08 19:00:00,-1.8487029,34.23524
0001-07-08 20:00:00,-1.8487009,34.235203
0001-07-08 21:00:00,-1.8486989,34.235165
0001-07-08 22:00:00,-1.8486966,34.235123
0001-07-08 23:00:00,-1.8486944,34.23508
0001-07-09 00:00:00,-1.848692,34.23504
0001-07-09 01:00:00,-1.8486897,34.234993
0001-07-09 02:00:00,-1.8486872,34.234947
0001-07-09 03:00:00,-1.8486847,34.2349
0001-07-09 04:00:00,-1.848682,34.23485
0001-07-09 05:00:00,-1.8486794,34.234802
0001-07-09 06:00:00,-1.8486767,34.234753
0001-07-09 07:00:00,-1.8486739,34.234703
0001-07-09 08:00:00,-1.8486711,34.23465
0001-07-09 09:00:00,-1.8486681,34.234596
0001-07-09 10:00:00,-1.8486651,34.23454
0001-07-09 11:00:00,-1.8486621,34.23448
0001-07-09 12:00:00,-1.848659,34.234425
0001-07-09 13:00:00,-1.848656,34.23437
0001-07-09 14:00:00,-1.8486533,34.23432
0001-07-09 15:00:00,-1.8486506,34.234272
0001-07-09 16:00:00,-1.848648,34.234222
0001-07-09 17:00:00,-1.8486452,34.234173
0001-07-09 18:00:00,-1.8486426,34.23412
0001-07-09 19:00:00,-1.8486401,34.234077
0001-07-09 20:00:00,-1.8486375,34.234028
0001-07-09 21:00:00,-1.8486348,34.23398
0001-07-09 22:00:00,-1.8486323,34.233932
0001-07-09 23:00:00,-1.8486297,34.233883
0001-07-10 00:00:00,-1.8486271,34.233833
0001-07-10 01:00:00,-1.8486245,34.233784
0001-07-10 02:00:00,-1.8486218,34.233738
0001-07-10 03:00:00,-1.8486192,34.23369
0001-07-10 04:00:00,-1.8486166,34.23364
0001-07-10 05:00:00,-1.848614,34.233593
0001-07-10 06:00:00,-1.8486115,34.233547
0001-07-10 07:00:00,-1.8486089,34.233498
0001-07-10 08:00:00,-1.8486063,34.23345
0001-07-10 09:00:00,-1.8486038,34.233406
0001-07-10 10:00:00,-1.8486015,34.23336
0001-07-10 11:00:00,-1.8485991,34.233315
0001-07-10 12:00:00,-1.8485967,34.233273
0001-07-10 13:00:00,-1.8485947,34.233234
0001-07-10 14:00:00,-1.8485929,34.2332
0001-07-10 15:00:00,-1.8485913,34.233173
0001-07-10 16:00:00,-1.84859,34.233147
0001-07-10 17:00:00,-1.8485888,34.233128
0001-07-10 18:00:00,-1.8485879,34.23311
0001-07-10 19:00:00,-1.8485869,34.233093
0001-07-10 20:00:00,-1.8485863,34.233078
0001-07-10 21:00:00,-1.8485857,34.233067
0001-07-10 22:00:00,-1.8485852,34.23306
0001-07-10 23:00:00,-1.8485849,34.233055
0001-07-11 00:00:00,-1.8485847,34.233047
0001-07-11 01:00:00,-1.8485845,34.233047
0001-07-11 02:00:00,-1.8485845,34.233047
0001-07-11 03:00:00,-1.8485847,34.233047
0001-07-11 04:00:00,-1.8485849,34.23305
0001-07-11 05:00:00,-1.8485851,34.23306
0001-07-11 06:00:00,-1.8485856,34.233067
0001-07-11 07:00:00,-1.8485862,34.233078
0001-07-11 08:00:00,-1.8485868,34.23309
0001-07-11 09:00:00,-1.8485875,34.2331
0001-07-11 10:00:00,-1.8485883,34.23312
0001-07-11 11:00:00,-1.8485893,34.233135
0001-07-11 12:00:00,-1.8485904,34.233154
0001-07-11 13:00:00,-1.8485912,34.23317
0001-07-11 14:00:00,-1.8485916,34.233177
0001-07-11 15:00:00,-1.8485918,34.23318
0001-07-11 16:00:00,-1.8485919,34.233185
0001-07-11 17:00:00,-1.8485919,34.233185
0001-07-11 18:00:00,-1.8485919,34.233185
0001-07-11 19:00:00,-1.8485917,34.23318
0001-07-11 20:00:00,-1.8485914,34.233177
0001-07-11 21:00:00,-1.8485912,34.23317
0001-07-11 22:00:00,-1.8485909,34.233166
0001-07-11 23:00:00,-1.8485905,34.23316
0001-07-12 00:00:00,-1.84859,34.23315
0001-07-12 01:00:00,-1.8485895,34.23314
0001-07-12 02:00:00,-1.848589,34.233128
0001-07-12 03:00:00,-1.8485883,34.23312
0001-07-12 04:00:00,-1.8485878,34.233105
0001-07-12 05:00:00,-1.848587,34.233093
0001-07-12 06:00:00,-1.8485863,34.233078
0001-07-12 07:00:00,-1.8485855,34.233067
0001-07-12 08:00:00,-1.8485847,34.23305
0001-07-12 09:00:00,-1.8485838,34.233032
0001-07-12 10:00:00,-1.8485829,34.233017
0001-07-12 11:00:00,-1.8485818,34.232998
0001-07-12 12:00:00,-1.8485808,34.23298
0001-07-12 13:00:00,-1.8485799,34.23296
0001-07-12 14:00:00,-1.8485792,34.23295
0001-07-12 15:00:00,-1.8485786,34.232937
0001-07-12 16:00:00,-1.848578,34.232925
0001-07-12 17:00:00,-1.8485776,34.232918
0001-07-12 18:00:00,-1.8485771,34.23291
0001-07-12 19:00:00,-1.8485768,34.232903
0001-07-12 20:00:00,-1.8485765,34.2329
0001-07-12 21:00:00,-1.8485762,34.23289
0001-07-12 22:00:00,-1.848576,34.232887
0001-07-12 23:00:00,-1.8485757,34.232883
0001-07-13 00:00:00,-1.8485756,34.23288
0001-07-13 01:00:00,-1.8485754,34.23288
0001-07-13 02:00:00,-1.8485752,34.232876
0001-07-13 03:00:00,-1.8485751,34.232872
0001-07-13 04:00:00,-1.8485751,34.232872
0001-07-13 05:00:00,-1.848575,34.232872
0001-07-13 06:00:00,-1.848575,34.23287
0001-07-13 07:00:00,-1.848575,34.23287
0001-07-13 08:00:00,-1.848575,34.23287
0001-07-13 09:00:00,-1.848575,34.232872
0001-07-13 10:00:00,-1.8485751,34.232872
0001-07-13 11:00:00,-1.8485751,34.232872
0001-07-13 12:00:00,-1.8485752,34.232876
0001-07-13 13:00:00,-1.8485738,34.23285
0001-07-13 14:00:00,-1.8485699,34.232773
0001-07-13 15:00:00,-1.8485639,34.232666
0001-07-13 16:00:00,-1.8485562,34.23252
0001-07-13 17:00:00,-1.8485461,34.232338
0001-07-13 18:00:00,-1.8485333,34.232098
0001-07-13 19:00:00,-1.8485171,34.231796
0001-07-13 20:00:00,-1.8484991,34.231464
0001-07-13 21:00:00,-1.8484796,34.231102
0001-07-13 22:00:00,-1.8484609,34.23076
0001-07-13 23:00:00,-1.848443,34.230427
0001-07-14 00:00:00,-1.8484257,34.230106
0001-07-14 01:00:00,-1.8484093,34.2298
0001-07-14 02:00:00,-1.848393,34.2295
0001-07-14 03:00:00,-1.8483782,34.229225
0001-07-14 04:00:00,-1.8483648,34.228977
0001-07-14 05:00:00,-1.8483521,34.22874
0001-07-14 06:00:00,-1.8483397,34.22851
0001-07-14 07:00:00,-1.8483261,34.22826
0001-07-14 08:00:00,-1.8483118,34.227997
0001-07-14 09:00:00,-1.848298,34.22774
0001-07-14 10:00:00,-1.8482841,34.22748
0001-07-14 11:00:00,-1.8482697,34.22722
0001-07-14 12:00:00,-1.8482558,34.22696
0001-07-14 13:00:00,-1.8482429,34.226723
0001-07-14 14:00:00,-1.8482342,34.22656
0001-07-14 15:00:00,-1.8482265,34.226418
0001-07-14 16:00:00,-1.848219,34.226276
0001-07-14 17:00:00,-1.8482136,34.226177
0001-07-14 18:00:00,-1.8482085,34.226086
0001-07-14 19:00:00,-1.8482045,34.22601
0001-07-14 20:00:00,-1.8482014,34.225952
0001-07-14 21:00:00,-1.8481984,34.225895
0001-07-14 22:00:00,-1.8481965,34.22586
0001-07-14 23:00:00,-1.8481956,34.225845
0001-07-15 00:00:00,-1.8481953,34.225838
0001-07-15 01:00:00,-1.8481952,34.225838
0001-07-15 02:00:00,-1.8481959,34.22585
0001-07-15 03:00:00,-1.8481977,34.225883
0001-07-15 04:00:00,-1.8482,34.225925
0001-07-15 05:00:00,-1.8482028,34.22598
0001-07-15 06:00:00,-1.8482063,34.226044
0001-07-15 07:00:00,-1.8482105,34.22612
0001-07-15 08:00:00,-1.8482151,34.226204
0001-07-15 09:00:00,-1.8482202,34.2263
0001-07-15 10:00:00,-1.8482258,34.226402
0001-07-15 11:00:00,-1.8482319,34.226517
0001-07-15 12:00:00,-1.8482388,34.226646
0001-07-15 13:00:00,-1.8482449,34.226757
0001-07-15 14:00:00,-1.8482496,34.226845
0001-07-15 15:00:00,-1.8482534,34.226913
0001-07-15 16:00:00,-1.8482578,34.226997
0001-07-15 17:00:00,-1.8482616,34.227066
0001-07-15 18:00:00,-1.848265,34.22713
0001-07-15 19:00:00,-1.8482682,34.22719
0001-07-15 20:00:00,-1.848271,34.22724
0001-07-15 21:00:00,-1.8482736,34.227287
0001-07-15 22:00:00,-1.8482759,34.22733
0001-07-15 23:00:00,-1.8482778,34.227367
0001-07-16 00:00:00,-1.8482795,34.227398
0001-07-16 01:00:00,-1.8482809,34.227425
0001-07-16 02:00:00,-1.8482822,34.227448
0001-07-16 03:00:00,-1.8482833,34.227467
0001-07-16 04:00:00,-1.8482842,34.227486
0001-07-16 05:00:00,-1.8482851,34.2275
0001-07-16 06:00:00,-1.8482858,34.227516
0001-07-16 07:00:00,-1.8482865,34.227528
0001-07-16 08:00:00,-1.8482871,34.22754
0001-07-16 09:00:00,-1.8482876,34.227547
0001-07-16 10:00:00,-1.8482879,34.227554
0001-07-16 11:00:00,-1.8482884,34.227562
0001-07-16 12:00:00,-1.8482887,34.22757
0001-07-16 13:00:00,-1.8482884,34.227562
0001-07-16 14:00:00,-1.8482872,34.22754
0001-07-16 15:00:00,-1.8482853,34.22751
0001-07-16 16:00:00,-1.8482829,34.227463
0001-07-16 17:00:00,-1.8482798,34.227406
0001-07-16 18:00:00,-1.848276,34.227333
0001-07-16 19:00:00,-1.8482714,34.22725
0001-07-16 20:00:00,-1.8482656,34.227142
0001-07-16 21:00:00,-1.8482586,34.22701
0001-07-16 22:00:00,-1.8482502,34.226852
0001-07-16 23:00:00,-1.8482409,34.226685
0001-07-17 00:00:00,-1.8482327,34.226532
0001-07-17 01:00:00,-1.8482268,34.22642
0001-07-17 02:00:00,-1.8482218,34.22633
0001-07-17 03:00:00,-1.8482177,34.226254
0001-07-17 04:00:00,-1.8482134,34.226173
0001-07-17 05:00:00,-1.8482089,34.22609
0001-07-17 06:00:00,-1.8482043,34.226006
0001-07-17 07:00:00,-1.8481991,34.22591
0001-07-17 08:00:00,-1.8481941,34.225815
0001-07-17 09:00:00,-1.8481891,34.225727
0001-07-17 10:00:00,-1.8481838,34.225624
0001-07-17 11:00:00,-1.848179,34.225536
0001-07-17 12:00:00,-1.8481735,34.225437
0001-07-17 13:00:00,-1.8481691,34.225353
0001-07-17 14:00:00,-1.8481646,34.22527
0001-07-17 15:00:00,-1.8481609,34.2252
0001-07-17 16:00:00,-1.848157,34.225132
0001-07-17 17:00:00,-1.8481535,34.225063
0001-07-17 18:00:00,-1.84815,34.225
0001-07-17 19:00:00,-1.8481466,34.224937
0001-07-17 20:00:00,-1.8481432,34.224873
0001-07-17 21:00:00,-1.84814,34.224815
0001-07-17 22:00:00,-1.8481371,34.224762
0001-07-17 23:00:00,-1.848134,34.224705
0001-07-18 00:00:00,-1.8481311,34.22465
0001-07-18 01:00:00,-1.8481284,34.224598
0001-07-18 02:00:00,-1.8481258,34.224552
0001-07-18 03:00:00,-1.8481236,34.22451
0001-07-18 04:00:00,-1.848121,34.224464
0001-07-18 05:00:00,-1.8481188,34.224422
0001-07-18 06:00:00,-1.8481166,34.22438
0001-07-18 07:00:00,-1.8481145,34.224342
0001-07-18 08:00:00,-1.8481126,34.224308
0001-07-18 09:00:00,-1.8481106,34.22427
0001-07-18 10:00:00,-1.8481086,34.224236
0001-07-18 11:00:00,-1.8481069,34.2242
0001-07-18 12:00:00,-1.8481053,34.22417
0001-07-18 13:00:00,-1.848103,34.224133
0001-07-18 14:00:00,-1.8481001,34.224075
0001-07-18 15:00:00,-1.8480967,34.224014
0001-07-18 16:00:00,-1.8480932,34.22395
0001-07-18 17:00:00,-1.8480891,34.223873
0001-07-18 18:00:00,-1.8480848,34.223793
0001-07-18 19:00:00,-1.8480803,34.22371
0001-07-18 20:00:00,-1.8480755,34.22362
0001-07-18 21:00:00,-1.8480705,34.22353
0001-07-18 22:00:00,-1.8480651,34.223427
0001-07-18 23:00:00,-1.8480595,34.223328
0001-07-19 00:00:00,-1.8480538,34.223217
0001-07-19 01:00:00,-1.8480477,34.223106
0001-07-19 02:00:00,-1.8480417,34.222992
0001-07-19 03:00:00,-1.8480352,34.222874
0001-07-19 04:00:00,-1.8480288,34.222755
0001-07-19 05:00:00,-1.8480226,34.22264
0001-07-19 06:00:00,-1.8480164,34.222527
0001-07-19 07:00:00,-1.8480103,34.222412
0001-07-19 08:00:00,-1.8480045,34.222305
0001-07-19 09:00:00,-1.847999,34.222202
0001-07-19 10:00:00,-1.8479935,34.2221
0001-07-19 11:00:00,-1.8479884,34.222008
0001-07-19 12:00:00,-1.8479838,34.221924
0001-07-19 13:00:00,-1.8479792,34.221836
0001-07-19 14:00:00,-1.8479744,34.22175
0001-07-19 15:00:00,-1.8479702,34.221672
0001-07-19 16:00:00,-1.8479668,34.221607
0001-07-19 17:00:00,-1.847964,34.221558
0001-07-19 18:00:00,-1.8479619,34.221516
0001-07-19 19:00:00,-1.8479604,34.22149
0001-07-19 20:00:00,-1.8479596,34.221474
0001-07-19 21:00:00,-1.8479594,34.22147
0001-07-19 22:00:00,-1.8479599,34.221478
0001-07-19 23:00:00,-1.8479611,34.2215
0001-07-20 00:00:00,-1.8479625,34.221527
0001-07-20 01:00:00,-1.8479652,34.221577
0001-07-20 02:00:00,-1.8479681,34.22163
0001-07-20 03:00:00,-1.8479711,34.221687
0001-07-20 04:00:00,-1.847975,34.22176
0001-07-20 05:00:00,-1.8479792,34.221836
0001-07-20 06:00:00,-1.8479838,34.221924
0001-07-20 07:00:00,-1.8479887,34.222015
0001-07-20 08:00:00,-1.8479942,34.222115
0001-07-20 09:00:00,-1.8479999,34.22222
0001-07-20 10:00:00,-1.8480079,34.22237
0001-07-20 11:00:00,-1.8480166,34.22253
0001-07-20 12:00:00,-1.8480266,34.222717
0001-07-20 13:00:00,-1.8480371,34.222908
0001-07-20 14:00:00,-1.8480474,34.2231
0001-07-20 15:00:00,-1.8480561,34.22326
0001-07-20 16:00:00,-1.8480633,34.223396
0001-07-20 17:00:00,-1.8480694,34.223507
0001-07-20 18:00:00,-1.8480748,34.223606
0001-07-20 19:00:00,-1.8480794,34.223694
0001-07-20 20:00:00,-1.8480836,34.22377
0001-07-20 21:00:00,-1.8480875,34.223843
0001-07-20 22:00:00,-1.8480912,34.22391
0001-07-20 23:00:00,-1.8480946,34.223976
0001-07-21 00:00:00,-1.8480978,34.224033
0001-07-21 01:00:00,-1.8481009,34.22409
0001-07-21 02:00:00,-1.8481038,34.224144
0001-07-21 03:00:00,-1.8481064,34.224194
0001-07-21 04:00:00,-1.8481089,34.22424
0001-07-21 05:00:00,-1.8481112,34.22428
0001-07-21 06:00:00,-1.8481133,34.22432
0001-07-21 07:00:00,-1.8481153,34.224358
0001-07-21 08:00:00,-1.8481171,34.224392
0001-07-21 09:00:00,-1.8481188,34.224422
0001-07-21 10:00:00,-1.8481203,34.224453
0001-07-21 11:00:00,-1.8481219,34.22448
0001-07-21 12:00:00,-1.8481233,34.224506
0001-07-21 13:00:00,-1.8481243,34.224525
0001-07-21 14:00:00,-1.8481247,34.224533
0001-07-21 15:00:00,-1.848125,34.224537
0001-07-21 16:00:00,-1.8481249,34.224533
0001-07-21 17:00:00,-1.8481245,34.22453
0001-07-21 18:00:00,-1.8481239,34.224518
0001-07-21 19:00:00,-1.8481232,34.224503
0001-07-21 20:00:00,-1.8481221,34.224483
0001-07-21 21:00:00,-1.8481207,34.224457
0001-07-21 22:00:00,-1.848119,34.224426
0001-07-21 23:00:00,-1.8481172,34.224392
0001-07-22 00:00:00,-1.8481152,34.224354
0001-07-22 01:00:00,-1.848113,34.22431
0001-07-22 02:00:00,-1.8481103,34.224266
0001-07-22 03:00:00,-1.8481076,34.224213
0001-07-22 04:00:00,-1.8481046,34.22416
0001-07-22 05:00:00,-1.8481014,34.2241
0001-07-22 06:00:00,-1.8480979,34.224033
0001-07-22 07:00:00,-1.8480942,34.22397
0001-07-22 08:00:00,-1.8480904,34.223896
0001-07-22 09:00:00,-1.848086,34.223816
0001-07-22 10:00:00,-1.8480814,34.22373
0001-07-22 11:00:00,-1.8480766,34.22364
0001-07-22 12:00:00,-1.8480715,34.223545
0001-07-22 13:00:00,-1.8480666,34.223457
0001-07-22 14:00:00,-1.8480622,34.223373
0001-07-22 15:00:00,-1.8480574,34.223286
0001-07-22 16:00:00,-1.8480525,34.223194
0001-07-22 17:00:00,-1.8480479,34.223106
0001-07-22 18:00:00,-1.8480433,34.223026
0001-07-22 19:00:00,-1.8480384,34.222935
0001-07-22 20:00:00,-1.8480334,34.22284
0001-07-22 21:00:00,-1.8480283,34.222748
0001-07-22 22:00:00,-1.848023,34.22265
0001-07-22 23:00:00,-1.8480176,34.22255
0001-07-23 00:00:00,-1.848012,34.222443
0001-07-23 01:00:00,-1.8480064,34.22234
0001-07-23 02:00:00,-1.8480005,34.222233
0001-07-23 03:00:00,-1.8479948,34.222126
0001-07-23 04:00:00,-1.8479888,34.222015
0001-07-23 05:00:00,-1.8479828,34.221905
0001-07-23 06:00:00,-1.8479767,34.22179
0001-07-23 07:00:00,-1.8479705,34.221676
0001-07-23 08:00:00,-1.847964,34.221558
0001-07-23 09:00:00,-1.8479575,34.221436
0001-07-23 10:00:00,-1.8479508,34.22131
0001-07-23 11:00:00,-1.847944,34.221184
0001-07-23 12:00:00,-1.8479371,34.221058
0001-07-23 13:00:00,-1.8479302,34.22093
0001-07-23 14:00:00,-1.8479235,34.220806
0001-07-23 15:00:00,-1.8479168,34.22068
0001-07-23 16:00:00,-1.8479102,34.22056
0001-07-23 17:00:00,-1.8479036,34.220436
0001-07-23 18:00:00,-1.8478972,34.220318
0001-07-23 19:00:00,-1.8478906,34.220196
0001-07-23 20:00:00,-1.8478839,34.220074
0001-07-23 21:00:00,-1.8478774,34.21995
0001-07-23 22:00:00,-1.847871,34.219833
0001-07-23 23:00:00,-1.8478644,34.21971
0001-07-24 00:00:00,-1.8478575,34.21958
0001-07-24 01:00:00,-1.8478509,34.21946
0001-07-24 02:00:00,-1.8478444,34.21934
0001-07-24 03:00:00,-1.8478379,34.21922
0001-07-24 04:00:00,-1.8478315,34.2191
0001-07-24 05:00:00,-1.847825,34.218983
0001-07-24 06:00:00,-1.8478184,34.218857
0001-07-24 07:00:00,-1.8478118,34.21874
0001-07-24 08:00:00,-1.8478053,34.218616
0001-07-24 09:00:00,-1.847799,34.2185
0001-07-24 10:00:00,-1.8477926,34.21838
0001-07-24 11:00:00,-1.8477863,34.218266
0001-07-24 12:00:00,-1.8477799,34.218143
0001-07-24 13:00:00,-1.8477733,34.218025
0001-07-24 14:00:00,-1.8477666,34.2179
0001-07-24 15:00:00,-1.8477596,34.21777
0001-07-24 16:00:00,-1.8477527,34.21764
0001-07-24 17:00:00,-1.8477452,34.217503
0001-07-24 18:00:00,-1.8477378,34.217365
0001-07-24 19:00:00,-1.84773,34.217224
0001-07-24 20:00:00,-1.847722,34.217075
0001-07-24 21:00:00,-1.8477142,34.21693
0001-07-24 22:00:00,-1.8477063,34.21678
0001-07-24 23:00:00,-1.8476985,34.21664
0001-07-25 00:00:00,-1.8476903,34.216488
0001-07-25 01:00:00,-1.8476822,34.21634
0001-07-25 02:00:00,-1.847674,34.216187
0001-07-25 03:00:00,-1.8476658,34.216034
0001-07-25 04:00:00,-1.8476576,34.21588
0001-07-25 05:00:00,-1.8476495,34.21573
0001-07-25 06:00:00,-1.8476415,34.215584
0001-07-25 07:00:00,-1.8476336,34.215435
0001-07-25 08:00:00,-1.8476259,34.215294
0001-07-25 09:00:00,-1.8476182,34.215153
0001-07-25 10:00:00,-1.8476107,34.21501
0001-07-25 11:00:00,-1.8476033,34.214874
0001-07-25 12:00:00,-1.847596,34.214745
0001-07-25 13:00:00,-1.8475889,34.214607
0001-07-25 14:00:00,-1.8475817,34.214478
0001-07-25 15:00:00,-1.8475744,34.21434
0001-07-25 16:00:00,-1.8475671,34.214203
0001-07-25 17:00:00,-1.8475597,34.21407
0001-07-25 18:00:00,-1.8475525,34.213936
0001-07-25 19:00:00,-1.8475455,34.213806
0001-07-25 20:00:00,-1.8475385,34.213676
0001-07-25 21:00:00,-1.8475317,34.21355
0001-07-25 22:00:00,-1.847525,34.213425
0001-07-25 23:00:00,-1.8475184,34.213303
0001-07-26 00:00:00,-1.847512,34.213184
0001-07-26 01:00:00,-1.8475058,34.21307
0001-07-26 02:00:00,-1.8474997,34.21296
0001-07-26 03:00:00,-1.8474938,34.21285
0001-07-26 04:00:00,-1.8474879,34.21274
0001-07-26 05:00:00,-1.8474823,34.212635
0001-07-26 06:00:00,-1.8474767,34.212532
0001-07-26 07:00:00,-1.8474714,34.212433
0001-07-26 08:00:00,-1.8474661,34.212337
0001-07-26 09:00:00,-1.8474611,34.212242
0001-07-26 10:00:00,-1.8474562,34.21215
0001-07-26 11:00:00,-1.8474514,34.212063
0001-07-26 12:00:00,-1.8474469,34.21198
0001-07-26 13:00:00,-1.8474427,34.211903
0001-07-26 14:00:00,-1.8474394,34.21184
0001-07-26 15:00:00,-1.8474364,34.211784
0001-07-26 16:00:00,-1.8474339,34.21174
0001-07-26 17:00:00,-1.8474317,34.211697
0001-07-26 18:00:00,-1.8474295,34.21166
0001-07-26 19:00:00,-1.8474274,34.21162
0001-07-26 20:00:00,-1.8474256,34.211586
0001-07-26 21:00:00,-1.847424,34.211555
0001-07-26 22:00:00,-1.847423,34.211536
0001-07-26 23:00:00,-1.8474221,34.21152
0001-07-27 00:00:00,-1.8474221,34.21152
0001-07-27 01:00:00,-1.8474228,34.211536
0001-07-27 02:00:00,-1.8474243,34.21156
0001-07-27 03:00:00,-1.8474259,34.211594
0001-07-27 04:00:00,-1.8474281,34.21163
0001-07-27 05:00:00,-1.8474301,34.21167
0001-07-27 06:00:00,-1.8474318,34.2117
0001-07-27 07:00:00,-1.8474333,34.21173
0001-07-27 08:00:00,-1.8474352,34.211765
0001-07-27 09:00:00,-1.8474374,34.211803
0001-07-27 10:00:00,-1.8474401,34.211853
0001-07-27 11:00:00,-1.8474432,34.21191
0001-07-27 12:00:00,-1.847447,34.211983
0001-07-27 13:00:00,-1.847451,34.212055
0001-07-27 14:00:00,-1.8474548,34.212124
0001-07-27 15:00:00,-1.847458,34.212185
0001-07-27 16:00:00,-1.8474606,34.212234
0001-07-27 17:00:00,-1.8474629,34.212276
0001-07-27 18:00:00,-1.8474649,34.21231
0001-07-27 19:00:00,-1.8474668,34.21235
0001-07-27 20:00:00,-1.8474687,34.212383
0001-07-27 21:00:00,-1.8474708,34.21242
0001-07-27 22:00:00,-1.8474728,34.21246
0001-07-27 23:00:00,-1.8474748,34.212498
0001-07-28 00:00:00,-1.847477,34.212536
0001-07-28 01:00:00,-1.8474792,34.212578
0001-07-28 02:00:00,-1.8474817,34.212624
0001-07-28 03:00:00,-1.8474842,34.212673
0001-07-28 04:00:00,-1.8474866,34.212715
0001-07-28 05:00:00,-1.8474886,34.212753
0001-07-28 06:00:00,-1.8474903,34.212784
0001-07-28 07:00:00,-1.8474919,34.21281
0001-07-28 08:00:00,-1.8474933,34.21284
0001-07-28 09:00:00,-1.8474948,34.212868
0001-07-28 10:00:00,-1.8474964,34.212894
0001-07-28 11:00:00,-1.8474979,34.212925
0001-07-28 12:00:00,-1.8474997,34.21296
0001-07-28 13:00:00,-1.8475014,34.21299
0001-07-28 14:00:00,-1.8475041,34.21304
0001-07-28 15:00:00,-1.8475063,34.213078
0001-07-28 16:00:00,-1.847508,34.21311
0001-07-28 17:00:00,-1.8475095,34.21314
0001-07-28 18:00:00,-1.8475108,34.213165
0001-07-28 19:00:00,-1.847512,34.213184
0001-07-28 20:00:00,-1.8475131,34.213203
0001-07-28 21:00:00,-1.8475139,34.213223
0001-07-28 22:00:00,-1.8475146,34.213234
0001-07-28 23:00:00,-1.8475151,34.21324
0001-07-29 00:00:00,-1.8475156,34.213253
0001-07-29 01:00:00,-1.8475161,34.21326
0001-07-29 02:00:00,-1.8475165,34.21327
0001-07-29 03:00:00,-1.847517,34.21328
0001-07-29 04:00:00,-1.8475175,34.213287
0001-07-29 05:00:00,-1.8475181,34.2133
0001-07-29 06:00:00,-1.8475187,34.21331
0001-07-29 07:00:00,-1.8475193,34.21332
0001-07-29 08:00:00,-1.84752,34.213333
0001-07-29 09:00:00,-1.8475208,34.21335
0001-07-29 10:00:00,-1.8475218,34.213367
0001-07-29 11:00:00,-1.8475227,34.213383
0001-07-29 12:00:00,-1.8475237,34.2134
0001-07-29 13:00:00,-1.8475249,34.213425
0001-07-29 14:00:00,-1.847526,34.213444
0001-07-29 15:00:00,-1.8475269,34.213463
0001-07-29 16:00:00,-1.8475279,34.213478
0001-07-29 17:00:00,-1.8475286,34.213493
0001-07-29 18:00:00,-1.8475293,34.213505
0001-07-29 19:00:00,-1.8475299,34.213516
0001-07-29 20:00:00,-1.8475305,34.213528
0001-07-29 21:00:00,-1.8475311,34.21354
0001-07-29 22:00:00,-1.8475317,34.21355
0001-07-29 23:00:00,-1.8475323,34.213562
0001-07-30 00:00:00,-1.8475329,34.213573
0001-07-30 01:00:00,-1.8475335,34.21358
0001-07-30 02:00:00,-1.8475341,34.213593
0001-07-30 03:00:00,-1.8475348,34.213608
0001-07-30 04:00:00,-1.8475354,34.21362
0001-07-30 05:00:00,-1.8475361,34.21363
0001-07-30 06:00:00,-1.8475367,34.213642
0001-07-30 07:00:00,-1.8475374,34.213657
0001-07-30 08:00:00,-1.8475381,34.21367
0001-07-30 09:00:00,-1.8475388,34.21368
0001-07-30 10:00:00,-1.8475395,34.213696
0001-07-30 11:00:00,-1.8475403,34.21371
0001-07-30 12:00:00,-1.8475411,34.213722
0001-07-30 13:00:00,-1.8475417,34.213737
0001-07-30 14:00:00,-1.8475424,34.21375
0001-07-30 15:00:00,-1.8475429,34.213757
0001-07-30 16:00:00,-1.8475435,34.213768
0001-07-30 17:00:00,-1.847544,34.21378
0001-07-30 18:00:00,-1.8475446,34.213787
0001-07-30 19:00:00,-1.847545,34.2138
0001-07-30 20:00:00,-1.8475455,34.213806
0001-07-30 21:00:00,-1.847546,34.213814
0001-07-30 22:00:00,-1.8475465,34.213825
0001-07-30 23:00:00,-1.8475469,34.213833
0001-07-31 00:00:00,-1.8475474,34.21384
0001-07-31 01:00:00,-1.8475479,34.21385
0001-07-31 02:00:00,-1.8475482,34.213856
0001-07-31 03:00:00,-1.8475487,34.213867
0001-07-31 04:00:00,-1.8475492,34.213875
0001-07-31 05:00:00,-1.8475496,34.213882
0001-07-31 06:00:00,-1.84755,34.21389
0001-07-31 07:00:00,-1.8475504,34.213898
0001-07-31 08:00:00,-1.8475509,34.213905
0001-07-31 09:00:00,-1.8475512,34.213913
0001-07-31 10:00:00,-1.8475517,34.21392
0001-07-31 11:00:00,-1.8475521,34.21393
0001-07-31 12:00:00,-1.8475524,34.213936
0001-07-31 13:00:00,-1.8475529,34.213943
0001-07-31 14:00:00,-1.8475533,34.213947
0001-07-31 15:00:00,-1.8475536,34.213955
0001-07-31 16:00:00,-1.847554,34.213963
0001-07-31 17:00:00,-1.8475542,34.213966
0001-07-31 18:00:00,-1.8475546,34.213974
0001-07-31 19:00:00,-1.8475549,34.213978
0001-07-31 20:00:00,-1.8475552,34.213985
0001-07-31 21:00:00,-1.8475555,34.21399
0001-07-31 22:00:00,-1.8475558,34.213997
0001-07-31 23:00:00,-1.8475561,34.214
0001-08-01 00:00:00,-1.8475564,34.214005
0001-08-01 01:00:00,-1.8475566,34.214012
0001-08-01 02:00:00,-1.847557,34.214016
0001-08-01 03:00:00,-1.8475572,34.214024
0001-08-01 04:00:00,-1.8475574,34.214027
0001-08-01 05:00:00,-1.8475578,34.21403
0001-08-01 06:00:00,-1.847558,34.21404
0001-08-01 07:00:00,-1.8475584,34.214043
0001-08-01 08:00:00,-1.8475587,34.21405
0001-08-01 09:00:00,-1.847559,34.214054
0001-08-01 10:00:00,-1.8475593,34.21406
0001-08-01 11:00:00,-1.8475597,34.21407
0001-08-01 12:00:00,-1.84756,34.214077
0001-08-01 13:00:00,-1.8475605,34.214085
0001-08-01 14:00:00,-1.8475609,34.214092
0001-08-01 15:00:00,-1.8475614,34.2141
0001-08-01 16:00:00,-1.8475618,34.214108
0001-08-01 17:00:00,-1.8475624,34.21412
0001-08-01 18:00:00,-1.847563,34.21413
0001-08-01 19:00:00,-1.8475637,34.21414
0001-08-01 20:00:00,-1.8475645,34.214157
0001-08-01 21:00:00,-1.8475653,34.214172
0001-08-01 22:00:00,-1.8475661,34.214188
0001-08-01 23:00:00,-1.8475671,34.214207
0001-08-02 00:00:00,-1.847568,34.214222
0001-08-02 01:00:00,-1.8475689,34.214237
0001-08-02 02:00:00,-1.8475698,34.214256
0001-08-02 03:00:00,-1.8475708,34.214275
0001-08-02 04:00:00,-1.8475718,34.214294
0001-08-02 05:00:00,-1.8475729,34.214314
0001-08-02 06:00:00,-1.8475741,34.214333
0001-08-02 07:00:00,-1.8475753,34.214355
0001-08-02 08:00:00,-1.8475766,34.214382
0001-08-02 09:00:00,-1.847578,34.21441
0001-08-02 10:00:00,-1.8475796,34.21444
0001-08-02 11:00:00,-1.8475814,34.21447
0001-08-02 12:00:00,-1.8475832,34.214504
0001-08-02 13:00:00,-1.8475851,34.21454
0001-08-02 14:00:00,-1.847587,34.214573
0001-08-02 15:00:00,-1.8475888,34.214607
0001-08-02 16:00:00,-1.8475907,34.21464
0001-08-02 17:00:00,-1.8475925,34.214676
0001-08-02 18:00:00,-1.8475943,34.21471
0001-08-02 19:00:00,-1.8475962,34.214745
0001-08-02 20:00:00,-1.8475982,34.21478
0001-08-02 21:00:00,-1.8476003,34.21482
0001-08-02 22:00:00,-1.8476027,34.214863
0001-08-02 23:00:00,-1.8476052,34.214912
0001-08-03 00:00:00,-1.847608,34.214962
0001-08-03 01:00:00,-1.8476107,34.215015
0001-08-03 02:00:00,-1.8476135,34.215065
0001-08-03 03:00:00,-1.8476162,34.215115
0001-08-03 04:00:00,-1.8476188,34.215164
0001-08-03 05:00:00,-1.8476214,34.215214
0001-08-03 06:00:00,-1.8476242,34.215263
0001-08-03 07:00:00,-1.847627,34.215317
0001-08-03 08:00:00,-1.8476303,34.215374
0001-08-03 09:00:00,-1.8476335,34.215435
0001-08-03 10:00:00,-1.8476368,34.215496
0001-08-03 11:00:00,-1.8476399,34.215553
0001-08-03 12:00:00,-1.847643,34.21561
0001-08-03 13:00:00,-1.847646,34.215664
0001-08-03 14:00:00,-1.8476486,34.215714
0001-08-03 15:00:00,-1.8476509,34.21576
0001-08-03 16:00:00,-1.847653,34.215797
0001-08-03 17:00:00,-1.8476548,34.21583
0001-08-03 18:00:00,-1.8476565,34.21586
0001-08-03 19:00:00,-1.8476578,34.215885
0001-08-03 20:00:00,-1.8476589,34.215904
0001-08-03 21:00:00,-1.8476596,34.21592
0001-08-03 22:00:00,-1.8476603,34.21593
0001-08-03 23:00:00,-1.8476607,34.21594
0001-08-04 00:00:00,-1.8476609,34.215942
0001-08-04 01:00:00,-1.847661,34.215946
0001-08-04 02:00:00,-1.847661,34.215946
0001-08-04 03:00:00,-1.8476609,34.215942
0001-08-04 04:00:00,-1.8476605,34.215935
0001-08-04 05:00:00,-1.8476601,34.215927
0001-08-04 06:00:00,-1.8476595,34.215916
0001-08-04 07:00:00,-1.847659,34.215908
0001-08-04 08:00:00,-1.8476586,34.2159
0001-08-04 09:00:00,-1.8476586,34.2159
0001-08-04 10:00:00,-1.8476586,34.2159
0001-08-04 11:00:00,-1.8476586,34.2159
0001-08-04 12:00:00,-1.8476589,34.215904
0001-08-04 13:00:00,-1.847659,34.215908
0001-08-04 14:00:00,-1.8476591,34.215908
0001-08-04 15:00:00,-1.8476592,34.21591
0001-08-04 16:00:00,-1.8476595,34.215916
0001-08-04 17:00:00,-1.8476596,34.21592
0001-08-04 18:00:00,-1.8476598,34.215923
0001-08-04 19:00:00,-1.8476601,34.215927
0001-08-04 20:00:00,-1.8476604,34.215935
0001-08-04 21:00:00,-1.8476608,34.21594
0001-08-04 22:00:00,-1.8476611,34.215946
0001-08-04 23:00:00,-1.8476616,34.215954
0001-08-05 00:00:00,-1.8476621,34.215965
0001-08-05 01:00:00,-1.8476626,34.215973
0001-08-05 02:00:00,-1.8476633,34.215984
0001-08-05 03:00:00,-1.8476639,34.216
0001-08-05 04:00:00,-1.8476646,34.21601
0001-08-05 05:00:00,-1.8476654,34.216026
0001-08-05 06:00:00,-1.8476664,34.216045
0001-08-05 07:00:00,-1.8476675,34.216064
0001-08-05 08:00:00,-1.8476686,34.216087
0001-08-05 09:00:00,-1.8476702,34.216114
0001-08-05 10:00:00,-1.8476717,34.216145
0001-08-05 11:00:00,-1.8476734,34.216175
0001-08-05 12:00:00,-1.8476751,34.216206
0001-08-05 13:00:00,-1.8476768,34.216236
0001-08-05 14:00:00,-1.8476783,34.216263
0001-08-05 15:00:00,-1.8476796,34.21629
0001-08-05 16:00:00,-1.8476809,34.216312
0001-08-05 17:00:00,-1.8476821,34.216335
0001-08-05 18:00:00,-1.8476832,34.216354
0001-08-05 19:00:00,-1.8476841,34.216373
0001-08-05 20:00:00,-1.8476851,34.216393
0001-08-05 21:00:00,-1.8476859,34.216408
0001-08-05 22:00:00,-1.8476868,34.216423
0001-08-05 23:00:00,-1.8476876,34.216434
0001-08-06 00:00:00,-1.8476882,34.21645
0001-08-06 01:00:00,-1.8476889,34.21646
0001-08-06 02:00:00,-1.8476895,34.216473
0001-08-06 03:00:00,-1.8476901,34.216484
0001-08-06 04:00:00,-1.8476907,34.216496
0001-08-06 05:00:00,-1.8476912,34.216503
0001-08-06 06:00:00,-1.8476917,34.216515
0001-08-06 07:00:00,-1.8476921,34.216522
0001-08-06 08:00:00,-1.8476926,34.21653
0001-08-06 09:00:00,-1.8476931,34.216537
0001-08-06 10:00:00,-1.8476936,34.216545
0001-08-06 11:00:00,-1.8476939,34.216553
0001-08-06 12:00:00,-1.8476944,34.21656
0001-08-06 13:00:00,-1.8476946,34.216568
0001-08-06 14:00:00,-1.8476949,34.21657
0001-08-06 15:00:00,-1.8476952,34.216576
0001-08-06 16:00:00,-1.8476956,34.216583
0001-08-06 17:00:00,-1.8476962,34.216595
0001-08-06 18:00:00,-1.847697,34.21661
0001-08-06 19:00:00,-1.8476981,34.216633
0001-08-06 20:00:00,-1.8476995,34.216656
0001-08-06 21:00:00,-1.8477013,34.21669
0001-08-06 22:00:00,-1.8477036,34.216732
0001-08-06 23:00:00,-1.8477064,34.216785
0001-08-07 00:00:00,-1.84771,34.216854
0001-08-07 01:00:00,-1.847714,34.216927
0001-08-07 02:00:00,-1.8477178,34.216995
0001-08-07 03:00:00,-1.8477217,34.217068
0001-08-07 04:00:00,-1.8477259,34.217148
0001-08-07 05:00:00,-1.8477305,34.21723
0001-08-07 06:00:00,-1.8477356,34.217327
0001-08-07 07:00:00,-1.8477416,34.217438
0001-08-07 08:00:00,-1.847748,34.217556
0001-08-07 09:00:00,-1.8477551,34.217686
0001-08-07 10:00:00,-1.8477625,34.217823
0001-08-07 11:00:00,-1.8477697,34.21796
0001-08-07 12:00:00,-1.8477774,34.2181
0001-08-07 13:00:00,-1.8477849,34.21824
0001-08-07 14:00:00,-1.847793,34.218388
0001-08-07 15:00:00,-1.8478011,34.21854
0001-08-07 16:00:00,-1.8478097,34.218697
0001-08-07 17:00:00,-1.8478185,34.21886
0001-08-07 18:00:00,-1.8478281,34.21904
0001-08-07 19:00:00,-1.847837,34.219204
0001-08-07 20:00:00,-1.847845,34.21935
0001-08-07 21:00:00,-1.8478521,34.219482
0001-08-07 22:00:00,-1.847859,34.219612
0001-08-07 23:00:00,-1.8478657,34.219734
0001-08-08 00:00:00,-1.8478725,34.219864
0001-08-08 01:00:00,-1.8478795,34.219994
0001-08-08 02:00:00,-1.8478868,34.220127
0001-08-08 03:00:00,-1.8478951,34.22028
0001-08-08 04:00:00,-1.8479036,34.220436
0001-08-08 05:00:00,-1.8479125,34.220604
0001-08-08 06:00:00,-1.847922,34.220776
0001-08-08 07:00:00,-1.8479314,34.22095
0001-08-08 08:00:00,-1.8479408,34.221127
0001-08-08 09:00:00,-1.8479495,34.221287
0001-08-08 10:00:00,-1.8479573,34.22143
0001-08-08 11:00:00,-1.8479644,34.221565
0001-08-08 12:00:00,-1.8479712,34.221687
0001-08-08 13:00:00,-1.8479774,34.221806
0001-08-08 14:00:00,-1.8479834,34.221912
0001-08-08 15:00:00,-1.8479888,34.222015
0001-08-08 16:00:00,-1.8479939,34.22211
0001-08-08 17:00:00,-1.8479986,34.2222
0001-08-08 18:00:00,-1.8480029,34.22228
0001-08-08 19:00:00,-1.848007,34.22235
0001-08-08 20:00:00,-1.8480108,34.22242
0001-08-08 21:00:00,-1.8480141,34.222485
0001-08-08 22:00:00,-1.8480172,34.22254
0001-08-08 23:00:00,-1.84802,34.22259
0001-08-09 00:00:00,-1.8480225,34.222637
0001-08-09 01:00:00,-1.8480247,34.22268
0001-08-09 02:00:00,-1.8480266,34.222717
0001-08-09 03:00:00,-1.8480284,34.222748
0001-08-09 04:00:00,-1.84803,34.22278
0001-08-09 05:00:00,-1.8480312,34.2228
0001-08-09 06:00:00,-1.8480322,34.22282
0001-08-09 07:00:00,-1.8480332,34.222836
0001-08-09 08:00:00,-1.8480339,34.22285
0001-08-09 09:00:00,-1.8480345,34.222862
0001-08-09 10:00:00,-1.8480349,34.222866
0001-08-09 11:00:00,-1.8480351,34.222874
0001-08-09 12:00:00,-1.8480352,34.222874
0001-08-09 13:00:00,-1.8480352,34.222874
0001-08-09 14:00:00,-1.8480352,34.222874
0001-08-09 15:00:00,-1.8480352,34.222874
0001-08-09 16:00:00,-1.8480351,34.22287
0001-08-09 17:00:00,-1.8480349,34.222866
0001-08-09 18:00:00,-1.8480345,34.22286
0001-08-09 19:00:00,-1.848034,34.22285
0001-08-09 20:00:00,-1.8480334,34.222843
0001-08-09 21:00:00,-1.848033,34.22283
0001-08-09 22:00:00,-1.8480322,34.22282
0001-08-09 23:00:00,-1.8480314,34.222805
0001-08-10 00:00:00,-1.8480304,34.222786
0001-08-10 01:00:00,-1.8480295,34.222767
0001-08-10 02:00:00,-1.8480283,34.222748
0001-08-10 03:00:00,-1.8480271,34.222725
0001-08-10 04:00:00,-1.8480257,34.2227
0001-08-10 05:00:00,-1.8480242,34.22267
0001-08-10 06:00:00,-1.8480226,34.22264
0001-08-10 07:00:00,-1.8480209,34.22261
0001-08-10 08:00:00,-1.848019,34.222576
0001-08-10 09:00:00,-1.8480171,34.222538
0001-08-10 10:00:00,-1.848015,34.2225
0001-08-10 11:00:00,-1.8480129,34.22246
0001-08-10 12:00:00,-1.8480108,34.22242
0001-08-10 13:00:00,-1.8480089,34.222385
0001-08-10 14:00:00,-1.8480071,34.222355
0001-08-10 15:00:00,-1.8480055,34.222324
0001-08-10 16:00:00,-1.848004,34.222298
0001-08-10 17:00:00,-1.8480026,34.22227
0001-08-10 18:00:00,-1.8480012,34.222244
0001-08-10 19:00:00,-1.848,34.22222
0001-08-10 20:00:00,-1.8479989,34.222202
0001-08-10 21:00:00,-1.8479978,34.22218
0001-08-10 22:00:00,-1.8479968,34.222164
0001-08-10 23:00:00,-1.8479959,34.222145
0001-08-11 00:00:00,-1.8479952,34.222134
0001-08-11 01:00:00,-1.8479944,34.22212
0001-08-11 02:00:00,-1.8479937,34.222107
0001-08-11 03:00:00,-1.8479931,34.222095
0001-08-11 04:00:00,-1.8479927,34.222088
0001-08-11 05:00:00,-1.8479923,34.22208
0001-08-11 06:00:00,-1.847992,34.222073
0001-08-11 07:00:00,-1.8479916,34.22207
0001-08-11 08:00:00,-1.8479915,34.222065
0001-08-11 09:00:00,-1.8479912,34.22206
0001-08-11 10:00:00,-1.8479912,34.222057
0001-08-11 11:00:00,-1.8479912,34.222057
0001-08-11 12:00:00,-1.8479912,34.22206
0001-08-11 13:00:00,-1.8479912,34.22206
0001-08-11 14:00:00,-1.847991,34.222057
0001-08-11 15:00:00,-1.8479908,34.22205
0001-08-11 16:00:00,-1.8479905,34.222046
0001-08-11 17:00:00,-1.8479902,34.22204
0001-08-11 18:00:00,-1.8479898,34.22203
0001-08-11 19:00:00,-1.8479893,34.222027
0001-08-11 20:00:00,-1.847989,34.22202
0001-08-11 21:00:00,-1.8479885,34.222008
0001-08-11 22:00:00,-1.847988,34.222
0001-08-11 23:00:00,-1.8479875,34.221992
0001-08-12 00:00:00,-1.847987,34.221985
0001-08-12 01:00:00,-1.8479866,34.221973
0001-08-12 02:00:00,-1.8479861,34.221966
0001-08-12 03:00:00,-1.8479856,34.221954
0001-08-12 04:00:00,-1.847985,34.221947
0001-08-12 05:00:00,-1.8479846,34.221935
0001-08-12 06:00:00,-1.847984,34.221924
0001-08-12 07:00:00,-1.8479835,34.221916
0001-08-12 08:00:00,-1.8479829,34.221905
0001-08-12 09:00:00,-1.8479823,34.221893
0001-08-12 10:00:00,-1.8479817,34.221886
0001-08-12 11:00:00,-1.8479812,34.221874
0001-08-12 12:00:00,-1.8479806,34.221863
0001-08-12 13:00:00,-1.84798,34.22185
0001-08-12 14:00:00,-1.8479795,34.221844
0001-08-12 15:00:00,-1.8479792,34.221836
0001-08-12 16:00:00,-1.8479788,34.22183
0001-08-12 17:00:00,-1.8479785,34.221825
0001-08-12 18:00:00,-1.8479781,34.221817
0001-08-12 19:00:00,-1.8479778,34.22181
0001-08-12 20:00:00,-1.8479775,34.221806
0001-08-12 21:00:00,-1.8479773,34.2218
0001-08-12 22:00:00,-1.847977,34.221798
0001-08-12 23:00:00,-1.8479768,34.22179
0001-08-13 00:00:00,-1.8479766,34.221786
0001-08-13 01:00:00,-1.8479763,34.221786
0001-08-13 02:00:00,-1.8479762,34.221783
0001-08-13 03:00:00,-1.8479761,34.22178
0001-08-13 04:00:00,-1.847976,34.221775
0001-08-13 05:00:00,-1.8479759,34.221775
0001-08-13 06:00:00,-1.8479757,34.221775
0001-08-13 07:00:00,-1.8479757,34.22177
0001-08-13 08:00:00,-1.8479757,34.22177
0001-08-13 09:00:00,-1.8479757,34.22177
0001-08-13 10:00:00,-1.8479757,34.22177
0001-08-13 11:00:00,-1.8479759,34.221775
0001-08-13 12:00:00,-1.8479759,34.221775
0001-08-13 13:00:00,-1.847976,34.221775
0001-08-13 14:00:00,-1.847976,34.22178
0001-08-13 15:00:00,-1.847976,34.22178
0001-08-13 16:00:00,-1.8479761,34.22178
0001-08-13 17:00:00,-1.8479761,34.22178
0001-08-13 18:00:00,-1.8479762,34.221783
0001-08-13 19:00:00,-1.8479762,34.221783
0001-08-13 20:00:00,-1.8479763,34.221783
0001-08-13 21:00:00,-1.8479764,34.221786
0001-08-13 22:00:00,-1.8479766,34.221786
0001-08-13 23:00:00,-1.8479767,34.22179
0001-08-14 00:00:00,-1.8479769,34.221794
0001-08-14 01:00:00,-1.8479772,34.221798
0001-08-14 02:00:00,-1.8479774,34.2218
0001-08-14 03:00:00,-1.8479776,34.22181
0001-08-14 04:00:00,-1.847978,34.221813
0001-08-14 05:00:00,-1.8479784,34.22182
0001-08-14 06:00:00,-1.8479788,34.22183
0001-08-14 07:00:00,-1.8479792,34.221836
0001-08-14 08:00:00,-1.8479797,34.221848
0001-08-14 09:00:00,-1.8479803,34.221855
0001-08-14 10:00:00,-1.8479807,34.221867
0001-08-14 11:00:00,-1.8479813,34.221878
0001-08-14 12:00:00,-1.847982,34.22189
0001-08-14 13:00:00,-1.8479826,34.2219
0001-08-14 14:00:00,-1.8479831,34.221912
0001-08-14 15:00:00,-1.8479837,34.22192
0001-08-14 16:00:00,-1.8479842,34.221928
0001-08-14 17:00:00,-1.8479847,34.22194
0001-08-14 18:00:00,-1.847985,34.221947
0001-08-14 19:00:00,-1.8479854,34.22195
0001-08-14 20:00:00,-1.8479857,34.22196
0001-08-14 21:00:00,-1.847986,34.221962
0001-08-14 22:00:00,-1.8479861,34.221966
0001-08-14 23:00:00,-1.8479863,34.22197
0001-08-15 00:00:00,-1.8479865,34.22197
0001-08-15 01:00:00,-1.8479866,34.221973
0001-08-15 02:00:00,-1.8479866,34.221973
0001-08-15 03:00:00,-1.8479867,34.221973
0001-08-15 04:00:00,-1.8479866,34.221973
0001-08-15 05:00:00,-1.8479866,34.221973
0001-08-15 06:00:00,-1.8479866,34.221973
0001-08-15 07:00:00,-1.8479865,34.22197
0001-08-15 08:00:00,-1.8479863,34.22197
0001-08-15 09:00:00,-1.8479861,34.221966
0001-08-15 10:00:00,-1.847986,34.221962
0001-08-15 11:00:00,-1.8479857,34.22196
0001-08-15 12:00:00,-1.8479855,34.221954
0001-08-15 13:00:00,-1.8479851,34.221947
0001-08-15 14:00:00,-1.8479846,34.221935
0001-08-15 15:00:00,-1.847984,34.221924
0001-08-15 16:00:00,-1.8479834,34.221912
0001-08-15 17:00:00,-1.8479825,34.221897
0001-08-15 18:00:00,-1.8479817,34.22188
0001-08-15 19:00:00,-1.8479807,34.221867
0001-08-15 20:00:00,-1.8479798,34.221848
0001-08-15 21:00:00,-1.8479787,34.22183
0001-08-15 22:00:00,-1.8479776,34.22181
0001-08-15 23:00:00,-1.8479764,34.221786
0001-08-16 00:00:00,-1.8479751,34.221764
0001-08-16 01:00:00,-1.8479738,34.221737
0001-08-16 02:00:00,-1.8479724,34.22171
0001-08-16 03:00:00,-1.8479708,34.221684
0001-08-16 04:00:00,-1.8479693,34.221653
0001-08-16 05:00:00,-1.8479676,34.221622
0001-08-16 06:00:00,-1.8479658,34.22159
0001-08-16 07:00:00,-1.847964,34.221558
0001-08-16 08:00:00,-1.8479621,34.22152
0001-08-16 09:00:00,-1.8479601,34.22148
0001-08-16 10:00:00,-1.847958,34.221443
0001-08-16 11:00:00,-1.8479557,34.2214
0001-08-16 12:00:00,-1.8479534,34.22136
0001-08-16 13:00:00,-1.8479509,34.221313
0001-08-16 14:00:00,-1.847948,34.22126
0001-08-16 15:00:00,-1.8479449,34.221203
0001-08-16 16:00:00,-1.8479416,34.22114
0001-08-16 17:00:00,-1.8479384,34.22108
0001-08-16 18:00:00,-1.8479351,34.22102
0001-08-16 19:00:00,-1.8479316,34.22096
0001-08-16 20:00:00,-1.8479283,34.220894
0001-08-16 21:00:00,-1.847925,34.220833
0001-08-16 22:00:00,-1.8479215,34.220768
0001-08-16 23:00:00,-1.8479182,34.220707
0001-08-17 00:00:00,-1.8479147,34.220642
0001-08-17 01:00:00,-1.8479114,34.22058
0001-08-17 02:00:00,-1.8479079,34.220516
0001-08-17 03:00:00,-1.8479043,34.22045
0001-08-17 04:00:00,-1.847901,34.22039
0001-08-17 05:00:00,-1.8478978,34.22033
0001-08-17 06:00:00,-1.8478944,34.22027
0001-08-17 07:00:00,-1.8478906,34.220196
0001-08-17 08:00:00,-1.8478873,34.220135
0001-08-17 09:00:00,-1.847884,34.220074
0001-08-17 10:00:00,-1.8478804,34.22001
0001-08-17 11:00:00,-1.847877,34.219944
0001-08-17 12:00:00,-1.8478736,34.21988
0001-08-17 13:00:00,-1.8478703,34.219822
0001-08-17 14:00:00,-1.8478675,34.21977
0001-08-17 15:00:00,-1.847865,34.219723
0001-08-17 16:00:00,-1.8478627,34.21968
0001-08-17 17:00:00,-1.8478606,34.219643
0001-08-17 18:00:00,-1.8478588,34.21961
0001-08-17 19:00:00,-1.847857,34.219574
0001-08-17 20:00:00,-1.8478554,34.219547
0001-08-17 21:00:00,-1.8478539,34.219517
0001-08-17 22:00:00,-1.8478526,34.21949
0001-08-17 23:00:00,-1.8478513,34.219467
0001-08-18 00:00:00,-1.8478502,34.219448
0001-08-18 01:00:00,-1.8478492,34.21943
0001-08-18 02:00:00,-1.8478483,34.219414
0001-08-18 03:00:00,-1.8478475,34.2194
0001-08-18 04:00:00,-1.8478467,34.219383
0001-08-18 05:00:00,-1.8478462,34.21937
0001-08-18 06:00:00,-1.8478457,34.219364
0001-08-18 07:00:00,-1.8478453,34.219357
0001-08-18 08:00:00,-1.8478451,34.219353
0001-08-18 09:00:00,-1.8478451,34.219353
0001-08-18 10:00:00,-1.8478451,34.219353
0001-08-18 11:00:00,-1.8478453,34.219357
0001-08-18 12:00:00,-1.8478456,34.219364
0001-08-18 13:00:00,-1.8478456,34.219364
0001-08-18 14:00:00,-1.8478451,34.219353
0001-08-18 15:00:00,-1.8478442,34.219337
0001-08-18 16:00:00,-1.847843,34.219315
0001-08-18 17:00:00,-1.8478417,34.21929
0001-08-18 18:00:00,-1.8478402,34.21926
0001-08-18 19:00:00,-1.8478385,34.21923
0001-08-18 20:00:00,-1.8478367,34.2192
0001-08-18 21:00:00,-1.847835,34.219166
0001-08-18 22:00:00,-1.847833,34.21913
0001-08-18 23:00:00,-1.8478311,34.219093
0001-08-19 00:00:00,-1.8478291,34.219055
0001-08-19 01:00:00,-1.8478271,34.21902
0001-08-19 02:00:00,-1.847825,34.218983
0001-08-19 03:00:00,-1.847823,34.218945
0001-08-19 04:00:00,-1.847821,34.218906
0001-08-19 05:00:00,-1.8478189,34.21887
0001-08-19 06:00:00,-1.8478168,34.21883
0001-08-19 07:00:00,-1.8478148,34.218792
0001-08-19 08:00:00,-1.8478128,34.218754
0001-08-19 09:00:00,-1.8478109,34.21872
0001-08-19 10:00:00,-1.8478088,34.21868
0001-08-19 11:00:00,-1.8478073,34.218655
0001-08-19 12:00:00,-1.8478055,34.21862
0001-08-19 13:00:00,-1.8478037,34.218586
0001-08-19 14:00:00,-1.847802,34.218555
0001-08-19 15:00:00,-1.8478005,34.21853
0001-08-19 16:00:00,-1.847799,34.2185
0001-08-19 17:00:00,-1.8477975,34.21847
0001-08-19 18:00:00,-1.8477957,34.21844
0001-08-19 19:00:00,-1.8477942,34.21841
0001-08-19 20:00:00,-1.8477926,34.218384
0001-08-19 21:00:00,-1.8477912,34.218357
0001-08-19 22:00:00,-1.8477898,34.21833
0001-08-19 23:00:00,-1.8477883,34.218304
0001-08-20 00:00:00,-1.8477869,34.218277
0001-08-20 01:00:00,-1.8477856,34.21825
0001-08-20 02:00:00,-1.8477842,34.218224
0001-08-20 03:00:00,-1.8477829,34.2182
0001-08-20 04:00:00,-1.8477814,34.218174
0001-08-20 05:00:00,-1.8477801,34.21815
0001-08-20 06:00:00,-1.8477788,34.218124
0001-08-20 07:00:00,-1.8477774,34.2181
0001-08-20 08:00:00,-1.847776,34.218075
0001-08-20 09:00:00,-1.8477747,34.218052
0001-08-20 10:00:00,-1.8477734,34.218025
0001-08-20 11:00:00,-1.8477721,34.218002
0001-08-20 12:00:00,-1.8477709,34.21798
0001-08-20 13:00:00,-1.8477694,34.217953
0001-08-20 14:00:00,-1.8477676,34.21792
0001-08-20 15:00:00,-1.8477657,34.217884
0001-08-20 16:00:00,-1.8477635,34.217842
0001-08-20 17:00:00,-1.8477615,34.217808
0001-08-20 18:00:00,-1.8477592,34.217766
0001-08-20 19:00:00,-1.847757,34.21772
0001-08-20 20:00:00,-1.8477545,34.217674
0001-08-20 21:00:00,-1.847752,34.21763
0001-08-20 22:00:00,-1.8477495,34.217583
0001-08-20 23:00:00,-1.8477468,34.217533
0001-08-21 00:00:00,-1.8477443,34.217487
0001-08-21 01:00:00,-1.8477418,34.21744
0001-08-21 02:00:00,-1.8477395,34.217396
0001-08-21 03:00:00,-1.8477372,34.217354
0001-08-21 04:00:00,-1.847735,34.217316
0001-08-21 05:00:00,-1.847733,34.217278
0001-08-21 06:00:00,-1.8477312,34.217247
0001-08-21 07:00:00,-1.8477296,34.217213
0001-08-21 08:00:00,-1.847728,34.217186
0001-08-21 09:00:00,-1.8477266,34.21716
0001-08-21 10:00:00,-1.8477252,34.217133
0001-08-21 11:00:00,-1.8477238,34.21711
0001-08-21 12:00:00,-1.8477228,34.217087
0001-08-21 13:00:00,-1.8477215,34.217064
0001-08-21 14:00:00,-1.8477199,34.217033
0001-08-21 15:00:00,-1.8477182,34.217003
0001-08-21 16:00:00,-1.8477166,34.216972
0001-08-21 17:00:00,-1.8477148,34.21694
0001-08-21 18:00:00,-1.847713,34.216908
0001-08-21 19:00:00,-1.8477112,34.216873
0001-08-21 20:00:00,-1.8477094,34.21684
0001-08-21 21:00:00,-1.8477073,34.2168
0001-08-21 22:00:00,-1.8477055,34.216766
0001-08-21 23:00:00,-1.8477036,34.216732
0001-08-22 00:00:00,-1.8477017,34.216698
0001-08-22 01:00:00,-1.8476998,34.216663
0001-08-22 02:00:00,-1.8476979,34.216625
0001-08-22 03:00:00,-1.847696,34.21659
0001-08-22 04:00:00,-1.8476939,34.216557
0001-08-22 05:00:00,-1.847692,34.21652
0001-08-22 06:00:00,-1.8476901,34.216484
0001-08-22 07:00:00,-1.8476882,34.21645
0001-08-22 08:00:00,-1.8476863,34.21641
0001-08-22 09:00:00,-1.8476844,34.216377
0001-08-22 10:00:00,-1.8476825,34.216343
0001-08-22 11:00:00,-1.8476807,34.21631
0001-08-22 12:00:00,-1.8476788,34.216274
0001-08-22 13:00:00,-1.847677,34.21624
0001-08-22 14:00:00,-1.8476752,34.216206
0001-08-22 15:00:00,-1.8476733,34.21617
0001-08-22 16:00:00,-1.8476714,34.216137
0001-08-22 17:00:00,-1.8476696,34.216103
0001-08-22 18:00:00,-1.8476677,34.21607
0001-08-22 19:00:00,-1.8476657,34.21603
0001-08-22 20:00:00,-1.8476638,34.215996
0001-08-22 21:00:00,-1.847662,34.21596
0001-08-22 22:00:00,-1.8476601,34.215927
0001-08-22 23:00:00,-1.8476582,34.215893
0001-08-23 00:00:00,-1.8476562,34.215855
0001-08-23 01:00:00,-1.8476543,34.21582
0001-08-23 02:00:00,-1.8476523,34.215786
0001-08-23 03:00:00,-1.8476504,34.215748
0001-08-23 04:00:00,-1.8476485,34.215714
0001-08-23 05:00:00,-1.8476466,34.21568
0001-08-23 06:00:00,-1.8476447,34.215645
0001-08-23 07:00:00,-1.8476428,34.215607
0001-08-23 08:00:00,-1.847641,34.215572
0001-08-23 09:00:00,-1.8476391,34.215538
0001-08-23 10:00:00,-1.8476373,34.215508
0001-08-23 11:00:00,-1.8476355,34.215473
0001-08-23 12:00:00,-1.8476338,34.21544
0001-08-23 13:00:00,-1.8476322,34.21541
0001-08-23 14:00:00,-1.8476305,34.21538
0001-08-23 15:00:00,-1.8476291,34.21535
0001-08-23 16:00:00,-1.8476276,34.21533
0001-08-23 17:00:00,-1.8476263,34.2153
0001-08-23 18:00:00,-1.8476253,34.215282
0001-08-23 19:00:00,-1.8476242,34.215263
0001-08-23 20:00:00,-1.8476232,34.215244
0001-08-23 21:00:00,-1.8476224,34.21523
0001-08-23 22:00:00,-1.8476217,34.215218
0001-08-23 23:00:00,-1.8476212,34.215206
0001-08-24 00:00:00,-1.8476207,34.2152
0001-08-24 01:00:00,-1.8476204,34.21519
0001-08-24 02:00:00,-1.8476202,34.21519
0001-08-24 03:00:00,-1.8476201,34.215187
0001-08-24 04:00:00,-1.8476202,34.215187
0001-08-24 05:00:00,-1.8476204,34.21519
0001-08-24 06:00:00,-1.8476206,34.215195
0001-08-24 07:00:00,-1.847621,34.215202
0001-08-24 08:00:00,-1.8476213,34.21521
0001-08-24 09:00:00,-1.8476219,34.21522
0001-08-24 10:00:00,-1.8476224,34.21523
0001-08-24 11:00:00,-1.8476231,34.215244
0001-08-24 12:00:00,-1.847624,34.215256
0001-08-24 13:00:00,-1.8476247,34.21527
0001-08-24 14:00:00,-1.8476251,34.215282
0001-08-24 15:00:00,-1.8476257,34.21529
0001-08-24 16:00:00,-1.8476263,34.2153
0001-08-24 17:00:00,-1.8476268,34.215313
0001-08-24 18:00:00,-1.8476273,34.21532
0001-08-24 19:00:00,-1.847628,34.215332
0001-08-24 20:00:00,-1.8476286,34.215343
0001-08-24 21:00:00,-1.8476293,34.215355
0001-08-24 22:00:00,-1.84763,34.21537
0001-08-24 23:00:00,-1.8476309,34.215385
0001-08-25 00:00:00,-1.8476317,34.2154
0001-08-25 01:00:00,-1.8476328,34.215424
0001-08-25 02:00:00,-1.8476341,34.215446
0001-08-25 03:00:00,-1.8476354,34.21547
0001-08-25 04:00:00,-1.8476369,34.2155
0001-08-25 05:00:00,-1.8476386,34.21553
0001-08-25 06:00:00,-1.8476402,34.215557
0001-08-25 07:00:00,-1.8476418,34.215588
0001-08-25 08:00:00,-1.8476434,34.21562
0001-08-25 09:00:00,-1.8476449,34.215645
0001-08-25 10:00:00,-1.8476465,34.215675
0001-08-25 11:00:00,-1.8476481,34.215706
0001-08-25 12:00:00,-1.8476499,34.21574
0001-08-25 13:00:00,-1.8476518,34.215775
0001-08-25 14:00:00,-1.8476541,34.215816
0001-08-25 15:00:00,-1.8476565,34.215862
0001-08-25 16:00:00,-1.8476591,34.215908
0001-08-25 17:00:00,-1.847662,34.21596
0001-08-25 18:00:00,-1.8476652,34.216022
0001-08-25 19:00:00,-1.8476685,34.216084
0001-08-25 20:00:00,-1.8476728,34.216164
0001-08-25 21:00:00,-1.847677,34.21624
0001-08-25 22:00:00,-1.8476812,34.216316
0001-08-25 23:00:00,-1.8476851,34.216393
0001-08-26 00:00:00,-1.847689,34.216465
0001-08-26 01:00:00,-1.8476926,34.21653
0001-08-26 02:00:00,-1.847696,34.21659
0001-08-26 03:00:00,-1.8476992,34.216652
0001-08-26 04:00:00,-1.8477023,34.21671
0001-08-26 05:00:00,-1.8477054,34.216766
0001-08-26 06:00:00,-1.8477086,34.216824
0001-08-26 07:00:00,-1.8477118,34.216885
0001-08-26 08:00:00,-1.8477153,34.21695
0001-08-26 09:00:00,-1.8477188,34.217014
0001-08-26 10:00:00,-1.8477225,34.217083
0001-08-26 11:00:00,-1.8477263,34.217155
0001-08-26 12:00:00,-1.8477304,34.217228
0001-08-26 13:00:00,-1.8477346,34.217308
0001-08-26 14:00:00,-1.8477386,34.217384
0001-08-26 15:00:00,-1.8477429,34.21746
0001-08-26 16:00:00,-1.8477472,34.21754
0001-08-26 17:00:00,-1.8477516,34.21762
0001-08-26 18:00:00,-1.847756,34.217705
0001-08-26 19:00:00,-1.8477607,34.21779
0001-08-26 20:00:00,-1.8477653,34.217876
0001-08-26 21:00:00,-1.8477708,34.21798
0001-08-26 22:00:00,-1.8477762,34.21808
0001-08-26 23:00:00,-1.8477813,34.21817
0001-08-27 00:00:00,-1.8477862,34.21826
0001-08-27 01:00:00,-1.8477912,34.218353
0001-08-27 02:00:00,-1.847796,34.218445
0001-08-27 03:00:00,-1.8478007,34.218533
0001-08-27 04:00:00,-1.847805,34.218613
0001-08-27 05:00:00,-1.847809,34.218685
0001-08-27 06:00:00,-1.8478125,34.21875
0001-08-27 07:00:00,-1.8478158,34.21881
0001-08-27 08:00:00,-1.847819,34.21887
0001-08-27 09:00:00,-1.847822,34.218925
0001-08-27 10:00:00,-1.847825,34.218983
0001-08-27 11:00:00,-1.847828,34.219036
0001-08-27 12:00:00,-1.847831,34.219093
0001-08-27 13:00:00,-1.8478339,34.219147
0001-08-27 14:00:00,-1.8478366,34.219196
0001-08-27 15:00:00,-1.847839,34.219242
0001-08-27 16:00:00,-1.8478413,34.219284
0001-08-27 17:00:00,-1.8478433,34.21932
0001-08-27 18:00:00,-1.8478451,34.219353
0001-08-27 19:00:00,-1.8478466,34.219383
0001-08-27 20:00:00,-1.847848,34.21941
0001-08-27 21:00:00,-1.8478492,34.219433
0001-08-27 22:00:00,-1.8478503,34.21945
0001-08-27 23:00:00,-1.8478514,34.21947
0001-08-28 00:00:00,-1.8478522,34.219486
0001-08-28 01:00:00,-1.847853,34.219498
0001-08-28 02:00:00,-1.8478535,34.21951
0001-08-28 03:00:00,-1.847854,34.21952
0001-08-28 04:00:00,-1.8478544,34.21953
0001-08-28 05:00:00,-1.8478547,34.219532
0001-08-28 06:00:00,-1.847855,34.219536
0001-08-28 07:00:00,-1.847855,34.219536
0001-08-28 08:00:00,-1.8478551,34.21954
0001-08-28 09:00:00,-1.8478553,34.219543
0001-08-28 10:00:00,-1.8478556,34.219547
0001-08-28 11:00:00,-1.8478559,34.219555
0001-08-28 12:00:00,-1.8478563,34.219563
0001-08-28 13:00:00,-1.8478566,34.219566
0001-08-28 14:00:00,-1.847857,34.219574
0001-08-28 15:00:00,-1.8478572,34.219578
0001-08-28 16:00:00,-1.8478576,34.219585
0001-08-28 17:00:00,-1.847858,34.219593
0001-08-28 18:00:00,-1.8478583,34.219597
0001-08-28 19:00:00,-1.8478587,34.219604
0001-08-28 20:00:00,-1.8478591,34.219616
0001-08-28 21:00:00,-1.8478596,34.219624
0001-08-28 22:00:00,-1.8478602,34.219635
0001-08-28 23:00:00,-1.8478609,34.219646
0001-08-29 00:00:00,-1.8478616,34.21966
0001-08-29 01:00:00,-1.8478625,34.219677
0001-08-29 02:00:00,-1.8478636,34.219696
0001-08-29 03:00:00,-1.8478647,34.219715
0001-08-29 04:00:00,-1.847866,34.21974
0001-08-29 05:00:00,-1.8478676,34.219772
0001-08-29 06:00:00,-1.8478695,34.219807
0001-08-29 07:00:00,-1.8478715,34.219845
0001-08-29 08:00:00,-1.8478739,34.219887
0001-08-29 09:00:00,-1.8478763,34.219933
0001-08-29 10:00:00,-1.8478787,34.219975
0001-08-29 11:00:00,-1.8478811,34.22002
0001-08-29 12:00:00,-1.8478835,34.220066
0001-08-29 13:00:00,-1.8478857,34.220104
0001-08-29 14:00:00,-1.8478875,34.22014
0001-08-29 15:00:00,-1.847889,34.220165
0001-08-29 16:00:00,-1.8478901,34.22019
0001-08-29 17:00:00,-1.847891,34.220203
0001-08-29 18:00:00,-1.8478914,34.22021
0001-08-29 19:00:00,-1.8478917,34.220215
0001-08-29 20:00:00,-1.8478917,34.220215
0001-08-29 21:00:00,-1.8478914,34.22021
0001-08-29 22:00:00,-1.8478909,34.220203
0001-08-29 23:00:00,-1.8478901,34.22019
0001-08-30 00:00:00,-1.8478891,34.22017
0001-08-30 01:00:00,-1.8478879,34.220146
0001-08-30 02:00:00,-1.8478863,34.220116
0001-08-30 03:00:00,-1.8478847,34.220085
0001-08-30 04:00:00,-1.8478827,34.22005
0001-08-30 05:00:00,-1.8478806,34.220013
0001-08-30 06:00:00,-1.8478785,34.21997
0001-08-30 07:00:00,-1.8478764,34.219933
0001-08-30 08:00:00,-1.8478745,34.2199
0001-08-30 09:00:00,-1.8478727,34.219864
0001-08-30 10:00:00,-1.8478711,34.219837
0001-08-30 11:00:00,-1.8478698,34.21981
0001-08-30 12:00:00,-1.8478684,34.219788
0001-08-30 13:00:00,-1.8478671,34.21976
0001-08-30 14:00:00,-1.8478658,34.219738
0001-08-30 15:00:00,-1.8478646,34.219715
0001-08-30 16:00:00,-1.8478636,34.219696
0001-08-30 17:00:00,-1.8478624,34.219673
0001-08-30 18:00:00,-1.8478614,34.219654
0001-08-30 19:00:00,-1.8478603,34.219635
0001-08-30 20:00:00,-1.8478594,34.21962
0001-08-30 21:00:00,-1.8478585,34.2196
0001-08-30 22:00:00,-1.8478576,34.219585
0001-08-30 23:00:00,-1.8478568,34.21957
0001-08-31 00:00:00,-1.847856,34.219555
0001-08-31 01:00:00,-1.8478553,34.219543
0001-08-31 02:00:00,-1.8478546,34.219532
0001-08-31 03:00:00,-1.847854,34.219517
0001-08-31 04:00:00,-1.8478534,34.21951
0001-08-31 05:00:00,-1.847853,34.219498
0001-08-31 06:00:00,-1.8478525,34.21949
0001-08-31 07:00:00,-1.8478522,34.219486
0001-08-31 08:00:00,-1.8478519,34.21948
0001-08-31 09:00:00,-1.8478516,34.219475
0001-08-31 10:00:00,-1.8478515,34.21947
0001-08-31 11:00:00,-1.8478515,34.21947
0001-08-31 12:00:00,-1.8478515,34.21947
0001-08-31 13:00:00,-1.8478515,34.219475
0001-08-31 14:00:00,-1.8478518,34.219475
0001-08-31 15:00:00,-1.8478519,34.21948
0001-08-31 16:00:00,-1.8478521,34.219482
0001-08-31 17:00:00,-1.8478525,34.21949
0001-08-31 18:00:00,-1.8478527,34.219494
0001-08-31 19:00:00,-1.8478532,34.2195
0001-08-31 20:00:00,-1.8478537,34.219513
0001-08-31 21:00:00,-1.8478541,34.21952
0001-08-31 22:00:00,-1.8478547,34.219532
0001-08-31 23:00:00,-1.8478554,34.219543
0001-09-01 00:00:00,-1.8478563,34.21956
0001-09-01 01:00:00,-1.8478571,34.219578
0001-09-01 02:00:00,-1.8478581,34.219593
0001-09-01 03:00:00,-1.8478591,34.219612
0001-09-01 04:00:00,-1.8478603,34.219635
0001-09-01 05:00:00,-1.8478616,34.219658
0001-09-01 06:00:00,-1.847863,34.219685
0001-09-01 07:00:00,-1.8478645,34.21971
0001-09-01 08:00:00,-1.847866,34.21974
0001-09-01 09:00:00,-1.8478677,34.219772
0001-09-01 10:00:00,-1.8478695,34.219807
0001-09-01 11:00:00,-1.8478714,34.21984
0001-09-01 12:00:00,-1.8478732,34.219875
0001-09-01 13:00:00,-1.8478749,34.219906
0001-09-01 14:00:00,-1.8478763,34.219933
0001-09-01 15:00:00,-1.8478775,34.219955
0001-09-01 16:00:00,-1.8478786,34.219975
0001-09-01 17:00:00,-1.8478796,34.219994
0001-09-01 18:00:00,-1.8478805,34.22001
0001-09-01 19:00:00,-1.8478813,34.220024
0001-09-01 20:00:00,-1.847882,34.22004
0001-09-01 21:00:00,-1.8478826,34.22005
0001-09-01 22:00:00,-1.8478832,34.22006
0001-09-01 23:00:00,-1.8478837,34.22007
0001-09-02 00:00:00,-1.847884,34.220074
0001-09-02 01:00:00,-1.8478844,34.22008
0001-09-02 02:00:00,-1.8478845,34.220085
0001-09-02 03:00:00,-1.8478848,34.22009
0001-09-02 04:00:00,-1.8478848,34.22009
0001-09-02 05:00:00,-1.8478848,34.22009
0001-09-02 06:00:00,-1.8478847,34.220085
0001-09-02 07:00:00,-1.8478844,34.22008
0001-09-02 08:00:00,-1.847884,34.220078
0001-09-02 09:00:00,-1.8478837,34.220066
0001-09-02 10:00:00,-1.8478832,34.22006
0001-09-02 11:00:00,-1.8478825,34.220047
0001-09-02 12:00:00,-1.8478818,34.22003
0001-09-02 13:00:00,-1.8478811,34.22002
0001-09-02 14:00:00,-1.8478805,34.22001
0001-09-02 15:00:00,-1.8478799,34.219997
0001-09-02 16:00:00,-1.8478793,34.219986
0001-09-02 17:00:00,-1.8478788,34.21998
0001-09-02 18:00:00,-1.8478782,34.219967
0001-09-02 19:00:00,-1.8478777,34.21996
0001-09-02 20:00:00,-1.8478771,34.219948
0001-09-02 21:00:00,-1.8478767,34.219936
0001-09-02 22:00:00,-1.8478762,34.21993
0001-09-02 23:00:00,-1.8478756,34.219917
0001-09-03 00:00:00,-1.8478751,34.21991
0001-09-03 01:00:00,-1.8478746,34.219902
0001-09-03 02:00:00,-1.8478742,34.21989
0001-09-03 03:00:00,-1.8478736,34.219883
0001-09-03 04:00:00,-1.8478731,34.21987
0001-09-03 05:00:00,-1.8478726,34.219864
0001-09-03 06:00:00,-1.8478721,34.219852
0001-09-03 07:00:00,-1.8478717,34.219845
0001-09-03 08:00:00,-1.8478712,34.219837
0001-09-03 09:00:00,-1.8478707,34.219826
0001-09-03 10:00:00,-1.8478702,34.21982
0001-09-03 11:00:00,-1.8478698,34.21981
0001-09-03 12:00:00,-1.8478693,34.219803
0001-09-03 13:00:00,-1.8478688,34.219795
0001-09-03 14:00:00,-1.8478686,34.219788
0001-09-03 15:00:00,-1.8478683,34.219784
0001-09-03 16:00:00,-1.8478681,34.21978
0001-09-03 17:00:00,-1.847868,34.219776
0001-09-03 18:00:00,-1.8478678,34.219776
0001-09-03 19:00:00,-1.8478678,34.219776
0001-09-03 20:00:00,-1.8478678,34.219776
0001-09-03 21:00:00,-1.847868,34.219776
0001-09-03 22:00:00,-1.8478681,34.21978
0001-09-03 23:00:00,-1.8478683,34.219784
0001-09-04 00:00:00,-1.8478686,34.219788
0001-09-04 01:00:00,-1.8478688,34.21979
0001-09-04 02:00:00,-1.8478692,34.2198
0001-09-04 03:00:00,-1.8478696,34.219807
0001-09-04 04:00:00,-1.8478701,34.219814
0001-09-04 05:00:00,-1.8478706,34.219826
0001-09-04 06:00:00,-1.8478712,34.219837
0001-09-04 07:00:00,-1.8478718,34.21985
0001-09-04 08:00:00,-1.8478725,34.21986
0001-09-04 09:00:00,-1.8478732,34.219875
0001-09-04 10:00:00,-1.8478739,34.219887
0001-09-04 11:00:00,-1.8478749,34.219906
0001-09-04 12:00:00,-1.8478757,34.21992
0001-09-04 13:00:00,-1.8478765,34.219936
0001-09-04 14:00:00,-1.8478774,34.21995
0001-09-04 15:00:00,-1.8478781,34.219963
0001-09-04 16:00:00,-1.8478787,34.21998
0001-09-04 17:00:00,-1.8478794,34.21999
0001-09-04 18:00:00,-1.8478799,34.219997
0001-09-04 19:00:00,-1.8478805,34.22001
0001-09-04 20:00:00,-1.847881,34.220016
0001-09-04 21:00:00,-1.8478814,34.220024
0001-09-04 22:00:00,-1.8478818,34.22003
0001-09-04 23:00:00,-1.8478822,34.22004
0001-09-05 00:00:00,-1.8478824,34.220043
0001-09-05 01:00:00,-1.8478827,34.22005
0001-09-05 02:00:00,-1.8478829,34.220055
0001-09-05 03:00:00,-1.8478831,34.22006
0001-09-05 04:00:00,-1.8478832,34.220062
0001-09-05 05:00:00,-1.8478833,34.220062
0001-09-05 06:00:00,-1.8478835,34.220066
0001-09-05 07:00:00,-1.8478836,34.220066
0001-09-05 08:00:00,-1.8478837,34.220066
0001-09-05 09:00:00,-1.8478837,34.22007
0001-09-05 10:00:00,-1.8478838,34.22007
0001-09-05 11:00:00,-1.8478839,34.220074
0001-09-05 12:00:00,-1.847884,34.220074
0001-09-05 13:00:00,-1.8478842,34.220078
0001-09-05 14:00:00,-1.8478843,34.220078
0001-09-05 15:00:00,-1.8478843,34.22008
0001-09-05 16:00:00,-1.8478844,34.22008
0001-09-05 17:00:00,-1.8478845,34.220085
0001-09-05 18:00:00,-1.8478847,34.220085
0001-09-05 19:00:00,-1.8478848,34.22009
0001-09-05 20:00:00,-1.8478849,34.220093
0001-09-05 21:00:00,-1.8478851,34.220097
0001-09-05 22:00:00,-1.8478854,34.2201
0001-09-05 23:00:00,-1.8478856,34.220104
0001-09-06 00:00:00,-1.847886,34.220108
0001-09-06 01:00:00,-1.8478863,34.220116
0001-09-06 02:00:00,-1.8478867,34.220123
0001-09-06 03:00:00,-1.8478872,34.220135
0001-09-06 04:00:00,-1.8478878,34.220142
0001-09-06 05:00:00,-1.8478884,34.220154
0001-09-06 06:00:00,-1.847889,34.220165
0001-09-06 07:00:00,-1.8478897,34.22018
0001-09-06 08:00:00,-1.8478904,34.220192
0001-09-06 09:00:00,-1.8478912,34.220207
0001-09-06 10:00:00,-1.8478919,34.220222
0001-09-06 11:00:00,-1.8478928,34.220238
0001-09-06 12:00:00,-1.8478936,34.220253
0001-09-06 13:00:00,-1.8478945,34.22027
0001-09-06 14:00:00,-1.8478953,34.220284
0001-09-06 15:00:00,-1.847896,34.220295
0001-09-06 16:00:00,-1.8478966,34.220306
0001-09-06 17:00:00,-1.8478972,34.220318
0001-09-06 18:00:00,-1.8478976,34.220325
0001-09-06 19:00:00,-1.8478981,34.220337
0001-09-06 20:00:00,-1.8478985,34.22034
0001-09-06 21:00:00,-1.8478988,34.22035
0001-09-06 22:00:00,-1.8478992,34.220356
0001-09-06 23:00:00,-1.8478994,34.22036
0001-09-07 00:00:00,-1.8478998,34.220367
0001-09-07 01:00:00,-1.8479002,34.22037
0001-09-07 02:00:00,-1.8479005,34.22038
0001-09-07 03:00:00,-1.847901,34.22039
0001-09-07 04:00:00,-1.8479015,34.220398
0001-09-07 05:00:00,-1.8479022,34.22041
0001-09-07 06:00:00,-1.8479029,34.220425
0001-09-07 07:00:00,-1.8479037,34.22044
0001-09-07 08:00:00,-1.8479048,34.22046
0001-09-07 09:00:00,-1.847906,34.22048
0001-09-07 10:00:00,-1.8479074,34.22051
0001-09-07 11:00:00,-1.8479091,34.22054
0001-09-07 12:00:00,-1.8479111,34.220577
0001-09-07 13:00:00,-1.8479134,34.22062
0001-09-07 14:00:00,-1.8479159,34.220665
0001-09-07 15:00:00,-1.8479187,34.22072
0001-09-07 16:00:00,-1.8479218,34.220776
0001-09-07 17:00:00,-1.8479253,34.22084
0001-09-07 18:00:00,-1.8479291,34.22091
0001-09-07 19:00:00,-1.8479338,34.220997
0001-09-07 20:00:00,-1.8479384,34.22108
0001-09-07 21:00:00,-1.847943,34.221165
0001-09-07 22:00:00,-1.8479471,34.221245
0001-09-07 23:00:00,-1.847951,34.221317
0001-09-08 00:00:00,-1.8479549,34.221386
0001-09-08 01:00:00,-1.8479584,34.221455
0001-09-08 02:00:00,-1.8479621,34.221523
0001-09-08 03:00:00,-1.847966,34.221592
0001-09-08 04:00:00,-1.84797,34.221664
0001-09-08 05:00:00,-1.8479741,34.221745
0001-09-08 06:00:00,-1.8479785,34.221825
0001-09-08 07:00:00,-1.847983,34.22191
0001-09-08 08:00:00,-1.8479878,34.221996
0001-09-08 09:00:00,-1.8479928,34.222088
0001-09-08 10:00:00,-1.8479981,34.222187
0001-09-08 11:00:00,-1.8480039,34.222294
0001-09-08 12:00:00,-1.84801,34.222404
0001-09-08 13:00:00,-1.8480159,34.22252
0001-09-08 14:00:00,-1.8480227,34.22264
0001-09-08 15:00:00,-1.8480289,34.22276
0001-09-08 16:00:00,-1.848035,34.22287
0001-09-08 17:00:00,-1.848041,34.222984
0001-09-08 18:00:00,-1.848047,34.22309
0001-09-08 19:00:00,-1.8480525,34.223194
0001-09-08 20:00:00,-1.8480573,34.22328
0001-09-08 21:00:00,-1.8480614,34.22336
0001-09-08 22:00:00,-1.8480651,34.223427
0001-09-08 23:00:00,-1.8480685,34.223488
0001-09-09 00:00:00,-1.8480713,34.223545
0001-09-09 01:00:00,-1.8480741,34.223595
0001-09-09 02:00:00,-1.8480765,34.223637
0001-09-09 03:00:00,-1.8480785,34.223675
0001-09-09 04:00:00,-1.8480804,34.22371
0001-09-09 05:00:00,-1.8480821,34.22374
0001-09-09 06:00:00,-1.8480835,34.223766
0001-09-09 07:00:00,-1.8480847,34.22379
0001-09-09 08:00:00,-1.8480858,34.223812
0001-09-09 09:00:00,-1.8480867,34.223827
0001-09-09 10:00:00,-1.8480875,34.223843
0001-09-09 11:00:00,-1.8480883,34.223858
0001-09-09 12:00:00,-1.848089,34.22387
0001-09-09 13:00:00,-1.8480896,34.22388
0001-09-09 14:00:00,-1.84809,34.22389
0001-09-09 15:00:00,-1.8480905,34.2239
0001-09-09 16:00:00,-1.8480909,34.223907
0001-09-09 17:00:00,-1.8480912,34.22391
0001-09-09 18:00:00,-1.8480916,34.22392
0001-09-09 19:00:00,-1.8480918,34.223923
0001-09-09 20:00:00,-1.8480921,34.223927
0001-09-09 21:00:00,-1.8480922,34.22393
0001-09-09 22:00:00,-1.8480924,34.223934
0001-09-09 23:00:00,-1.8480926,34.223938
0001-09-10 00:00:00,-1.8480927,34.223938
0001-09-10 01:00:00,-1.8480928,34.22394
0001-09-10 02:00:00,-1.8480929,34.22394
0001-09-10 03:00:00,-1.848093,34.223946
0001-09-10 04:00:00,-1.8480932,34.22395
0001-09-10 05:00:00,-1.8480933,34.22395
0001-09-10 06:00:00,-1.8480934,34.223953
0001-09-10 07:00:00,-1.8480935,34.223953
0001-09-10 08:00:00,-1.8480937,34.223957
0001-09-10 09:00:00,-1.8480939,34.22396
0001-09-10 10:00:00,-1.8480941,34.223965
0001-09-10 11:00:00,-1.8480942,34.22397
0001-09-10 12:00:00,-1.8480945,34.223972
0001-09-10 13:00:00,-1.8480947,34.223976
0001-09-10 14:00:00,-1.8480949,34.22398
0001-09-10 15:00:00,-1.8480952,34.223984
0001-09-10 16:00:00,-1.8480954,34.223988
0001-09-10 17:00:00,-1.8480955,34.22399
0001-09-10 18:00:00,-1.8480958,34.223995
0001-09-10 19:00:00,-1.8480959,34.224
0001-09-10 20:00:00,-1.8480959,34.224
0001-09-10 21:00:00,-1.848096,34.224
0001-09-10 22:00:00,-1.8480961,34.224003
0001-09-10 23:00:00,-1.8480963,34.224003
0001-09-11 00:00:00,-1.8480964,34.224007
0001-09-11 01:00:00,-1.8480965,34.22401
0001-09-11 02:00:00,-1.8480967,34.224014
0001-09-11 03:00:00,-1.8480968,34.22402
0001-09-11 04:00:00,-1.8480971,34.22402
0001-09-11 05:00:00,-1.8480973,34.224022
0001-09-11 06:00:00,-1.8480976,34.22403
0001-09-11 07:00:00,-1.8480978,34.224033
0001-09-11 08:00:00,-1.848098,34.224037
0001-09-11 09:00:00,-1.8480985,34.224045
0001-09-11 10:00:00,-1.848099,34.224056
0001-09-11 11:00:00,-1.8480996,34.224064
0001-09-11 12:00:00,-1.8481002,34.22408
0001-09-11 13:00:00,-1.8481007,34.224087
0001-09-11 14:00:00,-1.8481007,34.224087
0001-09-11 15:00:00,-1.8481005,34.224083
0001-09-11 16:00:00,-1.8481002,34.224075
0001-09-11 17:00:00,-1.8480995,34.224064
0001-09-11 18:00:00,-1.8480988,34.22405
0001-09-11 19:00:00,-1.8480977,34.22403
0001-09-11 20:00:00,-1.8480964,34.224007
0001-09-11 21:00:00,-1.8480948,34.22398
0001-09-11 22:00:00,-1.848093,34.223946
0001-09-11 23:00:00,-1.848091,34.223907
0001-09-12 00:00:00,-1.8480886,34.22386
0001-09-12 01:00:00,-1.848086,34.223816
0001-09-12 02:00:00,-1.848083,34.22376
0001-09-12 03:00:00,-1.8480799,34.2237
0001-09-12 04:00:00,-1.8480766,34.22364
0001-09-12 05:00:00,-1.8480732,34.22358
0001-09-12 06:00:00,-1.84807,34.22352
0001-09-12 07:00:00,-1.8480669,34.22346
0001-09-12 08:00:00,-1.8480638,34.223404
0001-09-12 09:00:00,-1.848061,34.22335
0001-09-12 10:00:00,-1.8480582,34.2233
0001-09-12 11:00:00,-1.8480555,34.22325
0001-09-12 12:00:00,-1.8480529,34.2232
0001-09-12 13:00:00,-1.8480502,34.223152
0001-09-12 14:00:00,-1.8480477,34.223106
0001-09-12 15:00:00,-1.8480455,34.223064
0001-09-12 16:00:00,-1.8480436,34.223026
0001-09-12 17:00:00,-1.8480418,34.222996
0001-09-12 18:00:00,-1.8480403,34.22297
0001-09-12 19:00:00,-1.848039,34.222946
0001-09-12 20:00:00,-1.848038,34.222927
0001-09-12 21:00:00,-1.848037,34.222908
0001-09-12 22:00:00,-1.848036,34.22289
0001-09-12 23:00:00,-1.8480353,34.222878
0001-09-13 00:00:00,-1.8480347,34.222866
0001-09-13 01:00:00,-1.8480339,34.22285
0001-09-13 02:00:00,-1.8480334,34.22284
0001-09-13 03:00:00,-1.848033,34.22283
0001-09-13 04:00:00,-1.8480325,34.222824
0001-09-13 05:00:00,-1.8480321,34.222816
0001-09-13 06:00:00,-1.8480318,34.222813
0001-09-13 07:00:00,-1.8480316,34.22281
0001-09-13 08:00:00,-1.8480316,34.22281
0001-09-13 09:00:00,-1.8480318,34.22281
0001-09-13 10:00:00,-1.8480321,34.222816
0001-09-13 11:00:00,-1.8480327,34.222828
0001-09-13 12:00:00,-1.8480333,34.22284
0001-09-13 13:00:00,-1.8480341,34.222855
0001-09-13 14:00:00,-1.848035,34.22287
0001-09-13 15:00:00,-1.8480359,34.22289
0001-09-13 16:00:00,-1.8480371,34.222908
0001-09-13 17:00:00,-1.8480381,34.222927
0001-09-13 18:00:00,-1.8480392,34.222946
0001-09-13 19:00:00,-1.8480402,34.222965
0001-09-13 20:00:00,-1.8480414,34.22299
0001-09-13 21:00:00,-1.8480427,34.223015
0001-09-13 22:00:00,-1.8480442,34.22304
0001-09-13 23:00:00,-1.8480458,34.223072
0001-09-14 00:00:00,-1.8480476,34.223106
0001-09-14 01:00:00,-1.8480496,34.22314
0001-09-14 02:00:00,-1.8480518,34.22318
0001-09-14 03:00:00,-1.848054,34.223225
0001-09-14 04:00:00,-1.8480566,34.22327
0001-09-14 05:00:00,-1.8480592,34.22332
0001-09-14 06:00:00,-1.848062,34.22337
0001-09-14 07:00:00,-1.848065,34.223427
0001-09-14 08:00:00,-1.8480682,34.223484
0001-09-14 09:00:00,-1.8480716,34.22355
0001-09-14 10:00:00,-1.848075,34.223614
0001-09-14 11:00:00,-1.8480788,34.223682
0001-09-14 12:00:00,-1.8480828,34.223755
0001-09-14 13:00:00,-1.8480866,34.223827
0001-09-14 14:00:00,-1.8480903,34.223896
0001-09-14 15:00:00,-1.8480937,34.22396
0001-09-14 16:00:00,-1.8480973,34.224022
0001-09-14 17:00:00,-1.8481013,34.2241
0001-09-14 18:00:00,-1.8481048,34.224163
0001-09-14 19:00:00,-1.848108,34.224224
0001-09-14 20:00:00,-1.848111,34.224277
0001-09-14 21:00:00,-1.8481138,34.22433
0001-09-14 22:00:00,-1.8481164,34.224377
0001-09-14 23:00:00,-1.8481188,34.224422
0001-09-15 00:00:00,-1.848121,34.224464
0001-09-15 01:00:00,-1.8481232,34.224503
0001-09-15 02:00:00,-1.8481252,34.22454
0001-09-15 03:00:00,-1.848127,34.224575
0001-09-15 04:00:00,-1.8481288,34.224606
0001-09-15 05:00:00,-1.8481303,34.224636
0001-09-15 06:00:00,-1.8481318,34.224663
0001-09-15 07:00:00,-1.8481331,34.224686
0001-09-15 08:00:00,-1.8481343,34.22471
0001-09-15 09:00:00,-1.8481354,34.224728
0001-09-15 10:00:00,-1.8481364,34.224747
0001-09-15 11:00:00,-1.8481373,34.224766
0001-09-15 12:00:00,-1.8481381,34.22478
0001-09-15 13:00:00,-1.8481388,34.224792
0001-09-15 14:00:00,-1.8481395,34.224804
0001-09-15 15:00:00,-1.8481401,34.224815
0001-09-15 16:00:00,-1.8481406,34.224827
0001-09-15 17:00:00,-1.848141,34.224834
0001-09-15 18:00:00,-1.8481413,34.22484
0001-09-15 19:00:00,-1.8481417,34.224846
0001-09-15 20:00:00,-1.8481419,34.22485
0001-09-15 21:00:00,-1.848142,34.224854
0001-09-15 22:00:00,-1.8481423,34.224857
0001-09-15 23:00:00,-1.8481424,34.224857
0001-09-16 00:00:00,-1.8481425,34.22486
0001-09-16 01:00:00,-1.8481425,34.22486
0001-09-16 02:00:00,-1.8481426,34.224865
0001-09-16 03:00:00,-1.8481427,34.224865
0001-09-16 04:00:00,-1.8481429,34.22487
0001-09-16 05:00:00,-1.848143,34.22487
0001-09-16 06:00:00,-1.8481431,34.224873
0001-09-16 07:00:00,-1.8481433,34.224876
0001-09-16 08:00:00,-1.8481436,34.22488
0001-09-16 09:00:00,-1.8481439,34.224888
0001-09-16 10:00:00,-1.8481443,34.224895
0001-09-16 11:00:00,-1.8481448,34.224903
0001-09-16 12:00:00,-1.8481452,34.22491
0001-09-16 13:00:00,-1.8481458,34.224922
0001-09-16 14:00:00,-1.8481464,34.224934
0001-09-16 15:00:00,-1.848147,34.224945
0001-09-16 16:00:00,-1.8481477,34.224957
0001-09-16 17:00:00,-1.8481483,34.224968
0001-09-16 18:00:00,-1.848149,34.22498
0001-09-16 19:00:00,-1.8481495,34.22499
0001-09-16 20:00:00,-1.84815,34.225002
0001-09-16 21:00:00,-1.8481506,34.22501
0001-09-16 22:00:00,-1.8481511,34.22502
0001-09-16 23:00:00,-1.8481516,34.22503
0001-09-17 00:00:00,-1.848152,34.225037
0001-09-17 01:00:00,-1.8481524,34.225044
0001-09-17 02:00:00,-1.8481528,34.22505
0001-09-17 03:00:00,-1.8481531,34.22506
0001-09-17 04:00:00,-1.8481535,34.225063
0001-09-17 05:00:00,-1.8481537,34.22507
0001-09-17 06:00:00,-1.848154,34.225075
0001-09-17 07:00:00,-1.8481542,34.22508
0001-09-17 08:00:00,-1.8481544,34.225082
0001-09-17 09:00:00,-1.8481547,34.225086
0001-09-17 10:00:00,-1.8481548,34.22509
0001-09-17 11:00:00,-1.8481549,34.22509
0001-09-17 12:00:00,-1.8481551,34.225094
0001-09-17 13:00:00,-1.8481551,34.225098
0001-09-17 14:00:00,-1.8481553,34.225098
0001-09-17 15:00:00,-1.8481554,34.2251
0001-09-17 16:00:00,-1.8481555,34.2251
0001-09-17 17:00:00,-1.8481555,34.2251
0001-09-17 18:00:00,-1.8481556,34.225105
0001-09-17 19:00:00,-1.8481556,34.225105
0001-09-17 20:00:00,-1.8481557,34.225105
0001-09-17 21:00:00,-1.8481557,34.225105
0001-09-17 22:00:00,-1.8481557,34.225105
0001-09-17 23:00:00,-1.8481557,34.225105
0001-09-18 00:00:00,-1.8481559,34.22511
0001-09-18 01:00:00,-1.8481559,34.22511
0001-09-18 02:00:00,-1.8481559,34.22511
0001-09-18 03:00:00,-1.848156,34.22511
0001-09-18 04:00:00,-1.848156,34.22511
0001-09-18 05:00:00,-1.848156,34.225113
0001-09-18 06:00:00,-1.8481561,34.225113
0001-09-18 07:00:00,-1.8481561,34.225113
0001-09-18 08:00:00,-1.8481562,34.225117
0001-09-18 09:00:00,-1.8481563,34.225117
0001-09-18 10:00:00,-1.8481565,34.225117
0001-09-18 11:00:00,-1.8481565,34.22512
0001-09-18 12:00:00,-1.8481566,34.225124
0001-09-18 13:00:00,-1.8481567,34.225124
0001-09-18 14:00:00,-1.8481568,34.22513
0001-09-18 15:00:00,-1.8481569,34.22513
0001-09-18 16:00:00,-1.848157,34.225132
0001-09-18 17:00:00,-1.8481572,34.225132
0001-09-18 18:00:00,-1.8481573,34.225136
0001-09-18 19:00:00,-1.8481574,34.225136
0001-09-18 20:00:00,-1.8481575,34.22514
0001-09-18 21:00:00,-1.8481576,34.225143
0001-09-18 22:00:00,-1.8481578,34.225143
0001-09-18 23:00:00,-1.848158,34.225147
0001-09-19 00:00:00,-1.8481581,34.22515
0001-09-19 01:00:00,-1.8481584,34.225155
0001-09-19 02:00:00,-1.8481586,34.22516
0001-09-19 03:00:00,-1.8481588,34.225163
0001-09-19 04:00:00,-1.8481592,34.22517
0001-09-19 05:00:00,-1.8481594,34.225174
0001-09-19 06:00:00,-1.8481598,34.22518
0001-09-19 07:00:00,-1.8481601,34.22519
0001-09-19 08:00:00,-1.8481606,34.225197
0001-09-19 09:00:00,-1.848161,34.225204
0001-09-19 10:00:00,-1.8481616,34.225216
0001-09-19 11:00:00,-1.8481622,34.225224
0001-09-19 12:00:00,-1.8481629,34.22524
0001-09-19 13:00:00,-1.8481635,34.22525
0001-09-19 14:00:00,-1.848164,34.225258
0001-09-19 15:00:00,-1.8481642,34.22526
0001-09-19 16:00:00,-1.8481644,34.22527
0001-09-19 17:00:00,-1.8481647,34.225273
0001-09-19 18:00:00,-1.8481648,34.225273
0001-09-19 19:00:00,-1.8481648,34.225273
0001-09-19 20:00:00,-1.8481649,34.225277
0001-09-19 21:00:00,-1.8481649,34.225277
0001-09-19 22:00:00,-1.8481648,34.225273
0001-09-19 23:00:00,-1.8481648,34.225273
0001-09-20 00:00:00,-1.8481647,34.225273
0001-09-20 01:00:00,-1.8481646,34.22527
0001-09-20 02:00:00,-1.8481646,34.22527
0001-09-20 03:00:00,-1.8481646,34.22527
0001-09-20 04:00:00,-1.8481644,34.225266
0001-09-20 05:00:00,-1.8481643,34.225266
0001-09-20 06:00:00,-1.8481642,34.225266
0001-09-20 07:00:00,-1.8481642,34.22526
0001-09-20 08:00:00,-1.8481641,34.22526
0001-09-20 09:00:00,-1.8481641,34.225258
0001-09-20 10:00:00,-1.848164,34.225258
0001-09-20 11:00:00,-1.8481638,34.225258
0001-09-20 12:00:00,-1.8481638,34.225254
0001-09-20 13:00:00,-1.8481636,34.22525
0001-09-20 14:00:00,-1.8481631,34.225243
0001-09-20 15:00:00,-1.8481627,34.225235
0001-09-20 16:00:00,-1.8481619,34.225224
0001-09-20 17:00:00,-1.8481612,34.22521
0001-09-20 18:00:00,-1.8481604,34.225193
0001-09-20 19:00:00,-1.8481596,34.225178
0001-09-20 20:00:00,-1.848159,34.225166
0001-09-20 21:00:00,-1.8481584,34.225155
0001-09-20 22:00:00,-1.848158,34.225147
0001-09-20 23:00:00,-1.8481576,34.22514
0001-09-21 00:00:00,-1.8481574,34.225136
0001-09-21 01:00:00,-1.8481574,34.225136
0001-09-21 02:00:00,-1.8481575,34.22514
0001-09-21 03:00:00,-1.8481581,34.22515
0001-09-21 04:00:00,-1.848159,34.225166
0001-09-21 05:00:00,-1.8481601,34.22519
0001-09-21 06:00:00,-1.8481618,34.225216
0001-09-21 07:00:00,-1.8481637,34.225254
0001-09-21 08:00:00,-1.8481662,34.2253
0001-09-21 09:00:00,-1.8481694,34.22536
0001-09-21 10:00:00,-1.8481737,34.225437
0001-09-21 11:00:00,-1.8481786,34.22553
0001-09-21 12:00:00,-1.8481835,34.22562
0001-09-21 13:00:00,-1.848188,34.225704
0001-09-21 14:00:00,-1.8481921,34.22578
0001-09-21 15:00:00,-1.8481956,34.22584
0001-09-21 16:00:00,-1.8481985,34.2259
0001-09-21 17:00:00,-1.8482013,34.225952
0001-09-21 18:00:00,-1.8482039,34.225998
0001-09-21 19:00:00,-1.8482064,34.226044
0001-09-21 20:00:00,-1.8482087,34.226086
0001-09-21 21:00:00,-1.8482109,34.226128
0001-09-21 22:00:00,-1.848213,34.226166
0001-09-21 23:00:00,-1.848215,34.226204
0001-09-22 00:00:00,-1.8482168,34.22624
0001-09-22 01:00:00,-1.8482186,34.22627
0001-09-22 02:00:00,-1.8482203,34.226303
0001-09-22 03:00:00,-1.848222,34.226334
0001-09-22 04:00:00,-1.8482236,34.226364
0001-09-22 05:00:00,-1.8482251,34.22639
0001-09-22 06:00:00,-1.8482265,34.226418
0001-09-22 07:00:00,-1.848228,34.226444
0001-09-22 08:00:00,-1.8482293,34.22647
0001-09-22 09:00:00,-1.8482307,34.226494
0001-09-22 10:00:00,-1.848232,34.226517
0001-09-22 11:00:00,-1.8482333,34.226543
0001-09-22 12:00:00,-1.8482347,34.226566
0001-09-22 13:00:00,-1.8482358,34.22659
0001-09-22 14:00:00,-1.848237,34.226612
0001-09-22 15:00:00,-1.8482382,34.226635
0001-09-22 16:00:00,-1.8482392,34.226654
0001-09-22 17:00:00,-1.8482403,34.22667
0001-09-22 18:00:00,-1.8482411,34.22669
0001-09-22 19:00:00,-1.848242,34.226704
0001-09-22 20:00:00,-1.8482429,34.22672
0001-09-22 21:00:00,-1.8482436,34.226734
0001-09-22 22:00:00,-1.8482443,34.226746
0001-09-22 23:00:00,-1.848245,34.22676
0001-09-23 00:00:00,-1.8482457,34.226772
0001-09-23 01:00:00,-1.8482465,34.226784
0001-09-23 02:00:00,-1.848247,34.2268
0001-09-23 03:00:00,-1.8482476,34.22681
0001-09-23 04:00:00,-1.8482484,34.22682
0001-09-23 05:00:00,-1.8482488,34.22683
0001-09-23 06:00:00,-1.8482494,34.22684
0001-09-23 07:00:00,-1.8482502,34.226852
0001-09-23 08:00:00,-1.8482507,34.226864
0001-09-23 09:00:00,-1.8482513,34.22688
0001-09-23 10:00:00,-1.848252,34.22689
0001-09-23 11:00:00,-1.8482529,34.226906
0001-09-23 12:00:00,-1.8482538,34.226925
0001-09-23 13:00:00,-1.8482547,34.22694
0001-09-23 14:00:00,-1.8482553,34.22695
0001-09-23 15:00:00,-1.8482556,34.226955
0001-09-23 16:00:00,-1.848256,34.226963
0001-09-23 17:00:00,-1.8482561,34.226967
0001-09-23 18:00:00,-1.8482563,34.226967
0001-09-23 19:00:00,-1.8482565,34.22697
0001-09-23 20:00:00,-1.8482567,34.226974
0001-09-23 21:00:00,-1.8482571,34.226982
0001-09-23 22:00:00,-1.8482574,34.22699
0001-09-23 23:00:00,-1.848258,34.227
0001-09-24 00:00:00,-1.8482589,34.227016
0001-09-24 01:00:00,-1.8482597,34.22703
0001-09-24 02:00:00,-1.8482609,34.22705
0001-09-24 03:00:00,-1.8482622,34.227077
0001-09-24 04:00:00,-1.8482636,34.227104
0001-09-24 05:00:00,-1.8482654,34.227135
0001-09-24 06:00:00,-1.8482672,34.22717
0001-09-24 07:00:00,-1.8482691,34.227207
0001-09-24 08:00:00,-1.848271,34.22724
0001-09-24 09:00:00,-1.8482732,34.22728
0001-09-24 10:00:00,-1.8482754,34.22732
0001-09-24 11:00:00,-1.8482778,34.227367
0001-09-24 12:00:00,-1.8482804,34.227417
0001-09-24 13:00:00,-1.8482832,34.227467
0001-09-24 14:00:00,-1.8482858,34.227512
0001-09-24 15:00:00,-1.8482882,34.22756
0001-09-24 16:00:00,-1.8482906,34.227604
0001-09-24 17:00:00,-1.8482927,34.227642
0001-09-24 18:00:00,-1.8482946,34.22768
0001-09-24 19:00:00,-1.8482965,34.22771
0001-09-24 20:00:00,-1.8482981,34.22774
0001-09-24 21:00:00,-1.8482996,34.22777
0001-09-24 22:00:00,-1.8483009,34.227795
0001-09-24 23:00:00,-1.8483021,34.227818
0001-09-25 00:00:00,-1.8483032,34.227837
0001-09-25 01:00:00,-1.8483043,34.227856
0001-09-25 02:00:00,-1.8483051,34.22787
0001-09-25 03:00:00,-1.848306,34.227886
0001-09-25 04:00:00,-1.8483067,34.2279
0001-09-25 05:00:00,-1.8483073,34.227913
0001-09-25 06:00:00,-1.8483077,34.22792
0001-09-25 07:00:00,-1.8483082,34.227932
0001-09-25 08:00:00,-1.8483086,34.227936
0001-09-25 09:00:00,-1.8483088,34.22794
0001-09-25 10:00:00,-1.848309,34.227943
0001-09-25 11:00:00,-1.848309,34.227947
0001-09-25 12:00:00,-1.848309,34.227943
0001-09-25 13:00:00,-1.848307,34.227905
0001-09-25 14:00:00,-1.8483019,34.227814
0001-09-25 15:00:00,-1.8482945,34.227676
0001-09-25 16:00:00,-1.8482852,34.227505
0001-09-25 17:00:00,-1.8482734,34.227283
0001-09-25 18:00:00,-1.8482593,34.227024
0001-09-25 19:00:00,-1.8482424,34.22671
0001-09-25 20:00:00,-1.8482223,34.226337
0001-09-25 21:00:00,-1.8481987,34.225903
0001-09-25 22:00:00,-1.8481694,34.22536
0001-09-25 23:00:00,-1.8481377,34.224773
0001-09-26 00:00:00,-1.8481004,34.224083
0001-09-26 01:00:00,-1.8480605,34.223343
0001-09-26 02:00:00,-1.8480134,34.22247
0001-09-26 03:00:00,-1.847958,34.221443
0001-09-26 04:00:00,-1.847891,34.220203
0001-09-26 05:00:00,-1.8478239,34.21896
0001-09-26 06:00:00,-1.8477479,34.217556
0001-09-26 07:00:00,-1.8476695,34.216103
0001-09-26 08:00:00,-1.847583,34.2145
0001-09-26 09:00:00,-1.8474889,34.212757
0001-09-26 10:00:00,-1.8473854,34.21084
0001-09-26 11:00:00,-1.8472677,34.208664
0001-09-26 12:00:00,-1.8468963,34.206013
0001-09-26 13:00:00,-1.8465549,34.203568
0001-09-26 14:00:00,-1.8465163,34.201855
0001-09-26 15:00:00,-1.8467083,34.200138
0001-09-26 16:00:00,-1.8467289,34.198685
0001-09-26 17:00:00,-1.8466687,34.19757
0001-09-26 18:00:00,-1.8466294,34.196842
0001-09-26 19:00:00,-1.846613,34.196537
0001-09-26 20:00:00,-1.8466328,34.196903
0001-09-26 21:00:00,-1.8466768,34.19772
0001-09-26 22:00:00,-1.8466922,34.198006
0001-09-26 23:00:00,-1.8466995,34.19814
0001-09-27 00:00:00,-1.8467149,34.198425
0001-09-27 01:00:00,-1.8467429,34.198944
0001-09-27 02:00:00,-1.846788,34.19978
0001-09-27 03:00:00,-1.8468379,34.200703
0001-09-27 04:00:00,-1.8468686,34.20127
0001-09-27 05:00:00,-1.8468989,34.20183
0001-09-27 06:00:00,-1.8469363,34.202526
0001-09-27 07:00:00,-1.8469836,34.2034
0001-09-27 08:00:00,-1.8470317,34.204292
0001-09-27 09:00:00,-1.8470715,34.20503
0001-09-27 10:00:00,-1.8471112,34.205765
0001-09-27 11:00:00,-1.8471553,34.20658
0001-09-27 12:00:00,-1.8472044,34.20749
0001-09-27 13:00:00,-1.8472472,34.208282
0001-09-27 14:00:00,-1.8472803,34.208893
0001-09-27 15:00:00,-1.8473104,34.209454
0001-09-27 16:00:00,-1.8473417,34.21003
0001-09-27 17:00:00,-1.8473676,34.21051
0001-09-27 18:00:00,-1.8473889,34.210903
0001-09-27 19:00:00,-1.8474088,34.211273
0001-09-27 20:00:00,-1.8474292,34.21165
0001-09-27 21:00:00,-1.8474512,34.21206
0001-09-27 22:00:00,-1.8474696,34.2124
0001-09-27 23:00:00,-1.8474884,34.21275
0001-09-28 00:00:00,-1.847506,34.213074
0001-09-28 01:00:00,-1.8475227,34.213383
0001-09-28 02:00:00,-1.8475394,34.21369
0001-09-28 03:00:00,-1.8475538,34.213963
0001-09-28 04:00:00,-1.8475674,34.21421
0001-09-28 05:00:00,-1.8475794,34.21443
0001-09-28 06:00:00,-1.8475912,34.21465
0001-09-28 07:00:00,-1.8476032,34.214874
0001-09-28 08:00:00,-1.8476142,34.215076
0001-09-28 09:00:00,-1.847625,34.21528
0001-09-28 10:00:00,-1.8476357,34.215477
0001-09-28 11:00:00,-1.8476461,34.215668
0001-09-28 12:00:00,-1.8476565,34.215862
0001-09-28 13:00:00,-1.8476667,34.216053
0001-09-28 14:00:00,-1.8476789,34.216274
0001-09-28 15:00:00,-1.8476883,34.21645
0001-09-28 16:00:00,-1.847696,34.21659
0001-09-28 17:00:00,-1.8477027,34.216717
0001-09-28 18:00:00,-1.8477092,34.216835
0001-09-28 19:00:00,-1.8477149,34.21694
0001-09-28 20:00:00,-1.8477203,34.21704
0001-09-28 21:00:00,-1.8477253,34.217133
0001-09-28 22:00:00,-1.8477296,34.217216
0001-09-28 23:00:00,-1.8477336,34.21729
0001-09-29 00:00:00,-1.8477376,34.21736
0001-09-29 01:00:00,-1.8477414,34.217434
0001-09-29 02:00:00,-1.8477452,34.217503
0001-09-29 03:00:00,-1.8477484,34.217564
0001-09-29 04:00:00,-1.8477513,34.217617
0001-09-29 05:00:00,-1.8477554,34.217693
0001-09-29 06:00:00,-1.8477585,34.21775
0001-09-29 07:00:00,-1.8477618,34.21781
0001-09-29 08:00:00,-1.8477646,34.21786
0001-09-29 09:00:00,-1.847767,34.217907
0001-09-29 10:00:00,-1.8477694,34.217953
0001-09-29 11:00:00,-1.8477716,34.217995
0001-09-29 12:00:00,-1.8477738,34.218033
0001-09-29 13:00:00,-1.8477753,34.218063
0001-09-29 14:00:00,-1.8477763,34.21808
0001-09-29 15:00:00,-1.8477768,34.21809
0001-09-29 16:00:00,-1.8477769,34.21809
0001-09-29 17:00:00,-1.8477765,34.218082
0001-09-29 18:00:00,-1.8477758,34.21807
0001-09-29 19:00:00,-1.8477749,34.218052
0001-09-29 20:00:00,-1.8477737,34.218033
0001-09-29 21:00:00,-1.8477721,34.218002
0001-09-29 22:00:00,-1.8477703,34.217968
0001-09-29 23:00:00,-1.8477682,34.21793
0001-09-30 00:00:00,-1.8477659,34.217888
0001-09-30 01:00:00,-1.847763,34.217834
0001-09-30 02:00:00,-1.8477592,34.217766
0001-09-30 03:00:00,-1.8477544,34.217674
0001-09-30 04:00:00,-1.8477461,34.21752
0001-09-30 05:00:00,-1.8477306,34.217236
0001-09-30 06:00:00,-1.8477211,34.217056
0001-09-30 07:00:00,-1.8477225,34.217083
0001-09-30 08:00:00,-1.8477284,34.21719
0001-09-30 09:00:00,-1.8477329,34.217278
0001-09-30 10:00:00,-1.8477355,34.217323
0001-09-30 11:00:00,-1.8477368,34.21735
0001-09-30 12:00:00,-1.8477374,34.217358
0001-09-30 13:00:00,-1.8477372,34.217354
0001-09-30 14:00:00,-1.8477367,34.217346
0001-09-30 15:00:00,-1.847736,34.21733
0001-09-30 16:00:00,-1.8477352,34.21732
0001-09-30 17:00:00,-1.8477345,34.217304
0001-09-30 18:00:00,-1.8477337,34.217293
0001-09-30 19:00:00,-1.847733,34.217278
0001-09-30 20:00:00,-1.8477324,34.217266
0001-09-30 21:00:00,-1.8477318,34.21726
0001-09-30 22:00:00,-1.8477315,34.217247
0001-09-30 23:00:00,-1.847731,34.217243
0001-10-01 00:00:00,-1.8477306,34.217236
0001-10-01 01:00:00,-1.8477304,34.217228
0001-10-01 02:00:00,-1.84773,34.217224
0001-10-01 03:00:00,-1.8477297,34.217216
0001-10-01 04:00:00,-1.8477296,34.217213
0001-10-01 05:00:00,-1.8477293,34.21721
0001-10-01 06:00:00,-1.8477292,34.217205
0001-10-01 07:00:00,-1.847729,34.217205
0001-10-01 08:00:00,-1.847729,34.217205
0001-10-01 09:00:00,-1.8477291,34.217205
0001-10-01 10:00:00,-1.8477293,34.21721
0001-10-01 11:00:00,-1.8477297,34.217216
0001-10-01 12:00:00,-1.8477303,34.217228
0001-10-01 13:00:00,-1.8477309,34.21724
0001-10-01 14:00:00,-1.8477314,34.217247
0001-10-01 15:00:00,-1.8477316,34.21725
0001-10-01 16:00:00,-1.8477317,34.217255
0001-10-01 17:00:00,-1.8477317,34.217255
0001-10-01 18:00:00,-1.8477315,34.21725
0001-10-01 19:00:00,-1.8477312,34.217247
0001-10-01 20:00:00,-1.847731,34.21724
0001-10-01 21:00:00,-1.8477305,34.21723
0001-10-01 22:00:00,-1.84773,34.217224
0001-10-01 23:00:00,-1.8477294,34.217213
0001-10-02 00:00:00,-1.8477286,34.217197
0001-10-02 01:00:00,-1.8477279,34.217182
0001-10-02 02:00:00,-1.847727,34.217167
0001-10-02 03:00:00,-1.8477259,34.217144
0001-10-02 04:00:00,-1.8477246,34.21712
0001-10-02 05:00:00,-1.847723,34.217094
0001-10-02 06:00:00,-1.8477211,34.21706
0001-10-02 07:00:00,-1.847719,34.21702
0001-10-02 08:00:00,-1.8477166,34.216972
0001-10-02 09:00:00,-1.8477157,34.216957
0001-10-02 10:00:00,-1.8477163,34.21697
0001-10-02 11:00:00,-1.8477174,34.21699
0001-10-02 12:00:00,-1.8477186,34.21701
0001-10-02 13:00:00,-1.8477185,34.217007
0001-10-02 14:00:00,-1.8477161,34.216965
0001-10-02 15:00:00,-1.8477119,34.21689
0001-10-02 16:00:00,-1.8477054,34.216766
0001-10-02 17:00:00,-1.847696,34.21659
0001-10-02 18:00:00,-1.8476839,34.21637
0001-10-02 19:00:00,-1.8476714,34.216137
0001-10-02 20:00:00,-1.84766,34.215923
0001-10-02 21:00:00,-1.8476491,34.215725
0001-10-02 22:00:00,-1.8476408,34.21557
0001-10-02 23:00:00,-1.8476324,34.215416
0001-10-03 00:00:00,-1.8476275,34.215324
0001-10-03 01:00:00,-1.8476238,34.215256
0001-10-03 02:00:00,-1.8476193,34.21517
0001-10-03 03:00:00,-1.8476138,34.21507
0001-10-03 04:00:00,-1.847608,34.214962
0001-10-03 05:00:00,-1.8476012,34.214836
0001-10-03 06:00:00,-1.847594,34.214703
0001-10-03 07:00:00,-1.847587,34.214573
0001-10-03 08:00:00,-1.8475801,34.214447
0001-10-03 09:00:00,-1.8475726,34.214306
0001-10-03 10:00:00,-1.8475659,34.214184
0001-10-03 11:00:00,-1.8475591,34.214058
0001-10-03 12:00:00,-1.8475523,34.213932
0001-10-03 13:00:00,-1.8475456,34.21381
0001-10-03 14:00:00,-1.8475391,34.213684
0001-10-03 15:00:00,-1.8475326,34.213566
0001-10-03 16:00:00,-1.8475264,34.21345
0001-10-03 17:00:00,-1.8475205,34.213345
0001-10-03 18:00:00,-1.8475147,34.213234
0001-10-03 19:00:00,-1.8475091,34.21313
0001-10-03 20:00:00,-1.8475039,34.213036
0001-10-03 21:00:00,-1.8474989,34.212944
0001-10-03 22:00:00,-1.8474942,34.212856
0001-10-03 23:00:00,-1.8474898,34.212776
0001-10-04 00:00:00,-1.8474858,34.2127
0001-10-04 01:00:00,-1.8474821,34.21263
0001-10-04 02:00:00,-1.8474787,34.21257
0001-10-04 03:00:00,-1.8474758,34.212513
0001-10-04 04:00:00,-1.8474729,34.21246
0001-10-04 05:00:00,-1.8474705,34.212418
0001-10-04 06:00:00,-1.8474685,34.21238
0001-10-04 07:00:00,-1.847467,34.21235
0001-10-04 08:00:00,-1.8474658,34.212326
0001-10-04 09:00:00,-1.8474649,34.212315
0001-10-04 10:00:00,-1.8474648,34.21231
0001-10-04 11:00:00,-1.8474649,34.212315
0001-10-04 12:00:00,-1.8474654,34.212322
0001-10-04 13:00:00,-1.847466,34.212334
0001-10-04 14:00:00,-1.8474661,34.212337
0001-10-04 15:00:00,-1.8474662,34.212337
0001-10-04 16:00:00,-1.8474665,34.21234
0001-10-04 17:00:00,-1.847467,34.212353
0001-10-04 18:00:00,-1.8474673,34.212357
0001-10-04 19:00:00,-1.8474678,34.212364
0001-10-04 20:00:00,-1.8474681,34.212376
0001-10-04 21:00:00,-1.8474687,34.212383
0001-10-04 22:00:00,-1.8474694,34.2124
0001-10-04 23:00:00,-1.8474703,34.212414
0001-10-05 00:00:00,-1.8474712,34.21243
0001-10-05 01:00:00,-1.8474723,34.212452
0001-10-05 02:00:00,-1.8474735,34.212475
0001-10-05 03:00:00,-1.8474748,34.212498
0001-10-05 04:00:00,-1.8474762,34.212524
0001-10-05 05:00:00,-1.8474777,34.212547
0001-10-05 06:00:00,-1.847479,34.212574
0001-10-05 07:00:00,-1.8474805,34.212605
0001-10-05 08:00:00,-1.8474821,34.21263
0001-10-05 09:00:00,-1.8474839,34.21266
0001-10-05 10:00:00,-1.8474857,34.212696
0001-10-05 11:00:00,-1.8474876,34.212734
0001-10-05 12:00:00,-1.8474897,34.212772
0001-10-05 13:00:00,-1.8474917,34.21281
0001-10-05 14:00:00,-1.8474938,34.21285
0001-10-05 15:00:00,-1.8474957,34.212883
0001-10-05 16:00:00,-1.8474975,34.212917
0001-10-05 17:00:00,-1.8474994,34.21295
0001-10-05 18:00:00,-1.8475014,34.21299
0001-10-05 19:00:00,-1.8475038,34.21303
0001-10-05 20:00:00,-1.8475066,34.213085
0001-10-05 21:00:00,-1.84751,34.213146
0001-10-05 22:00:00,-1.8475139,34.213223
0001-10-05 23:00:00,-1.8475183,34.213303
0001-10-06 00:00:00,-1.8475233,34.213394
0001-10-06 01:00:00,-1.8475289,34.2135
0001-10-06 02:00:00,-1.847535,34.21361
0001-10-06 03:00:00,-1.8475413,34.21373
0001-10-06 04:00:00,-1.8475479,34.21385
0001-10-06 05:00:00,-1.8475556,34.213993
0001-10-06 06:00:00,-1.8475641,34.21415
0001-10-06 07:00:00,-1.8475723,34.214302
0001-10-06 08:00:00,-1.8475809,34.214462
0001-10-06 09:00:00,-1.8475907,34.21464
0001-10-06 10:00:00,-1.8476008,34.21483
0001-10-06 11:00:00,-1.8476114,34.215027
0001-10-06 12:00:00,-1.8476225,34.215233
0001-10-06 13:00:00,-1.8476338,34.215443
0001-10-06 14:00:00,-1.8476464,34.21567
0001-10-06 15:00:00,-1.8476566,34.215862
0001-10-06 16:00:00,-1.8476661,34.216038
0001-10-06 17:00:00,-1.8476744,34.21619
0001-10-06 18:00:00,-1.8476816,34.216328
0001-10-06 19:00:00,-1.8476881,34.216446
0001-10-06 20:00:00,-1.847694,34.216557
0001-10-06 21:00:00,-1.8476998,34.216663
0001-10-06 22:00:00,-1.8477054,34.216766
0001-10-06 23:00:00,-1.8477111,34.21687
0001-10-07 00:00:00,-1.8477167,34.216976
0001-10-07 01:00:00,-1.8477225,34.217083
0001-10-07 02:00:00,-1.8477283,34.21719
0001-10-07 03:00:00,-1.8477337,34.217293
0001-10-07 04:00:00,-1.8477389,34.217384
0001-10-07 05:00:00,-1.8477435,34.217472
0001-10-07 06:00:00,-1.8477478,34.217552
0001-10-07 07:00:00,-1.8477519,34.21763
0001-10-07 08:00:00,-1.8477559,34.217705
0001-10-07 09:00:00,-1.8477601,34.217777
0001-10-07 10:00:00,-1.8477641,34.217854
0001-10-07 11:00:00,-1.8477684,34.217934
0001-10-07 12:00:00,-1.8477728,34.218018
0001-10-07 13:00:00,-1.8477775,34.2181
0001-10-07 14:00:00,-1.8477821,34.218185
0001-10-07 15:00:00,-1.8477868,34.218273
0001-10-07 16:00:00,-1.8477912,34.218357
0001-10-07 17:00:00,-1.8477955,34.218437
0001-10-07 18:00:00,-1.8477997,34.218513
0001-10-07 19:00:00,-1.8478036,34.218586
0001-10-07 20:00:00,-1.8478074,34.218655
0001-10-07 21:00:00,-1.847811,34.218723
0001-10-07 22:00:00,-1.8478144,34.218784
0001-10-07 23:00:00,-1.8478177,34.218845
0001-10-08 00:00:00,-1.8478205,34.2189
0001-10-08 01:00:00,-1.8478233,34.21895
0001-10-08 02:00:00,-1.8478256,34.218994
0001-10-08 03:00:00,-1.8478278,34.219032
0001-10-08 04:00:00,-1.8478297,34.219067
0001-10-08 05:00:00,-1.8478315,34.2191
0001-10-08 06:00:00,-1.847833,34.21913
0001-10-08 07:00:00,-1.8478346,34.21916
0001-10-08 08:00:00,-1.847836,34.219185
0001-10-08 09:00:00,-1.8478373,34.219208
0001-10-08 10:00:00,-1.8478385,34.21923
0001-10-08 11:00:00,-1.8478397,34.219254
0001-10-08 12:00:00,-1.8478409,34.219276
0001-10-08 13:00:00,-1.8478419,34.219296
0001-10-08 14:00:00,-1.8478427,34.219307
0001-10-08 15:00:00,-1.8478434,34.219322
0001-10-08 16:00:00,-1.847844,34.219334
0001-10-08 17:00:00,-1.8478447,34.219345
0001-10-08 18:00:00,-1.8478453,34.219357
0001-10-08 19:00:00,-1.847846,34.21937
0001-10-08 20:00:00,-1.8478466,34.219383
0001-10-08 21:00:00,-1.8478475,34.219395
0001-10-08 22:00:00,-1.8478482,34.21941
0001-10-08 23:00:00,-1.8478489,34.219425
0001-10-09 00:00:00,-1.8478497,34.21944
0001-10-09 01:00:00,-1.8478506,34.219456
0001-10-09 02:00:00,-1.8478514,34.21947
0001-10-09 03:00:00,-1.8478522,34.219486
0001-10-09 04:00:00,-1.8478531,34.2195
0001-10-09 05:00:00,-1.847854,34.219517
0001-10-09 06:00:00,-1.8478549,34.219536
0001-10-09 07:00:00,-1.8478558,34.21955
0001-10-09 08:00:00,-1.8478568,34.21957
0001-10-09 09:00:00,-1.8478577,34.219585
0001-10-09 10:00:00,-1.8478587,34.219604
0001-10-09 11:00:00,-1.8478599,34.219627
0001-10-09 12:00:00,-1.8478609,34.219646
0001-10-09 13:00:00,-1.8478618,34.21966
0001-10-09 14:00:00,-1.847862,34.219666
0001-10-09 15:00:00,-1.8478619,34.21966
0001-10-09 16:00:00,-1.8478612,34.219654
0001-10-09 17:00:00,-1.8478602,34.219635
0001-10-09 18:00:00,-1.8478589,34.219612
0001-10-09 19:00:00,-1.8478571,34.219578
0001-10-09 20:00:00,-1.847855,34.219536
0001-10-09 21:00:00,-1.8478525,34.21949
0001-10-09 22:00:00,-1.8478496,34.219437
0001-10-09 23:00:00,-1.8478464,34.219376
0001-10-10 00:00:00,-1.8478426,34.219307
0001-10-10 01:00:00,-1.8478379,34.219223
0001-10-10 02:00:00,-1.8478327,34.219124
0001-10-10 03:00:00,-1.847827,34.219017
0001-10-10 04:00:00,-1.84782,34.21889
0001-10-10 05:00:00,-1.8478119,34.21874
0001-10-10 06:00:00,-1.8478024,34.218563
0001-10-10 07:00:00,-1.8477914,34.21836
0001-10-10 08:00:00,-1.8477798,34.218143
0001-10-10 09:00:00,-1.847769,34.217945
0001-10-10 10:00:00,-1.847761,34.217796
0001-10-10 11:00:00,-1.8477546,34.217678
0001-10-10 12:00:00,-1.847749,34.217575
0001-10-10 13:00:00,-1.8477439,34.21748
0001-10-10 14:00:00,-1.8477377,34.217365
0001-10-10 15:00:00,-1.847731,34.21724
0001-10-10 16:00:00,-1.8477241,34.217113
0001-10-10 17:00:00,-1.8477179,34.217
0001-10-10 18:00:00,-1.8477119,34.21689
0001-10-10 19:00:00,-1.8477066,34.21679
0001-10-10 20:00:00,-1.8477017,34.216698
0001-10-10 21:00:00,-1.8476975,34.21662
0001-10-10 22:00:00,-1.8476936,34.21655
0001-10-10 23:00:00,-1.8476902,34.216488
0001-10-11 00:00:00,-1.8476875,34.216434
0001-10-11 01:00:00,-1.8476853,34.216396
0001-10-11 02:00:00,-1.8476837,34.216366
0001-10-11 03:00:00,-1.8476822,34.21634
0001-10-11 04:00:00,-1.8476814,34.216324
0001-10-11 05:00:00,-1.847681,34.216316
0001-10-11 06:00:00,-1.8476813,34.21632
0001-10-11 07:00:00,-1.847682,34.21633
0001-10-11 08:00:00,-1.847683,34.21635
0001-10-11 09:00:00,-1.8476844,34.216377
0001-10-11 10:00:00,-1.8476862,34.216408
0001-10-11 11:00:00,-1.8476883,34.21645
0001-10-11 12:00:00,-1.8476909,34.2165
0001-10-11 13:00:00,-1.8476932,34.21654
0001-10-11 14:00:00,-1.8476948,34.21657
0001-10-11 15:00:00,-1.8476961,34.216595
0001-10-11 16:00:00,-1.8476971,34.216614
0001-10-11 17:00:00,-1.847698,34.21663
0001-10-11 18:00:00,-1.8476989,34.216644
0001-10-11 19:00:00,-1.8476996,34.21666
0001-10-11 20:00:00,-1.8477004,34.21667
0001-10-11 21:00:00,-1.847701,34.216682
0001-10-11 22:00:00,-1.8477014,34.216694
0001-10-11 23:00:00,-1.8477019,34.2167
0001-10-12 00:00:00,-1.8477023,34.21671
0001-10-12 01:00:00,-1.8477025,34.216713
0001-10-12 02:00:00,-1.8477027,34.216717
0001-10-12 03:00:00,-1.8477029,34.21672
0001-10-12 04:00:00,-1.847703,34.216724
0001-10-12 05:00:00,-1.8477031,34.216724
0001-10-12 06:00:00,-1.8477031,34.216724
0001-10-12 07:00:00,-1.8477032,34.216724
0001-10-12 08:00:00,-1.8477032,34.216724
0001-10-12 09:00:00,-1.8477031,34.216724
0001-10-12 10:00:00,-1.8477031,34.216724
0001-10-12 11:00:00,-1.8477031,34.216724
0001-10-12 12:00:00,-1.8477032,34.216724
0001-10-12 13:00:00,-1.8477025,34.216713
0001-10-12 14:00:00,-1.8477005,34.216675
0001-10-12 15:00:00,-1.8476976,34.21662
0001-10-12 16:00:00,-1.847694,34.216557
0001-10-12 17:00:00,-1.8476897,34.216476
0001-10-12 18:00:00,-1.847685,34.21639
0001-10-12 19:00:00,-1.84768,34.216293
0001-10-12 20:00:00,-1.8476748,34.2162
0001-10-12 21:00:00,-1.84767,34.21611
0001-10-12 22:00:00,-1.8476651,34.21602
0001-10-12 23:00:00,-1.8476603,34.21593
0001-10-13 00:00:00,-1.8476557,34.215847
0001-10-13 01:00:00,-1.8476508,34.215755
0001-10-13 02:00:00,-1.8476461,34.215668
0001-10-13 03:00:00,-1.8476408,34.21557
0001-10-13 04:00:00,-1.8476357,34.215477
0001-10-13 05:00:00,-1.847631,34.21539
0001-10-13 06:00:00,-1.8476256,34.21529
0001-10-13 07:00:00,-1.8476206,34.2152
0001-10-13 08:00:00,-1.8476156,34.215103
0001-10-13 09:00:00,-1.8476102,34.215004
0001-10-13 10:00:00,-1.8476049,34.214905
0001-10-13 11:00:00,-1.8475995,34.214806
0001-10-13 12:00:00,-1.8475941,34.214706
0001-10-13 13:00:00,-1.8475887,34.214603
0001-10-13 14:00:00,-1.8475827,34.214497
0001-10-13 15:00:00,-1.8475769,34.214386
0001-10-13 16:00:00,-1.8475711,34.21428
0001-10-13 17:00:00,-1.8475653,34.214172
0001-10-13 18:00:00,-1.8475591,34.214058
0001-10-13 19:00:00,-1.8475529,34.213943
0001-10-13 20:00:00,-1.8475465,34.21382
0001-10-13 21:00:00,-1.84754,34.213703
0001-10-13 22:00:00,-1.8475332,34.213577
0001-10-13 23:00:00,-1.8475262,34.213448
0001-10-14 00:00:00,-1.8475188,34.21331
0001-10-14 01:00:00,-1.847511,34.21317
0001-10-14 02:00:00,-1.847503,34.213017
0001-10-14 03:00:00,-1.8474942,34.212856
0001-10-14 04:00:00,-1.847485,34.212685
0001-10-14 05:00:00,-1.8474747,34.212494
0001-10-14 06:00:00,-1.8474636,34.212288
0001-10-14 07:00:00,-1.8474511,34.21206
0001-10-14 08:00:00,-1.8474379,34.211815
0001-10-14 09:00:00,-1.8474238,34.21155
0001-10-14 10:00:00,-1.8474097,34.211292
0001-10-14 11:00:00,-1.847397,34.211056
0001-10-14 12:00:00,-1.8473849,34.21083
0001-10-14 13:00:00,-1.8473748,34.210644
0001-10-14 14:00:00,-1.847366,34.21048
0001-10-14 15:00:00,-1.8473581,34.210335
0001-10-14 16:00:00,-1.8473508,34.2102
0001-10-14 17:00:00,-1.8473445,34.210083
0001-10-14 18:00:00,-1.8473392,34.209984
0001-10-14 19:00:00,-1.8473349,34.209904
0001-10-14 20:00:00,-1.8473312,34.209835
0001-10-14 21:00:00,-1.8473281,34.20978
0001-10-14 22:00:00,-1.8473257,34.209736
0001-10-14 23:00:00,-1.847324,34.209705
0001-10-15 00:00:00,-1.847323,34.209686
0001-10-15 01:00:00,-1.8473222,34.20967
0001-10-15 02:00:00,-1.8473214,34.209656
0001-10-15 03:00:00,-1.847321,34.20965
0001-10-15 04:00:00,-1.8473215,34.209656
0001-10-15 05:00:00,-1.8473233,34.20969
0001-10-15 06:00:00,-1.8473262,34.209743
0001-10-15 07:00:00,-1.8473295,34.209805
0001-10-15 08:00:00,-1.847333,34.20987
0001-10-15 09:00:00,-1.8473366,34.209938
0001-10-15 10:00:00,-1.8473402,34.210007
0001-10-15 11:00:00,-1.8473442,34.21008
0001-10-15 12:00:00,-1.8473489,34.210167
0001-10-15 13:00:00,-1.8473536,34.21025
0001-10-15 14:00:00,-1.8473576,34.210327
0001-10-15 15:00:00,-1.8473613,34.210396
0001-10-15 16:00:00,-1.8473651,34.210464
0001-10-15 17:00:00,-1.8473692,34.21054
0001-10-15 18:00:00,-1.8473736,34.210625
0001-10-15 19:00:00,-1.8473783,34.21071
0001-10-15 20:00:00,-1.8473827,34.210793
0001-10-15 21:00:00,-1.847387,34.21087
0001-10-15 22:00:00,-1.8473911,34.210945
0001-10-15 23:00:00,-1.8473953,34.211025
0001-10-16 00:00:00,-1.8473995,34.2111
0001-10-16 01:00:00,-1.847405,34.211205
0001-10-16 02:00:00,-1.84741,34.211296
0001-10-16 03:00:00,-1.8474146,34.211384
0001-10-16 04:00:00,-1.8474194,34.21147
0001-10-16 05:00:00,-1.8474246,34.211567
0001-10-16 06:00:00,-1.8474293,34.211655
0001-10-16 07:00:00,-1.8474337,34.211735
0001-10-16 08:00:00,-1.847438,34.211815
0001-10-16 09:00:00,-1.8474423,34.211895
0001-10-16 10:00:00,-1.8474462,34.211967
0001-10-16 11:00:00,-1.8474503,34.212044
0001-10-16 12:00:00,-1.8474543,34.212116
0001-10-16 13:00:00,-1.8474584,34.212193
0001-10-16 14:00:00,-1.8474622,34.21226
0001-10-16 15:00:00,-1.847466,34.212334
0001-10-16 16:00:00,-1.84747,34.212406
0001-10-16 17:00:00,-1.8474741,34.212482
0001-10-16 18:00:00,-1.8474783,34.21256
0001-10-16 19:00:00,-1.8474821,34.21263
0001-10-16 20:00:00,-1.8474861,34.212704
0001-10-16 21:00:00,-1.8474902,34.21278
0001-10-16 22:00:00,-1.8474944,34.21286
0001-10-16 23:00:00,-1.8474984,34.212933
0001-10-17 00:00:00,-1.8475024,34.213005
0001-10-17 01:00:00,-1.8475063,34.213078
0001-10-17 02:00:00,-1.847511,34.21317
0001-10-17 03:00:00,-1.8475157,34.213253
0001-10-17 04:00:00,-1.8475201,34.213337
0001-10-17 05:00:00,-1.8475244,34.213413
0001-10-17 06:00:00,-1.8475283,34.21349
0001-10-17 07:00:00,-1.8475325,34.213566
0001-10-17 08:00:00,-1.8475369,34.213646
0001-10-17 09:00:00,-1.8475418,34.213737
0001-10-17 10:00:00,-1.8475466,34.213825
0001-10-17 11:00:00,-1.8475511,34.21391
0001-10-17 12:00:00,-1.8475553,34.213985
0001-10-17 13:00:00,-1.8475591,34.214058
0001-10-17 14:00:00,-1.8475626,34.214123
0001-10-17 15:00:00,-1.8475657,34.214176
0001-10-17 16:00:00,-1.8475683,34.214226
0001-10-17 17:00:00,-1.8475705,34.214268
0001-10-17 18:00:00,-1.8475724,34.214306
0001-10-17 19:00:00,-1.847574,34.214333
0001-10-17 20:00:00,-1.8475753,34.214355
0001-10-17 21:00:00,-1.8475761,34.214375
0001-10-17 22:00:00,-1.8475767,34.214386
0001-10-17 23:00:00,-1.8475772,34.214394
0001-10-18 00:00:00,-1.8475772,34.214394
0001-10-18 01:00:00,-1.8475771,34.21439
0001-10-18 02:00:00,-1.8475767,34.214386
0001-10-18 03:00:00,-1.8475763,34.214375
0001-10-18 04:00:00,-1.8475753,34.21436
0001-10-18 05:00:00,-1.8475741,34.214336
0001-10-18 06:00:00,-1.8475727,34.21431
0001-10-18 07:00:00,-1.8475714,34.214283
0001-10-18 08:00:00,-1.8475704,34.214268
0001-10-18 09:00:00,-1.8475698,34.214256
0001-10-18 10:00:00,-1.8475695,34.21425
0001-10-18 11:00:00,-1.8475695,34.21425
0001-10-18 12:00:00,-1.8475696,34.214252
0001-10-18 13:00:00,-1.8475696,34.214252
0001-10-18 14:00:00,-1.8475696,34.214252
0001-10-18 15:00:00,-1.8475695,34.21425
0001-10-18 16:00:00,-1.8475693,34.21425
0001-10-18 17:00:00,-1.8475692,34.214245
0001-10-18 18:00:00,-1.8475691,34.21424
0001-10-18 19:00:00,-1.8475689,34.214237
0001-10-18 20:00:00,-1.8475686,34.214233
0001-10-18 21:00:00,-1.8475683,34.21423
0001-10-18 22:00:00,-1.847568,34.214222
0001-10-18 23:00:00,-1.8475677,34.214214
0001-10-19 00:00:00,-1.8475673,34.21421
0001-10-19 01:00:00,-1.847567,34.214203
0001-10-19 02:00:00,-1.8475665,34.214195
0001-10-19 03:00:00,-1.8475661,34.214188
0001-10-19 04:00:00,-1.8475657,34.21418
0001-10-19 05:00:00,-1.8475653,34.214172
0001-10-19 06:00:00,-1.8475648,34.21416
0001-10-19 07:00:00,-1.8475643,34.214153
0001-10-19 08:00:00,-1.8475639,34.214146
0001-10-19 09:00:00,-1.8475634,34.214134
0001-10-19 10:00:00,-1.8475628,34.214127
0001-10-19 11:00:00,-1.8475623,34.214115
0001-10-19 12:00:00,-1.8475617,34.214108
0001-10-19 13:00:00,-1.8475608,34.21409
0001-10-19 14:00:00,-1.8475592,34.21406
0001-10-19 15:00:00,-1.8475573,34.214024
0001-10-19 16:00:00,-1.8475549,34.21398
0001-10-19 17:00:00,-1.8475523,34.213932
0001-10-19 18:00:00,-1.8475492,34.213875
0001-10-19 19:00:00,-1.8475457,34.21381
0001-10-19 20:00:00,-1.8475419,34.213737
0001-10-19 21:00:00,-1.8475375,34.213657
0001-10-19 22:00:00,-1.8475326,34.213566
0001-10-19 23:00:00,-1.8475271,34.213467
0001-10-20 00:00:00,-1.847521,34.21335
0001-10-20 01:00:00,-1.8475139,34.21322
0001-10-20 02:00:00,-1.8475059,34.213074
0001-10-20 03:00:00,-1.8474971,34.21291
0001-10-20 04:00:00,-1.847487,34.212723
0001-10-20 05:00:00,-1.8474759,34.212517
0001-10-20 06:00:00,-1.8474637,34.21229
0001-10-20 07:00:00,-1.8474517,34.212067
0001-10-20 08:00:00,-1.8474398,34.21185
0001-10-20 09:00:00,-1.8474282,34.211636
0001-10-20 10:00:00,-1.8474172,34.21143
0001-10-20 11:00:00,-1.8474066,34.211235
0001-10-20 12:00:00,-1.8473963,34.211044
0001-10-20 13:00:00,-1.8473827,34.21079
0001-10-20 14:00:00,-1.8473649,34.21046
0001-10-20 15:00:00,-1.8473454,34.2101
0001-10-20 16:00:00,-1.8473268,34.209755
0001-10-20 17:00:00,-1.8473116,34.209473
0001-10-20 18:00:00,-1.8473016,34.20929
0001-10-20 19:00:00,-1.8472937,34.209145
0001-10-20 20:00:00,-1.8472881,34.209038
0001-10-20 21:00:00,-1.8472878,34.209034
0001-10-20 22:00:00,-1.847296,34.209187
0001-10-20 23:00:00,-1.847305,34.20935
0001-10-21 00:00:00,-1.8473119,34.20948
0001-10-21 01:00:00,-1.8473179,34.20959
0001-10-21 02:00:00,-1.8473226,34.20968
0001-10-21 03:00:00,-1.8473265,34.20975
0001-10-21 04:00:00,-1.8473299,34.209812
0001-10-21 05:00:00,-1.847334,34.20989
0001-10-21 06:00:00,-1.8473392,34.209984
0001-10-21 07:00:00,-1.8473463,34.210117
0001-10-21 08:00:00,-1.847353,34.21024
0001-10-21 09:00:00,-1.84736,34.21037
0001-10-21 10:00:00,-1.8473673,34.210506
0001-10-21 11:00:00,-1.847374,34.21063
0001-10-21 12:00:00,-1.8473811,34.210762
0001-10-21 13:00:00,-1.8473861,34.210854
0001-10-21 14:00:00,-1.847389,34.210907
0001-10-21 15:00:00,-1.8473899,34.210926
0001-10-21 16:00:00,-1.8473896,34.21092
0001-10-21 17:00:00,-1.847388,34.210888
0001-10-21 18:00:00,-1.8473855,34.210842
0001-10-21 19:00:00,-1.8473821,34.21078
0001-10-21 20:00:00,-1.847378,34.210705
0001-10-21 21:00:00,-1.8473731,34.210613
0001-10-21 22:00:00,-1.8473675,34.21051
0001-10-21 23:00:00,-1.8473613,34.210396
0001-10-22 00:00:00,-1.8473543,34.210262
0001-10-22 01:00:00,-1.8473467,34.21012
0001-10-22 02:00:00,-1.8473382,34.20997
0001-10-22 03:00:00,-1.8473291,34.2098
0001-10-22 04:00:00,-1.8473192,34.209618
0001-10-22 05:00:00,-1.8473088,34.20942
0001-10-22 06:00:00,-1.8472971,34.209206
0001-10-22 07:00:00,-1.8472846,34.208973
0001-10-22 08:00:00,-1.8472707,34.208717
0001-10-22 09:00:00,-1.847256,34.208443
0001-10-22 10:00:00,-1.84724,34.208145
0001-10-22 11:00:00,-1.8471644,34.207817
0001-10-22 12:00:00,-1.8468233,34.207474
0001-10-22 13:00:00,-1.8465209,34.20712
0001-10-22 14:00:00,-1.8463744,34.206764
0001-10-22 15:00:00,-1.8463136,34.20643
0001-10-22 16:00:00,-1.8463207,34.206116
0001-10-22 17:00:00,-1.846393,34.20582
0001-10-22 18:00:00,-1.8465075,34.20556
0001-10-22 19:00:00,-1.8466514,34.205345
0001-10-22 20:00:00,-1.8468163,34.205173
0001-10-22 21:00:00,-1.8469981,34.205044
0001-10-22 22:00:00,-1.8470675,34.204952
0001-10-22 23:00:00,-1.8470645,34.2049
0001-10-23 00:00:00,-1.847062,34.20485
0001-10-23 01:00:00,-1.8470612,34.204838
0001-10-23 02:00:00,-1.8470609,34.20483
0001-10-23 03:00:00,-1.8470614,34.20484
0001-10-23 04:00:00,-1.847062,34.204853
0001-10-23 05:00:00,-1.8470638,34.204884
0001-10-23 06:00:00,-1.847066,34.204926
0001-10-23 07:00:00,-1.8470691,34.204987
0001-10-23 08:00:00,-1.8470731,34.20506
0001-10-23 09:00:00,-1.8470782,34.20515
0001-10-23 10:00:00,-1.8470838,34.205257
0001-10-23 11:00:00,-1.8470901,34.20537
0001-10-23 12:00:00,-1.8470967,34.205494
0001-10-23 13:00:00,-1.8471019,34.20559
0001-10-23 14:00:00,-1.8471053,34.205654
0001-10-23 15:00:00,-1.847107,34.20569
0001-10-23 16:00:00,-1.8471075,34.205696
0001-10-23 17:00:00,-1.8471068,34.20568
0001-10-23 18:00:00,-1.8471051,34.20565
0001-10-23 19:00:00,-1.8471029,34.20561
0001-10-23 20:00:00,-1.8470998,34.20555
0001-10-23 21:00:00,-1.8470968,34.205494
0001-10-23 22:00:00,-1.8470956,34.205475
0001-10-23 23:00:00,-1.847096,34.20548
0001-10-24 00:00:00,-1.8470968,34.205498
0001-10-24 01:00:00,-1.847098,34.205517
0001-10-24 02:00:00,-1.8470993,34.205544
0001-10-24 03:00:00,-1.8471007,34.20557
0001-10-24 04:00:00,-1.8471022,34.205597
0001-10-24 05:00:00,-1.847104,34.20563
0001-10-24 06:00:00,-1.8471059,34.205666
0001-10-24 07:00:00,-1.8471084,34.20571
0001-10-24 08:00:00,-1.8471115,34.20577
0001-10-24 09:00:00,-1.8471155,34.20584
0001-10-24 10:00:00,-1.8471203,34.20593
0001-10-24 11:00:00,-1.8471265,34.206047
0001-10-24 12:00:00,-1.8471336,34.20618
0001-10-24 13:00:00,-1.8471403,34.206303
0001-10-24 14:00:00,-1.8471464,34.206417
0001-10-24 15:00:00,-1.8471528,34.206535
0001-10-24 16:00:00,-1.8471589,34.206646
0001-10-24 17:00:00,-1.8471646,34.206753
0001-10-24 18:00:00,-1.8471705,34.20686
0001-10-24 19:00:00,-1.8471768,34.206978
0001-10-24 20:00:00,-1.8471836,34.207104
0001-10-24 21:00:00,-1.8471919,34.207256
0001-10-24 22:00:00,-1.8472008,34.207424
0001-10-24 23:00:00,-1.8472098,34.20759
0001-10-25 00:00:00,-1.8472213,34.2078
0001-10-25 01:00:00,-1.847233,34.20802
0001-10-25 02:00:00,-1.8472453,34.20825
0001-10-25 03:00:00,-1.8472589,34.2085
0001-10-25 04:00:00,-1.8472725,34.208748
0001-10-25 05:00:00,-1.8472855,34.208992
0001-10-25 06:00:00,-1.8472986,34.209232
0001-10-25 07:00:00,-1.8473138,34.209515
0001-10-25 08:00:00,-1.8473303,34.20982
0001-10-25 09:00:00,-1.8473487,34.21016
0001-10-25 10:00:00,-1.8473682,34.210526
0001-10-25 11:00:00,-1.8473874,34.210876
0001-10-25 12:00:00,-1.8474097,34.211292
0001-10-25 13:00:00,-1.8474312,34.21169
0001-10-25 14:00:00,-1.8474501,34.21204
0001-10-25 15:00:00,-1.8474684,34.212376
0001-10-25 16:00:00,-1.8474855,34.212696
0001-10-25 17:00:00,-1.8475012,34.212982
0001-10-25 18:00:00,-1.847515,34.21324
0001-10-25 19:00:00,-1.847527,34.213463
0001-10-25 20:00:00,-1.8475369,34.213646
0001-10-25 21:00:00,-1.8475449,34.213795
0001-10-25 22:00:00,-1.8475515,34.213917
0001-10-25 23:00:00,-1.8475571,34.21402
0001-10-26 00:00:00,-1.8475621,34.21411
0001-10-26 01:00:00,-1.8475665,34.214195
0001-10-26 02:00:00,-1.8475705,34.214268
0001-10-26 03:00:00,-1.8475741,34.214336
0001-10-26 04:00:00,-1.8475775,34.214397
0001-10-26 05:00:00,-1.8475804,34.21445
0001-10-26 06:00:00,-1.8475832,34.214504
0001-10-26 07:00:00,-1.8475857,34.21455
0001-10-26 08:00:00,-1.847588,34.214592
0001-10-26 09:00:00,-1.8475901,34.21463
0001-10-26 10:00:00,-1.847592,34.21467
0001-10-26 11:00:00,-1.8475939,34.214703
0001-10-26 12:00:00,-1.8475957,34.214733
0001-10-26 13:00:00,-1.8475969,34.214756
0001-10-26 14:00:00,-1.8475972,34.214764
0001-10-26 15:00:00,-1.8475972,34.214764
0001-10-26 16:00:00,-1.8475969,34.214756
0001-10-26 17:00:00,-1.8475962,34.214745
0001-10-26 18:00:00,-1.8475953,34.21473
0001-10-26 19:00:00,-1.8475941,34.214706
0001-10-26 20:00:00,-1.8475927,34.21468
0001-10-26 21:00:00,-1.847591,34.21465
0001-10-26 22:00:00,-1.847589,34.21461
0001-10-26 23:00:00,-1.8475868,34.21457
0001-10-27 00:00:00,-1.8475842,34.214523
0001-10-27 01:00:00,-1.8475815,34.214474
0001-10-27 02:00:00,-1.8475785,34.214417
0001-10-27 03:00:00,-1.8475753,34.21436
0001-10-27 04:00:00,-1.8475718,34.214294
0001-10-27 05:00:00,-1.8475682,34.214226
0001-10-27 06:00:00,-1.8475642,34.214153
0001-10-27 07:00:00,-1.8475599,34.214073
0001-10-27 08:00:00,-1.8475555,34.213993
0001-10-27 09:00:00,-1.8475509,34.213905
0001-10-27 10:00:00,-1.847546,34.213814
0001-10-27 11:00:00,-1.8475407,34.21372
0001-10-27 12:00:00,-1.8475353,34.213615
0001-10-27 13:00:00,-1.8475293,34.213505
0001-10-27 14:00:00,-1.8475227,34.213383
0001-10-27 15:00:00,-1.8475156,34.21325
0001-10-27 16:00:00,-1.8475078,34.213108
0001-10-27 17:00:00,-1.8474997,34.212955
0001-10-27 18:00:00,-1.847491,34.212795
0001-10-27 19:00:00,-1.8474814,34.212616
0001-10-27 20:00:00,-1.8474715,34.212433
0001-10-27 21:00:00,-1.8474605,34.21223
0001-10-27 22:00:00,-1.8473808,34.212013
0001-10-27 23:00:00,-1.8471335,34.211784
0001-10-28 00:00:00,-1.8468177,34.211533
0001-10-28 01:00:00,-1.8464475,34.211258
0001-10-28 02:00:00,-1.8460189,34.210968
0001-10-28 03:00:00,-1.8455325,34.210655
0001-10-28 04:00:00,-1.8449763,34.210304
0001-10-28 05:00:00,-1.8443612,34.20995
0001-10-28 06:00:00,-1.8436642,34.209553
0001-10-28 07:00:00,-1.842906,34.209152
0001-10-28 08:00:00,-1.8420575,34.20871
0001-10-28 09:00:00,-1.8411672,34.20828
0001-10-28 10:00:00,-1.8401852,34.207813
0001-10-28 11:00:00,-1.8391474,34.20734
0001-10-28 12:00:00,-1.8380427,34.20686
0001-10-28 13:00:00,-1.8370289,34.2064
0001-10-28 14:00:00,-1.8362005,34.20599
0001-10-28 15:00:00,-1.8354924,34.205616
0001-10-28 16:00:00,-1.8348856,34.205273
0001-10-28 17:00:00,-1.8343621,34.20496
0001-10-28 18:00:00,-1.8339149,34.204666
0001-10-28 19:00:00,-1.8335385,34.204395
0001-10-28 20:00:00,-1.8332298,34.204147
0001-10-28 21:00:00,-1.8329891,34.203922
0001-10-28 22:00:00,-1.8328121,34.203716
0001-10-28 23:00:00,-1.8326864,34.203526
0001-10-29 00:00:00,-1.8326144,34.203346
0001-10-29 01:00:00,-1.8325998,34.203186
0001-10-29 02:00:00,-1.8326442,34.203045
0001-10-29 03:00:00,-1.8327475,34.202923
0001-10-29 04:00:00,-1.8329078,34.202824
0001-10-29 05:00:00,-1.8331237,34.202747
0001-10-29 06:00:00,-1.8333856,34.202686
0001-10-29 07:00:00,-1.8337089,34.20265
0001-10-29 08:00:00,-1.8340759,34.202633
0001-10-29 09:00:00,-1.8344961,34.20263
0001-10-29 10:00:00,-1.8349617,34.202644
0001-10-29 11:00:00,-1.8354806,34.20267
0001-10-29 12:00:00,-1.8360122,34.20273
0001-10-29 13:00:00,-1.8365189,34.20277
0001-10-29 14:00:00,-1.8369237,34.202785
0001-10-29 15:00:00,-1.8372798,34.20279
0001-10-29 16:00:00,-1.837625,34.202785
0001-10-29 17:00:00,-1.8379506,34.20277
0001-10-29 18:00:00,-1.8382221,34.20276
0001-10-29 19:00:00,-1.8385347,34.202744
0001-10-29 20:00:00,-1.838846,34.20272
0001-10-29 21:00:00,-1.8391707,34.202698
0001-10-29 22:00:00,-1.8394932,34.202675
0001-10-29 23:00:00,-1.8397958,34.20266
0001-10-30 00:00:00,-1.8400874,34.202644
0001-10-30 01:00:00,-1.8403693,34.202633
0001-10-30 02:00:00,-1.8406421,34.202625
0001-10-30 03:00:00,-1.8409057,34.202614
0001-10-30 04:00:00,-1.8411609,34.202602
0001-10-30 05:00:00,-1.8413988,34.202587
0001-10-30 06:00:00,-1.84163,34.20257
0001-10-30 07:00:00,-1.8418441,34.202553
0001-10-30 08:00:00,-1.842045,34.202538
0001-10-30 09:00:00,-1.8422822,34.202553
0001-10-30 10:00:00,-1.8425211,34.202553
0001-10-30 11:00:00,-1.8427665,34.20254
0001-10-30 12:00:00,-1.8429902,34.202538
0001-10-30 13:00:00,-1.8432022,34.202534
0001-10-30 14:00:00,-1.8434035,34.202526
0001-10-30 15:00:00,-1.8435855,34.202515
0001-10-30 16:00:00,-1.8437507,34.202496
0001-10-30 17:00:00,-1.8439043,34.202473
0001-10-30 18:00:00,-1.8440406,34.202442
0001-10-30 19:00:00,-1.8441639,34.202404
0001-10-30 20:00:00,-1.8442692,34.202362
0001-10-30 21:00:00,-1.844356,34.20232
0001-10-30 22:00:00,-1.8444479,34.202274
0001-10-30 23:00:00,-1.8445299,34.20223
0001-10-31 00:00:00,-1.8446012,34.20218
0001-10-31 01:00:00,-1.8446612,34.20213
0001-10-31 02:00:00,-1.8447107,34.20208
0001-10-31 03:00:00,-1.8447486,34.202026
0001-10-31 04:00:00,-1.8447746,34.20197
0001-10-31 05:00:00,-1.8447968,34.201912
0001-10-31 06:00:00,-1.8448045,34.20185
0001-10-31 07:00:00,-1.8447976,34.201794
0001-10-31 08:00:00,-1.8447771,34.201733
0001-10-31 09:00:00,-1.844744,34.20167
0001-10-31 10:00:00,-1.8446983,34.20161
0001-10-31 11:00:00,-1.8446404,34.20155
0001-10-31 12:00:00,-1.8445706,34.201485
0001-10-31 13:00:00,-1.8445528,34.201416
0001-10-31 14:00:00,-1.8446361,34.201332
0001-10-31 15:00:00,-1.8447616,34.20124
0001-10-31 16:00:00,-1.8449618,34.201134
0001-10-31 17:00:00,-1.8452113,34.201015
0001-10-31 18:00:00,-1.8455887,34.200867
0001-10-31 19:00:00,-1.8459933,34.200714
0001-10-31 20:00:00,-1.8462468,34.200592
0001-10-31 21:00:00,-1.8463581,34.200504
0001-10-31 22:00:00,-1.846334,34.200447
0001-10-31 23:00:00,-1.8462459,34.20042
0001-11-01 00:00:00,-1.8460904,34.200428
0001-11-01 01:00:00,-1.845876,34.20049
0001-11-01 02:00:00,-1.845777,34.200535
0001-11-01 03:00:00,-1.8456936,34.200584
0001-11-01 04:00:00,-1.8456693,34.200623
0001-11-01 05:00:00,-1.8456541,34.200653
0001-11-01 06:00:00,-1.8456597,34.200687
0001-11-01 07:00:00,-1.8456922,34.200726
0001-11-01 08:00:00,-1.8457566,34.200775
0001-11-01 09:00:00,-1.8458217,34.20084
0001-11-01 10:00:00,-1.845883,34.200912
0001-11-01 11:00:00,-1.845963,34.20101
0001-11-01 12:00:00,-1.8460587,34.201126
0001-11-01 13:00:00,-1.8461616,34.201244
0001-11-01 14:00:00,-1.8462666,34.20136
0001-11-01 15:00:00,-1.8463594,34.201466
0001-11-01 16:00:00,-1.8464423,34.20156
0001-11-01 17:00:00,-1.8465073,34.201668
0001-11-01 18:00:00,-1.8465836,34.20176
0001-11-01 19:00:00,-1.8466656,34.201855
0001-11-01 20:00:00,-1.8467458,34.201946
0001-11-01 21:00:00,-1.8468161,34.20204
0001-11-01 22:00:00,-1.846866,34.202133
0001-11-01 23:00:00,-1.8469052,34.20226
0001-11-02 00:00:00,-1.8469284,34.202377
0001-11-02 01:00:00,-1.8469343,34.202488
0001-11-02 02:00:00,-1.8469409,34.202606
0001-11-02 03:00:00,-1.8469472,34.202724
0001-11-02 04:00:00,-1.8469532,34.202835
0001-11-02 05:00:00,-1.8469605,34.202972
0001-11-02 06:00:00,-1.8469677,34.203106
0001-11-02 07:00:00,-1.8469743,34.203228
0001-11-02 08:00:00,-1.8469809,34.20335
0001-11-02 09:00:00,-1.8469876,34.203476
0001-11-02 10:00:00,-1.8469951,34.203613
0001-11-02 11:00:00,-1.847003,34.20376
0001-11-02 12:00:00,-1.8470112,34.20391
0001-11-02 13:00:00,-1.8470186,34.20405
0001-11-02 14:00:00,-1.8470248,34.204163
0001-11-02 15:00:00,-1.8470308,34.204273
0001-11-02 16:00:00,-1.8470365,34.20438
0001-11-02 17:00:00,-1.8470414,34.204468
0001-11-02 18:00:00,-1.8470455,34.204548
0001-11-02 19:00:00,-1.8470495,34.20462
0001-11-02 20:00:00,-1.8470529,34.20468
0001-11-02 21:00:00,-1.8470558,34.20474
0001-11-02 22:00:00,-1.8470583,34.204784
0001-11-02 23:00:00,-1.8470606,34.204826
0001-11-03 00:00:00,-1.8470625,34.20486
0001-11-03 01:00:00,-1.847064,34.204887
0001-11-03 02:00:00,-1.8470652,34.20491
0001-11-03 03:00:00,-1.8470662,34.20493
0001-11-03 04:00:00,-1.8470669,34.204945
0001-11-03 05:00:00,-1.8470675,34.204952
0001-11-03 06:00:00,-1.847068,34.20496
0001-11-03 07:00:00,-1.8470682,34.204967
0001-11-03 08:00:00,-1.8470684,34.20497
0001-11-03 09:00:00,-1.8470685,34.20497
0001-11-03 10:00:00,-1.8470685,34.204975
0001-11-03 11:00:00,-1.8470687,34.204975
0001-11-03 12:00:00,-1.8470687,34.204975
0001-11-03 13:00:00,-1.8470688,34.20498
0001-11-03 14:00:00,-1.8470689,34.20498
0001-11-03 15:00:00,-1.847069,34.204983
0001-11-03 16:00:00,-1.8470691,34.204987
0001-11-03 17:00:00,-1.8470694,34.204987
0001-11-03 18:00:00,-1.8470695,34.20499
0001-11-03 19:00:00,-1.8470697,34.204994
0001-11-03 20:00:00,-1.84707,34.204998
0001-11-03 21:00:00,-1.8470702,34.205
0001-11-03 22:00:00,-1.8470705,34.205006
0001-11-03 23:00:00,-1.8470706,34.205013
0001-11-04 00:00:00,-1.8470708,34.205013
0001-11-04 01:00:00,-1.847071,34.205017
0001-11-04 02:00:00,-1.8470712,34.20502
0001-11-04 03:00:00,-1.8470714,34.20503
0001-11-04 04:00:00,-1.8470716,34.205032
0001-11-04 05:00:00,-1.8470719,34.205036
0001-11-04 06:00:00,-1.8470721,34.20504
0001-11-04 07:00:00,-1.8470725,34.205044
0001-11-04 08:00:00,-1.8470727,34.20505
0001-11-04 09:00:00,-1.8470731,34.20506
0001-11-04 10:00:00,-1.8470734,34.205063
0001-11-04 11:00:00,-1.8470739,34.20507
0001-11-04 12:00:00,-1.8470743,34.20508
0001-11-04 13:00:00,-1.8470746,34.205086
0001-11-04 14:00:00,-1.847075,34.205093
0001-11-04 15:00:00,-1.8470752,34.205097
0001-11-04 16:00:00,-1.8470755,34.2051
0001-11-04 17:00:00,-1.8470758,34.20511
0001-11-04 18:00:00,-1.847076,34.205112
0001-11-04 19:00:00,-1.8470763,34.205116
0001-11-04 20:00:00,-1.8470765,34.20512
0001-11-04 21:00:00,-1.8470768,34.205124
0001-11-04 22:00:00,-1.847077,34.205128
0001-11-04 23:00:00,-1.8470773,34.205135
0001-11-05 00:00:00,-1.8470775,34.20514
0001-11-05 01:00:00,-1.8470778,34.205143
0001-11-05 02:00:00,-1.8470781,34.20515
0001-11-05 03:00:00,-1.8470784,34.205154
0001-11-05 04:00:00,-1.8470788,34.205162
0001-11-05 05:00:00,-1.8470792,34.20517
0001-11-05 06:00:00,-1.8470795,34.205177
0001-11-05 07:00:00,-1.84708,34.205185
0001-11-05 08:00:00,-1.8470805,34.205193
0001-11-05 09:00:00,-1.847081,34.205204
0001-11-05 10:00:00,-1.8470815,34.20521
0001-11-05 11:00:00,-1.8470821,34.205223
0001-11-05 12:00:00,-1.8470827,34.205235
0001-11-05 13:00:00,-1.8470834,34.20525
0001-11-05 14:00:00,-1.8470842,34.20526
0001-11-05 15:00:00,-1.847085,34.205276
0001-11-05 16:00:00,-1.8470858,34.20529
0001-11-05 17:00:00,-1.8470867,34.205307
0001-11-05 18:00:00,-1.8470875,34.205326
0001-11-05 19:00:00,-1.8470883,34.20534
0001-11-05 20:00:00,-1.8470893,34.205357
0001-11-05 21:00:00,-1.8470902,34.205376
0001-11-05 22:00:00,-1.8470912,34.20539
0001-11-05 23:00:00,-1.8470922,34.20541
0001-11-06 00:00:00,-1.8470932,34.20543
0001-11-06 01:00:00,-1.8470942,34.20545
0001-11-06 02:00:00,-1.8470953,34.205467
0001-11-06 03:00:00,-1.8470964,34.20549
0001-11-06 04:00:00,-1.8470975,34.20551
0001-11-06 05:00:00,-1.8470987,34.205532
0001-11-06 06:00:00,-1.8470999,34.20555
0001-11-06 07:00:00,-1.847101,34.205574
0001-11-06 08:00:00,-1.8471022,34.205597
0001-11-06 09:00:00,-1.8471034,34.205616
0001-11-06 10:00:00,-1.8471044,34.20564
0001-11-06 11:00:00,-1.8471056,34.205658
0001-11-06 12:00:00,-1.8471068,34.20568
0001-11-06 13:00:00,-1.8471079,34.205704
0001-11-06 14:00:00,-1.8471091,34.205723
0001-11-06 15:00:00,-1.8471102,34.205746
0001-11-06 16:00:00,-1.8471112,34.205765
0001-11-06 17:00:00,-1.8471123,34.205784
0001-11-06 18:00:00,-1.8471134,34.205803
0001-11-06 19:00:00,-1.8471144,34.205822
0001-11-06 20:00:00,-1.8471154,34.20584
0001-11-06 21:00:00,-1.8471165,34.20586
0001-11-06 22:00:00,-1.8471174,34.20588
0001-11-06 23:00:00,-1.8471184,34.205894
0001-11-07 00:00:00,-1.8471192,34.205914
0001-11-07 01:00:00,-1.8471202,34.20593
0001-11-07 02:00:00,-1.847121,34.205944
0001-11-07 03:00:00,-1.8471218,34.20596
0001-11-07 04:00:00,-1.8471226,34.205975
0001-11-07 05:00:00,-1.8471234,34.205986
0001-11-07 06:00:00,-1.8471241,34.206
0001-11-07 07:00:00,-1.8471248,34.206017
0001-11-07 08:00:00,-1.8471255,34.206028
0001-11-07 09:00:00,-1.8471262,34.20604
0001-11-07 10:00:00,-1.8471268,34.206055
0001-11-07 11:00:00,-1.8471276,34.206066
0001-11-07 12:00:00,-1.8471282,34.206078
0001-11-07 13:00:00,-1.8471287,34.20609
0001-11-07 14:00:00,-1.8471295,34.2061
0001-11-07 15:00:00,-1.8471301,34.206112
0001-11-07 16:00:00,-1.8471307,34.206123
0001-11-07 17:00:00,-1.8471313,34.206135
0001-11-07 18:00:00,-1.8471317,34.206142
0001-11-07 19:00:00,-1.8471323,34.206154
0001-11-07 20:00:00,-1.8471329,34.206165
0001-11-07 21:00:00,-1.8471334,34.206173
0001-11-07 22:00:00,-1.847134,34.206184
0001-11-07 23:00:00,-1.8471345,34.206196
0001-11-08 00:00:00,-1.847135,34.206203
0001-11-08 01:00:00,-1.8471355,34.20621
0001-11-08 02:00:00,-1.847136,34.206223
0001-11-08 03:00:00,-1.8471365,34.20623
0001-11-08 04:00:00,-1.8471369,34.206238
0001-11-08 05:00:00,-1.8471373,34.20625
0001-11-08 06:00:00,-1.8471378,34.206257
0001-11-08 07:00:00,-1.8471383,34.206264
0001-11-08 08:00:00,-1.8471386,34.206272
0001-11-08 09:00:00,-1.8471391,34.20628
0001-11-08 10:00:00,-1.8471395,34.206287
0001-11-08 11:00:00,-1.84714,34.206295
0001-11-08 12:00:00,-1.8471403,34.206303
0001-11-08 13:00:00,-1.8471407,34.20631
0001-11-08 14:00:00,-1.847141,34.206314
0001-11-08 15:00:00,-1.8471414,34.20632
0001-11-08 16:00:00,-1.8471416,34.206326
0001-11-08 17:00:00,-1.8471419,34.20633
0001-11-08 18:00:00,-1.847142,34.206333
0001-11-08 19:00:00,-1.8471421,34.206337
0001-11-08 20:00:00,-1.8471422,34.206337
0001-11-08 21:00:00,-1.8471423,34.20634
0001-11-08 22:00:00,-1.8471425,34.20634
0001-11-08 23:00:00,-1.8471426,34.206345
0001-11-09 00:00:00,-1.8471427,34.20635
0001-11-09 01:00:00,-1.8471428,34.20635
0001-11-09 02:00:00,-1.847143,34.206352
0001-11-09 03:00:00,-1.8471432,34.206356
0001-11-09 04:00:00,-1.8471434,34.20636
0001-11-09 05:00:00,-1.8471437,34.206364
0001-11-09 06:00:00,-1.847144,34.20637
0001-11-09 07:00:00,-1.8471442,34.206375
0001-11-09 08:00:00,-1.8471446,34.206383
0001-11-09 09:00:00,-1.847145,34.206387
0001-11-09 10:00:00,-1.8471453,34.206394
0001-11-09 11:00:00,-1.8471458,34.206406
0001-11-09 12:00:00,-1.8471464,34.206413
0001-11-09 13:00:00,-1.8471469,34.206425
0001-11-09 14:00:00,-1.8471473,34.206432
0001-11-09 15:00:00,-1.8471478,34.206444
0001-11-09 16:00:00,-1.8471483,34.20645
0001-11-09 17:00:00,-1.8471488,34.20646
0001-11-09 18:00:00,-1.8471493,34.206467
0001-11-09 19:00:00,-1.8471496,34.206474
0001-11-09 20:00:00,-1.84715,34.206482
0001-11-09 21:00:00,-1.8471503,34.206486
0001-11-09 22:00:00,-1.8471506,34.206493
0001-11-09 23:00:00,-1.8471508,34.206497
0001-11-10 00:00:00,-1.847151,34.2065
0001-11-10 01:00:00,-1.8471512,34.206505
0001-11-10 02:00:00,-1.8471513,34.206505
0001-11-10 03:00:00,-1.8471514,34.20651
0001-11-10 04:00:00,-1.8471514,34.20651
0001-11-10 05:00:00,-1.8471514,34.20651
0001-11-10 06:00:00,-1.8471513,34.206505
0001-11-10 07:00:00,-1.8471513,34.206505
0001-11-10 08:00:00,-1.847151,34.2065
0001-11-10 09:00:00,-1.8471509,34.206497
0001-11-10 10:00:00,-1.8471507,34.206493
0001-11-10 11:00:00,-1.8471503,34.20649
0001-11-10 12:00:00,-1.8471501,34.206482
0001-11-10 13:00:00,-1.8471497,34.206474
0001-11-10 14:00:00,-1.8471493,34.206467
0001-11-10 15:00:00,-1.8471489,34.20646
0001-11-10 16:00:00,-1.8471484,34.20645
0001-11-10 17:00:00,-1.847148,34.206444
0001-11-10 18:00:00,-1.8471473,34.206432
0001-11-10 19:00:00,-1.8471467,34.20642
0001-11-10 20:00:00,-1.847146,34.20641
0001-11-10 21:00:00,-1.8471454,34.206398
0001-11-10 22:00:00,-1.8471446,34.206383
0001-11-10 23:00:00,-1.8471439,34.206367
0001-11-11 00:00:00,-1.8471429,34.206352
0001-11-11 01:00:00,-1.8471421,34.206333
0001-11-11 02:00:00,-1.8471411,34.206318
0001-11-11 03:00:00,-1.8471401,34.2063
0001-11-11 04:00:00,-1.847139,34.20628
0001-11-11 05:00:00,-1.8471379,34.206257
0001-11-11 06:00:00,-1.8471367,34.206238
0001-11-11 07:00:00,-1.8471355,34.206215
0001-11-11 08:00:00,-1.8471344,34.206192
0001-11-11 09:00:00,-1.847133,34.20617
0001-11-11 10:00:00,-1.8471318,34.206142
0001-11-11 11:00:00,-1.8471304,34.20612
0001-11-11 12:00:00,-1.8471291,34.206097
0001-11-11 13:00:00,-1.8471279,34.206074
0001-11-11 14:00:00,-1.8471268,34.20605
0001-11-11 15:00:00,-1.8471259,34.206036
0001-11-11 16:00:00,-1.8471249,34.206017
0001-11-11 17:00:00,-1.8471241,34.206
0001-11-11 18:00:00,-1.8471234,34.20599
0001-11-11 19:00:00,-1.8471227,34.205975
0001-11-11 20:00:00,-1.8471221,34.205963
0001-11-11 21:00:00,-1.8471215,34.205956
0001-11-11 22:00:00,-1.847121,34.205944
0001-11-11 23:00:00,-1.8471206,34.205936
0001-11-12 00:00:00,-1.8471203,34.205933
0001-11-12 01:00:00,-1.8471199,34.205925
0001-11-12 02:00:00,-1.8471197,34.20592
0001-11-12 03:00:00,-1.8471195,34.205914
0001-11-12 04:00:00,-1.8471192,34.20591
0001-11-12 05:00:00,-1.8471191,34.20591
0001-11-12 06:00:00,-1.8471189,34.205906
0001-11-12 07:00:00,-1.8471187,34.205902
0001-11-12 08:00:00,-1.8471187,34.205902
0001-11-12 09:00:00,-1.8471186,34.205902
0001-11-12 10:00:00,-1.8471186,34.205902
0001-11-12 11:00:00,-1.8471186,34.205902
0001-11-12 12:00:00,-1.8471187,34.205902
0001-11-12 13:00:00,-1.8471186,34.205902
0001-11-12 14:00:00,-1.8471181,34.20589
0001-11-12 15:00:00,-1.8471175,34.20588
0001-11-12 16:00:00,-1.8471167,34.205864
0001-11-12 17:00:00,-1.8471158,34.205845
0001-11-12 18:00:00,-1.8471146,34.205826
0001-11-12 19:00:00,-1.8471131,34.2058
0001-11-12 20:00:00,-1.8471116,34.20577
0001-11-12 21:00:00,-1.8471098,34.205734
0001-11-12 22:00:00,-1.8471078,34.2057
0001-11-12 23:00:00,-1.8471055,34.205658
0001-11-13 00:00:00,-1.847103,34.205612
0001-11-13 01:00:00,-1.8471003,34.20556
0001-11-13 02:00:00,-1.8470974,34.205505
0001-11-13 03:00:00,-1.8470944,34.205452
0001-11-13 04:00:00,-1.8470916,34.2054
0001-11-13 05:00:00,-1.8470888,34.20535
0001-11-13 06:00:00,-1.8470863,34.205303
0001-11-13 07:00:00,-1.847084,34.20526
0001-11-13 08:00:00,-1.847082,34.205223
0001-11-13 09:00:00,-1.8470801,34.20519
0001-11-13 10:00:00,-1.8470783,34.205154
0001-11-13 11:00:00,-1.8470765,34.205124
0001-11-13 12:00:00,-1.847075,34.205093
0001-11-13 13:00:00,-1.8470733,34.205063
0001-11-13 14:00:00,-1.847072,34.205036
0001-11-13 15:00:00,-1.8470707,34.205013
0001-11-13 16:00:00,-1.8470696,34.204994
0001-11-13 17:00:00,-1.8470687,34.204975
0001-11-13 18:00:00,-1.8470678,34.20496
0001-11-13 19:00:00,-1.8470671,34.20495
0001-11-13 20:00:00,-1.8470666,34.204937
0001-11-13 21:00:00,-1.8470662,34.20493
0001-11-13 22:00:00,-1.8470659,34.204926
0001-11-13 23:00:00,-1.8470658,34.20492
0001-11-14 00:00:00,-1.8470658,34.20492
0001-11-14 01:00:00,-1.8470659,34.204926
0001-11-14 02:00:00,-1.8470662,34.20493
0001-11-14 03:00:00,-1.8470665,34.204937
0001-11-14 04:00:00,-1.847067,34.204945
0001-11-14 05:00:00,-1.8470676,34.204956
0001-11-14 06:00:00,-1.8470683,34.204967
0001-11-14 07:00:00,-1.847069,34.204983
0001-11-14 08:00:00,-1.84707,34.204998
0001-11-14 09:00:00,-1.8470709,34.205017
0001-11-14 10:00:00,-1.847072,34.205036
0001-11-14 11:00:00,-1.8470732,34.20506
0001-11-14 12:00:00,-1.8470744,34.205082
0001-11-14 13:00:00,-1.8470755,34.2051
0001-11-14 14:00:00,-1.8470764,34.20512
0001-11-14 15:00:00,-1.8470773,34.205135
0001-11-14 16:00:00,-1.8470781,34.20515
0001-11-14 17:00:00,-1.8470789,34.205166
0001-11-14 18:00:00,-1.8470796,34.205177
0001-11-14 19:00:00,-1.8470803,34.205193
0001-11-14 20:00:00,-1.8470812,34.205208
0001-11-14 21:00:00,-1.8470818,34.20522
0001-11-14 22:00:00,-1.8470825,34.20523
0001-11-14 23:00:00,-1.8470832,34.205246
0001-11-15 00:00:00,-1.8470839,34.205257
0001-11-15 01:00:00,-1.8470845,34.20527
0001-11-15 02:00:00,-1.8470852,34.20528
0001-11-15 03:00:00,-1.8470858,34.20529
0001-11-15 04:00:00,-1.8470865,34.205307
0001-11-15 05:00:00,-1.8470871,34.20532
0001-11-15 06:00:00,-1.8470879,34.20533
0001-11-15 07:00:00,-1.8470885,34.20534
0001-11-15 08:00:00,-1.8470892,34.205353
0001-11-15 09:00:00,-1.8470899,34.205368
0001-11-15 10:00:00,-1.8470905,34.20538
0001-11-15 11:00:00,-1.8470912,34.205395
0001-11-15 12:00:00,-1.8470919,34.205406
0001-11-15 13:00:00,-1.8470926,34.205418
0001-11-15 14:00:00,-1.8470932,34.20543
0001-11-15 15:00:00,-1.8470938,34.20544
0001-11-15 16:00:00,-1.8470944,34.205452
0001-11-15 17:00:00,-1.847095,34.205463
0001-11-15 18:00:00,-1.8470955,34.20547
0001-11-15 19:00:00,-1.847096,34.205482
0001-11-15 20:00:00,-1.8470964,34.20549
0001-11-15 21:00:00,-1.8470969,34.205498
0001-11-15 22:00:00,-1.8470973,34.205505
0001-11-15 23:00:00,-1.8470978,34.205513
0001-11-16 00:00:00,-1.8470981,34.20552
0001-11-16 01:00:00,-1.847018,34.20553
0001-11-16 02:00:00,-1.8466682,34.205536
0001-11-16 03:00:00,-1.8462272,34.205544
0001-11-16 04:00:00,-1.8457286,34.205547
0001-11-16 05:00:00,-1.8451835,34.205555
0001-11-16 06:00:00,-1.8445969,34.205563
0001-11-16 07:00:00,-1.8439721,34.205566
0001-11-16 08:00:00,-1.8433115,34.205574
0001-11-16 09:00:00,-1.8426161,34.205578
0001-11-16 10:00:00,-1.8418871,34.20558
0001-11-16 11:00:00,-1.8411255,34.20559
0001-11-16 12:00:00,-1.8403318,34.205593
0001-11-16 13:00:00,-1.8395429,34.205597
0001-11-16 14:00:00,-1.8387718,34.205597
0001-11-16 15:00:00,-1.8379905,34.2056
0001-11-16 16:00:00,-1.8371896,34.2056
0001-11-16 17:00:00,-1.8363633,34.2056
0001-11-16 18:00:00,-1.8355076,34.205597
0001-11-16 19:00:00,-1.8346225,34.205593
0001-11-16 20:00:00,-1.833703,34.20559
0001-11-16 21:00:00,-1.8327433,34.205585
0001-11-16 22:00:00,-1.8317432,34.205578
0001-11-16 23:00:00,-1.8307021,34.20557
0001-11-17 00:00:00,-1.8296155,34.205563
0001-11-17 01:00:00,-1.8284717,34.20555
0001-11-17 02:00:00,-1.8272743,34.20554
0001-11-17 03:00:00,-1.8260123,34.20553
0001-11-17 04:00:00,-1.8246778,34.205513
0001-11-17 05:00:00,-1.823267,34.205494
0001-11-17 06:00:00,-1.8217691,34.20548
0001-11-17 07:00:00,-1.8201754,34.20546
0001-11-17 08:00:00,-1.8184707,34.205437
0001-11-17 09:00:00,-1.8166541,34.205414
0001-11-17 10:00:00,-1.8146896,34.205387
0001-11-17 11:00:00,-1.8125932,34.205357
0001-11-17 12:00:00,-1.8103102,34.205322
0001-11-17 13:00:00,-1.8080119,34.205296
0001-11-17 14:00:00,-1.8058219,34.205273
0001-11-17 15:00:00,-1.8037002,34.205254
0001-11-17 16:00:00,-1.8016438,34.205235
0001-11-17 17:00:00,-1.7996382,34.205223
0001-11-17 18:00:00,-1.797685,34.205208
0001-11-17 19:00:00,-1.795765,34.2052
0001-11-17 20:00:00,-1.793886,34.205193
0001-11-17 21:00:00,-1.7919818,34.205185
0001-11-17 22:00:00,-1.7901253,34.205177
0001-11-17 23:00:00,-1.7883042,34.205173
0001-11-18 00:00:00,-1.7865219,34.20517
0001-11-18 01:00:00,-1.7847703,34.205166
0001-11-18 02:00:00,-1.7830461,34.205166
0001-11-18 03:00:00,-1.7813598,34.20517
0001-11-18 04:00:00,-1.779718,34.20517
0001-11-18 05:00:00,-1.7780892,34.205173
0001-11-18 06:00:00,-1.7764589,34.205177
0001-11-18 07:00:00,-1.7748631,34.20518
0001-11-18 08:00:00,-1.773303,34.20519
0001-11-18 09:00:00,-1.7717854,34.205196
0001-11-18 10:00:00,-1.7702764,34.205204
0001-11-18 11:00:00,-1.7688007,34.20521
0001-11-18 12:00:00,-1.7674124,34.205223
0001-11-18 13:00:00,-1.766072,34.20523
0001-11-18 14:00:00,-1.7647974,34.20524
0001-11-18 15:00:00,-1.7635643,34.205246
0001-11-18 16:00:00,-1.7624036,34.20525
0001-11-18 17:00:00,-1.7613986,34.205254
0001-11-18 18:00:00,-1.7605326,34.20526
0001-11-18 19:00:00,-1.7598346,34.205265
0001-11-18 20:00:00,-1.7592778,34.205273
0001-11-18 21:00:00,-1.7589518,34.20528
0001-11-18 22:00:00,-1.7590052,34.205288
0001-11-18 23:00:00,-1.7592946,34.2053
0001-11-19 00:00:00,-1.7596378,34.205307
0001-11-19 01:00:00,-1.7601135,34.20532
0001-11-19 02:00:00,-1.7606646,34.20533
0001-11-19 03:00:00,-1.7612119,34.205338
0001-11-19 04:00:00,-1.7618008,34.205345
0001-11-19 05:00:00,-1.7624186,34.205357
0001-11-19 06:00:00,-1.7630366,34.205364
0001-11-19 07:00:00,-1.7638714,34.20537
0001-11-19 08:00:00,-1.7647045,34.205383
0001-11-19 09:00:00,-1.7654682,34.20539
0001-11-19 10:00:00,-1.7663372,34.205402
0001-11-19 11:00:00,-1.7672174,34.205414
0001-11-19 12:00:00,-1.7679683,34.20543
0001-11-19 13:00:00,-1.7686629,34.205444
0001-11-19 14:00:00,-1.7691706,34.20546
0001-11-19 15:00:00,-1.769485,34.205475
0001-11-19 16:00:00,-1.7696517,34.20549
0001-11-19 17:00:00,-1.7697194,34.20551
0001-11-19 18:00:00,-1.7697096,34.205524
0001-11-19 19:00:00,-1.7696304,34.205544
0001-11-19 20:00:00,-1.7694737,34.205563
0001-11-19 21:00:00,-1.7692446,34.20558
0001-11-19 22:00:00,-1.7689394,34.2056
0001-11-19 23:00:00,-1.7685744,34.205624
0001-11-20 00:00:00,-1.7681721,34.205643
0001-11-20 01:00:00,-1.7677484,34.205666
0001-11-20 02:00:00,-1.7673162,34.20569
0001-11-20 03:00:00,-1.7668834,34.20571
0001-11-20 04:00:00,-1.7664531,34.205734
0001-11-20 05:00:00,-1.766025,34.205757
0001-11-20 06:00:00,-1.7656044,34.205784
0001-11-20 07:00:00,-1.7651849,34.205807
0001-11-20 08:00:00,-1.764766,34.205833
0001-11-20 09:00:00,-1.7643392,34.205856
0001-11-20 10:00:00,-1.7639036,34.205883
0001-11-20 11:00:00,-1.7634562,34.20591
0001-11-20 12:00:00,-1.7629931,34.205933
0001-11-20 13:00:00,-1.7624818,34.205956
0001-11-20 14:00:00,-1.7618704,34.20598
0001-11-20 15:00:00,-1.7612041,34.206
0001-11-20 16:00:00,-1.7604927,34.20602
0001-11-20 17:00:00,-1.759751,34.20604
0001-11-20 18:00:00,-1.7589777,34.20606
0001-11-20 19:00:00,-1.7581532,34.206078
0001-11-20 20:00:00,-1.7573159,34.206093
0001-11-20 21:00:00,-1.7564605,34.206112
0001-11-20 22:00:00,-1.7555838,34.206127
0001-11-20 23:00:00,-1.7546836,34.206142
0001-11-21 00:00:00,-1.75376,34.206158
0001-11-21 01:00:00,-1.7528132,34.20617
0001-11-21 02:00:00,-1.7518436,34.20618
0001-11-21 03:00:00,-1.7508492,34.206196
0001-11-21 04:00:00,-1.7498301,34.206207
0001-11-21 05:00:00,-1.7487879,34.20622
0001-11-21 06:00:00,-1.7477208,34.206226
0001-11-21 07:00:00,-1.7466397,34.206238
0001-11-21 08:00:00,-1.7455001,34.206245
0001-11-21 09:00:00,-1.7443231,34.206253
0001-11-21 10:00:00,-1.743097,34.20626
0001-11-21 11:00:00,-1.7418846,34.20627
0001-11-21 12:00:00,-1.7406093,34.206276
0001-11-21 13:00:00,-1.7392793,34.20628
0001-11-21 14:00:00,-1.7379313,34.206287
0001-11-21 15:00:00,-1.7366369,34.20629
0001-11-21 16:00:00,-1.7354748,34.206295
0001-11-21 17:00:00,-1.7344924,34.2063
0001-11-21 18:00:00,-1.7336985,34.206306
0001-11-21 19:00:00,-1.7330594,34.206314
0001-11-21 20:00:00,-1.7324634,34.20632
0001-11-21 21:00:00,-1.7320304,34.206333
0001-11-21 22:00:00,-1.7315886,34.206345
0001-11-21 23:00:00,-1.7311276,34.20636
0001-11-22 00:00:00,-1.730647,34.206375
0001-11-22 01:00:00,-1.7301704,34.20639
0001-11-22 02:00:00,-1.7296772,34.20641
0001-11-22 03:00:00,-1.7291691,34.206432
0001-11-22 04:00:00,-1.7286996,34.20646
0001-11-22 05:00:00,-1.7281749,34.20649
0001-11-22 06:00:00,-1.7276608,34.206524
0001-11-22 07:00:00,-1.7271711,34.206566
0001-11-22 08:00:00,-1.7266845,34.20661
0001-11-22 09:00:00,-1.7262774,34.206673
0001-11-22 10:00:00,-1.7259604,34.20674
0001-11-22 11:00:00,-1.7257006,34.206818
0001-11-22 12:00:00,-1.7254702,34.206905
0001-11-22 13:00:00,-1.7251995,34.206993
0001-11-22 14:00:00,-1.7248256,34.20707
0001-11-22 15:00:00,-1.7243668,34.207138
0001-11-22 16:00:00,-1.7238476,34.2072
0001-11-22 17:00:00,-1.7232497,34.207256
0001-11-22 18:00:00,-1.7226108,34.20731
0001-11-22 19:00:00,-1.7219466,34.20736
0001-11-22 20:00:00,-1.7212656,34.207405
0001-11-22 21:00:00,-1.7205721,34.20745
0001-11-22 22:00:00,-1.7198685,34.207493
0001-11-22 23:00:00,-1.7191564,34.207535
0001-11-23 00:00:00,-1.7184361,34.207573
0001-11-23 01:00:00,-1.7177082,34.207607
0001-11-23 02:00:00,-1.7169728,34.20764
0001-11-23 03:00:00,-1.7162297,34.207676
0001-11-23 04:00:00,-1.7154771,34.207706
0001-11-23 05:00:00,-1.7147131,34.207733
0001-11-23 06:00:00,-1.7139386,34.20776
0001-11-23 07:00:00,-1.7131575,34.207783
0001-11-23 08:00:00,-1.7123687,34.20781
0001-11-23 09:00:00,-1.7115772,34.207832
0001-11-23 10:00:00,-1.7107773,34.20785
0001-11-23 11:00:00,-1.7099541,34.207874
0001-11-23 12:00:00,-1.7091194,34.207893
0001-11-23 13:00:00,-1.7082845,34.20791
0001-11-23 14:00:00,-1.7074347,34.207928
0001-11-23 15:00:00,-1.7065692,34.207943
0001-11-23 16:00:00,-1.7056885,34.20796
0001-11-23 17:00:00,-1.7047894,34.207973
0001-11-23 18:00:00,-1.7038727,34.207985
0001-11-23 19:00:00,-1.70293,34.207996
0001-11-23 20:00:00,-1.7019169,34.208008
0001-11-23 21:00:00,-1.7008961,34.20802
0001-11-23 22:00:00,-1.6997993,34.208027
0001-11-23 23:00:00,-1.6986293,34.208035
0001-11-24 00:00:00,-1.6973569,34.208042
0001-11-24 01:00:00,-1.6959527,34.208046
0001-11-24 02:00:00,-1.6943642,34.208054
0001-11-24 03:00:00,-1.6925185,34.208057
0001-11-24 04:00:00,-1.6903048,34.208065
0001-11-24 05:00:00,-1.6878518,34.208073
0001-11-24 06:00:00,-1.6853957,34.20808
0001-11-24 07:00:00,-1.6832236,34.208084
0001-11-24 08:00:00,-1.6814182,34.208088
0001-11-24 09:00:00,-1.6801084,34.20809
0001-11-24 10:00:00,-1.6798152,34.20809
0001-11-24 11:00:00,-1.680474,34.20809
0001-11-24 12:00:00,-1.6810931,34.20809
0001-11-24 13:00:00,-1.6813328,34.208096
0001-11-24 14:00:00,-1.681281,34.2081
0001-11-24 15:00:00,-1.681046,34.208107
0001-11-24 16:00:00,-1.6807241,34.208115
0001-11-24 17:00:00,-1.6803596,34.208122
0001-11-24 18:00:00,-1.679965,34.20813
0001-11-24 19:00:00,-1.6795548,34.20814
0001-11-24 20:00:00,-1.67914,34.20815
0001-11-24 21:00:00,-1.6787261,34.20816
0001-11-24 22:00:00,-1.6783175,34.20817
0001-11-24 23:00:00,-1.6779176,34.208183
0001-11-25 00:00:00,-1.6775292,34.208195
0001-11-25 01:00:00,-1.6771553,34.208206
0001-11-25 02:00:00,-1.6767976,34.208218
0001-11-25 03:00:00,-1.6764587,34.208233
0001-11-25 04:00:00,-1.6761408,34.208244
0001-11-25 05:00:00,-1.6758462,34.20826
0001-11-25 06:00:00,-1.6755804,34.208275
0001-11-25 07:00:00,-1.675341,34.20829
0001-11-25 08:00:00,-1.6751273,34.208305
0001-11-25 09:00:00,-1.6749413,34.20832
0001-11-25 10:00:00,-1.674783,34.208336
0001-11-25 11:00:00,-1.6746566,34.20835
0001-11-25 12:00:00,-1.6745608,34.20837
0001-11-25 13:00:00,-1.6744512,34.20838
0001-11-25 14:00:00,-1.6743152,34.208397
0001-11-25 15:00:00,-1.6741815,34.20841
0001-11-25 16:00:00,-1.6740602,34.20842
0001-11-25 17:00:00,-1.6739556,34.20843
0001-11-25 18:00:00,-1.673871,34.208443
0001-11-25 19:00:00,-1.6738136,34.20845
0001-11-25 20:00:00,-1.6737831,34.20846
0001-11-25 21:00:00,-1.6737782,34.208473
0001-11-25 22:00:00,-1.6737953,34.208485
0001-11-25 23:00:00,-1.6738346,34.2085
0001-11-26 00:00:00,-1.673885,34.20851
0001-11-26 01:00:00,-1.6739377,34.208527
0001-11-26 02:00:00,-1.6739916,34.20854
0001-11-26 03:00:00,-1.6740508,34.208557
0001-11-26 04:00:00,-1.6741207,34.208576
0001-11-26 05:00:00,-1.6742058,34.208595
0001-11-26 06:00:00,-1.6743082,34.208614
0001-11-26 07:00:00,-1.6744269,34.208637
0001-11-26 08:00:00,-1.674556,34.20866
0001-11-26 09:00:00,-1.6746899,34.208683
0001-11-26 10:00:00,-1.674814,34.208706
0001-11-26 11:00:00,-1.6749191,34.208733
0001-11-26 12:00:00,-1.6750065,34.20876
0001-11-26 13:00:00,-1.675035,34.208786
0001-11-26 14:00:00,-1.674989,34.208813
0001-11-26 15:00:00,-1.6749066,34.20884
0001-11-26 16:00:00,-1.674804,34.208866
0001-11-26 17:00:00,-1.6746881,34.208897
0001-11-26 18:00:00,-1.6745623,34.208927
0001-11-26 19:00:00,-1.6744295,34.208958
0001-11-26 20:00:00,-1.6742921,34.20899
0001-11-26 21:00:00,-1.6741524,34.209023
0001-11-26 22:00:00,-1.6740122,34.209057
0001-11-26 23:00:00,-1.6738715,34.20909
0001-11-27 00:00:00,-1.6737266,34.209126
0001-11-27 01:00:00,-1.6735758,34.209164
0001-11-27 02:00:00,-1.6734188,34.2092
0001-11-27 03:00:00,-1.6732527,34.20924
0001-11-27 04:00:00,-1.673073,34.20928
0001-11-27 05:00:00,-1.6728784,34.20932
0001-11-27 06:00:00,-1.6726532,34.20936
0001-11-27 07:00:00,-1.6723936,34.209393
0001-11-27 08:00:00,-1.6720988,34.209427
0001-11-27 09:00:00,-1.6717749,34.20946
0001-11-27 10:00:00,-1.6714298,34.209496
0001-11-27 11:00:00,-1.6710695,34.20953
0001-11-27 12:00:00,-1.6706963,34.209568
0001-11-27 13:00:00,-1.6703212,34.209602
0001-11-27 14:00:00,-1.669947,34.20964
0001-11-27 15:00:00,-1.6695647,34.209675
0001-11-27 16:00:00,-1.6691732,34.209713
0001-11-27 17:00:00,-1.668772,34.209747
0001-11-27 18:00:00,-1.6683605,34.20978
0001-11-27 19:00:00,-1.6679379,34.209816
0001-11-27 20:00:00,-1.6675025,34.20985
0001-11-27 21:00:00,-1.667054,34.20988
0001-11-27 22:00:00,-1.6665934,34.209915
0001-11-27 23:00:00,-1.6661221,34.20994
0001-11-28 00:00:00,-1.665641,34.209972
0001-11-28 01:00:00,-1.6651504,34.210003
0001-11-28 02:00:00,-1.6646508,34.21003
0001-11-28 03:00:00,-1.6641421,34.21006
0001-11-28 04:00:00,-1.6636243,34.210087
0001-11-28 05:00:00,-1.6630971,34.210114
0001-11-28 06:00:00,-1.6625608,34.21014
0001-11-28 07:00:00,-1.6620152,34.210167
0001-11-28 08:00:00,-1.6614604,34.21019
0001-11-28 09:00:00,-1.6608956,34.210217
0001-11-28 10:00:00,-1.6603227,34.21024
0001-11-28 11:00:00,-1.6597288,34.210262
0001-11-28 12:00:00,-1.6591241,34.21029
0001-11-28 13:00:00,-1.6585456,34.210308
0001-11-28 14:00:00,-1.6580076,34.21033
0001-11-28 15:00:00,-1.6574901,34.21035
0001-11-28 16:00:00,-1.6569871,34.210373
0001-11-28 17:00:00,-1.6564955,34.210392
0001-11-28 18:00:00,-1.656014,34.21041
0001-11-28 19:00:00,-1.6555408,34.210426
0001-11-28 20:00:00,-1.6550757,34.210445
0001-11-28 21:00:00,-1.6546186,34.21046
0001-11-28 22:00:00,-1.6541703,34.21048
0001-11-28 23:00:00,-1.6537302,34.210495
0001-11-29 00:00:00,-1.6532985,34.21051
0001-11-29 01:00:00,-1.6528751,34.21052
0001-11-29 02:00:00,-1.6524599,34.210537
0001-11-29 03:00:00,-1.6520526,34.210552
0001-11-29 04:00:00,-1.6516526,34.210564
0001-11-29 05:00:00,-1.6512601,34.210575
0001-11-29 06:00:00,-1.6508757,34.210587
0001-11-29 07:00:00,-1.6504987,34.210598
0001-11-29 08:00:00,-1.6501286,34.21061
0001-11-29 09:00:00,-1.6497669,34.210617
0001-11-29 10:00:00,-1.6494128,34.21063
0001-11-29 11:00:00,-1.6490648,34.210636
0001-11-29 12:00:00,-1.6487243,34.210644
0001-11-29 13:00:00,-1.648391,34.21065
0001-11-29 14:00:00,-1.6480681,34.210663
0001-11-29 15:00:00,-1.6477528,34.210674
0001-11-29 16:00:00,-1.6474458,34.210686
0001-11-29 17:00:00,-1.6471461,34.210697
0001-11-29 18:00:00,-1.6468545,34.21071
0001-11-29 19:00:00,-1.6465732,34.21072
0001-11-29 20:00:00,-1.6463032,34.21073
0001-11-29 21:00:00,-1.6460451,34.210743
0001-11-29 22:00:00,-1.6457986,34.21076
0001-11-29 23:00:00,-1.6455638,34.21077
0001-11-30 00:00:00,-1.6453413,34.210785
0001-11-30 01:00:00,-1.6451313,34.210796
0001-11-30 02:00:00,-1.6449349,34.21081
0001-11-30 03:00:00,-1.6447523,34.210827
0001-11-30 04:00:00,-1.644584,34.21084
0001-11-30 05:00:00,-1.6444308,34.210854
0001-11-30 06:00:00,-1.6442931,34.21087
0001-11-30 07:00:00,-1.644172,34.210884
0001-11-30 08:00:00,-1.6440686,34.210903
0001-11-30 09:00:00,-1.643984,34.21092
0001-11-30 10:00:00,-1.6439195,34.210934
0001-11-30 11:00:00,-1.643877,34.210953
0001-11-30 12:00:00,-1.6438572,34.21097
0001-11-30 13:00:00,-1.6438057,34.21099
0001-11-30 14:00:00,-1.6436856,34.211006
0001-11-30 15:00:00,-1.6435232,34.211018
0001-11-30 16:00:00,-1.6433283,34.211033
0001-11-30 17:00:00,-1.6431059,34.211044
0001-11-30 18:00:00,-1.6428593,34.21106
0001-11-30 19:00:00,-1.6425908,34.21107
0001-11-30 20:00:00,-1.6423017,34.211082
0001-11-30 21:00:00,-1.6419928,34.211098
0001-11-30 22:00:00,-1.6416645,34.21111
0001-11-30 23:00:00,-1.6413169,34.21112
0001-12-01 00:00:00,-1.640949,34.211132
0001-12-01 01:00:00,-1.6405602,34.211143
0001-12-01 02:00:00,-1.6401491,34.21116
0001-12-01 03:00:00,-1.6397145,34.21117
0001-12-01 04:00:00,-1.6392531,34.211185
0001-12-01 05:00:00,-1.6387616,34.211197
0001-12-01 06:00:00,-1.6382364,34.211212
0001-12-01 07:00:00,-1.6376735,34.211227
0001-12-01 08:00:00,-1.6370695,34.211243
0001-12-01 09:00:00,-1.6364225,34.211258
0001-12-01 10:00:00,-1.6357337,34.211273
0001-12-01 11:00:00,-1.6349984,34.211292
0001-12-01 12:00:00,-1.6342183,34.211308
0001-12-01 13:00:00,-1.6333636,34.21133
0001-12-01 14:00:00,-1.6324267,34.21135
0001-12-01 15:00:00,-1.6314282,34.211372
0001-12-01 16:00:00,-1.630375,34.211395
0001-12-01 17:00:00,-1.6292692,34.211422
0001-12-01 18:00:00,-1.6281102,34.21145
0001-12-01 19:00:00,-1.6269022,34.211475
0001-12-01 20:00:00,-1.625643,34.211506
0001-12-01 21:00:00,-1.6243236,34.211533
0001-12-01 22:00:00,-1.6229337,34.211563
0001-12-01 23:00:00,-1.6214608,34.21159
0001-12-02 00:00:00,-1.6199099,34.211617
0001-12-02 01:00:00,-1.6183004,34.21164
0001-12-02 02:00:00,-1.6166499,34.211662
0001-12-02 03:00:00,-1.614967,34.211685
0001-12-02 04:00:00,-1.613257,34.211708
0001-12-02 05:00:00,-1.6115208,34.21173
0001-12-02 06:00:00,-1.6097554,34.211754
0001-12-02 07:00:00,-1.6079577,34.211777
0001-12-02 08:00:00,-1.6061242,34.211803
0001-12-02 09:00:00,-1.6042528,34.21183
0001-12-02 10:00:00,-1.6023446,34.211857
0001-12-02 11:00:00,-1.6004084,34.211884
0001-12-02 12:00:00,-1.5984443,34.211914
0001-12-02 13:00:00,-1.5965068,34.211945
0001-12-02 14:00:00,-1.5946248,34.21198
0001-12-02 15:00:00,-1.5927804,34.212013
0001-12-02 16:00:00,-1.5909443,34.21205
0001-12-02 17:00:00,-1.5891215,34.21209
0001-12-02 18:00:00,-1.5873185,34.212128
0001-12-02 19:00:00,-1.5855393,34.21217
0001-12-02 20:00:00,-1.583787,34.212208
0001-12-02 21:00:00,-1.5820642,34.21225
0001-12-02 22:00:00,-1.5803733,34.21229
0001-12-02 23:00:00,-1.5787171,34.212334
0001-12-03 00:00:00,-1.5770978,34.212376
0001-12-03 01:00:00,-1.5755168,34.212418
0001-12-03 02:00:00,-1.5739743,34.21246
0001-12-03 03:00:00,-1.5724754,34.2125
0001-12-03 04:00:00,-1.5710243,34.212547
0001-12-03 05:00:00,-1.5696243,34.21259
0001-12-03 06:00:00,-1.5682803,34.21263
0001-12-03 07:00:00,-1.5670005,34.21267
0001-12-03 08:00:00,-1.5657662,34.212708
0001-12-03 09:00:00,-1.5645599,34.21275
0001-12-03 10:00:00,-1.5633794,34.212788
0001-12-03 11:00:00,-1.562229,34.212822
0001-12-03 12:00:00,-1.5611166,34.21286
0001-12-03 13:00:00,-1.5599308,34.21289
0001-12-03 14:00:00,-1.558633,34.212914
0001-12-03 15:00:00,-1.5573249,34.212933
0001-12-03 16:00:00,-1.55602,34.212955
0001-12-03 17:00:00,-1.5547153,34.21298
0001-12-03 18:00:00,-1.5534326,34.213
0001-12-03 19:00:00,-1.5521826,34.213028
0001-12-03 20:00:00,-1.5509896,34.213055
0001-12-03 21:00:00,-1.5498675,34.213078
0001-12-03 22:00:00,-1.5488337,34.213104
0001-12-03 23:00:00,-1.5478873,34.213123
0001-12-04 00:00:00,-1.5470585,34.213142
0001-12-04 01:00:00,-1.5462233,34.21316
0001-12-04 02:00:00,-1.5454032,34.21318
0001-12-04 03:00:00,-1.5446395,34.2132
0001-12-04 04:00:00,-1.5439458,34.21322
0001-12-04 05:00:00,-1.5433536,34.213234
0001-12-04 06:00:00,-1.5428233,34.21325
0001-12-04 07:00:00,-1.5424268,34.21326
0001-12-04 08:00:00,-1.5422279,34.213264
0001-12-04 09:00:00,-1.5420285,34.213276
0001-12-04 10:00:00,-1.5418928,34.21328
0001-12-04 11:00:00,-1.5417725,34.213284
0001-12-04 12:00:00,-1.5416484,34.21329
0001-12-04 13:00:00,-1.5415195,34.213295
0001-12-04 14:00:00,-1.541271,34.213295
0001-12-04 15:00:00,-1.5409063,34.2133
0001-12-04 16:00:00,-1.5404313,34.213303
0001-12-04 17:00:00,-1.5397972,34.213306
0001-12-04 18:00:00,-1.5390152,34.213314
0001-12-04 19:00:00,-1.5381283,34.21332
0001-12-04 20:00:00,-1.5372276,34.213326
0001-12-04 21:00:00,-1.5363519,34.21333
0001-12-04 22:00:00,-1.535513,34.213333
0001-12-04 23:00:00,-1.5346906,34.213333
0001-12-05 00:00:00,-1.5340177,34.21333
0001-12-05 01:00:00,-1.5333422,34.21332
0001-12-05 02:00:00,-1.5326209,34.213318
0001-12-05 03:00:00,-1.5318974,34.213314
0001-12-05 04:00:00,-1.5311754,34.213306
0001-12-05 05:00:00,-1.530454,34.2133
0001-12-05 06:00:00,-1.5297487,34.21329
0001-12-05 07:00:00,-1.5290432,34.21328
0001-12-05 08:00:00,-1.5283501,34.213272
0001-12-05 09:00:00,-1.5278028,34.213257
0001-12-05 10:00:00,-1.527212,34.213245
0001-12-05 11:00:00,-1.5266216,34.21323
0001-12-05 12:00:00,-1.5260403,34.21322
0001-12-05 13:00:00,-1.5254114,34.213203
0001-12-05 14:00:00,-1.5247875,34.213192
0001-12-05 15:00:00,-1.5240746,34.21318
0001-12-05 16:00:00,-1.5232772,34.21317
0001-12-05 17:00:00,-1.5223902,34.21316
0001-12-05 18:00:00,-1.5214086,34.213154
0001-12-05 19:00:00,-1.520322,34.21315
0001-12-05 20:00:00,-1.5191395,34.213146
0001-12-05 21:00:00,-1.5178802,34.213142
0001-12-05 22:00:00,-1.5165552,34.21314
0001-12-05 23:00:00,-1.5151706,34.21314
0001-12-06 00:00:00,-1.5137256,34.213135
0001-12-06 01:00:00,-1.5122198,34.213135
0001-12-06 02:00:00,-1.5106496,34.213135
0001-12-06 03:00:00,-1.5090075,34.213135
0001-12-06 04:00:00,-1.5073136,34.213135
0001-12-06 05:00:00,-1.5055902,34.213135
0001-12-06 06:00:00,-1.5037969,34.213135
0001-12-06 07:00:00,-1.5019063,34.21313
0001-12-06 08:00:00,-1.4999765,34.21313
0001-12-06 09:00:00,-1.4979607,34.21313
0001-12-06 10:00:00,-1.4958788,34.21313
0001-12-06 11:00:00,-1.4937532,34.21313
0001-12-06 12:00:00,-1.4916817,34.21313
0001-12-06 13:00:00,-1.489492,34.213127
0001-12-06 14:00:00,-1.4872364,34.213123
0001-12-06 15:00:00,-1.4850063,34.21312
0001-12-06 16:00:00,-1.4827381,34.21311
0001-12-06 17:00:00,-1.4804584,34.213104
0001-12-06 18:00:00,-1.4781307,34.213097
0001-12-06 19:00:00,-1.4758028,34.21309
0001-12-06 20:00:00,-1.4734602,34.213078
0001-12-06 21:00:00,-1.4711084,34.21307
0001-12-06 22:00:00,-1.4687464,34.21306
0001-12-06 23:00:00,-1.4663723,34.213043
0001-12-07 00:00:00,-1.4639851,34.21303
0001-12-07 01:00:00,-1.4615864,34.213017
0001-12-07 02:00:00,-1.4591819,34.213
0001-12-07 03:00:00,-1.4567755,34.212986
0001-12-07 04:00:00,-1.4543658,34.212967
0001-12-07 05:00:00,-1.451952,34.21295
0001-12-07 06:00:00,-1.4494601,34.212933
0001-12-07 07:00:00,-1.4470222,34.212914
0001-12-07 08:00:00,-1.4445934,34.212894
0001-12-07 09:00:00,-1.4421763,34.21287
0001-12-07 10:00:00,-1.439768,34.21285
0001-12-07 11:00:00,-1.4373727,34.212826
0001-12-07 12:00:00,-1.4349977,34.212803
0001-12-07 13:00:00,-1.4326077,34.212784
0001-12-07 14:00:00,-1.4301555,34.21276
0001-12-07 15:00:00,-1.4276742,34.21274
0001-12-07 16:00:00,-1.4251719,34.212723
0001-12-07 17:00:00,-1.4226576,34.212704
0001-12-07 18:00:00,-1.42021,34.212685
0001-12-07 19:00:00,-1.417706,34.21267
0001-12-07 20:00:00,-1.4151993,34.21265
0001-12-07 21:00:00,-1.4126849,34.21263
0001-12-07 22:00:00,-1.4101634,34.212616
0001-12-07 23:00:00,-1.4076483,34.212597
0001-12-08 00:00:00,-1.4050542,34.21258
0001-12-08 01:00:00,-1.4025894,34.212563
0001-12-08 02:00:00,-1.4000906,34.212547
0001-12-08 03:00:00,-1.3975804,34.212532
0001-12-08 04:00:00,-1.3950698,34.212513
0001-12-08 05:00:00,-1.392582,34.212498
0001-12-08 06:00:00,-1.3900416,34.212482
0001-12-08 07:00:00,-1.3875132,34.212467
0001-12-08 08:00:00,-1.3849827,34.212452
0001-12-08 09:00:00,-1.3824583,34.212433
0001-12-08 10:00:00,-1.3799385,34.212418
0001-12-08 11:00:00,-1.3774247,34.212402
0001-12-08 12:00:00,-1.37492,34.212387
0001-12-08 13:00:00,-1.372494,34.21237
0001-12-08 14:00:00,-1.370205,34.212353
0001-12-08 15:00:00,-1.3680315,34.212337
0001-12-08 16:00:00,-1.3658507,34.21232
0001-12-08 17:00:00,-1.3637005,34.2123
0001-12-08 18:00:00,-1.3616048,34.21228
0001-12-08 19:00:00,-1.3595442,34.212257
0001-12-08 20:00:00,-1.3575774,34.21224
0001-12-08 21:00:00,-1.3556331,34.21222
0001-12-08 22:00:00,-1.353714,34.212196
0001-12-08 23:00:00,-1.3518238,34.212177
0001-12-09 00:00:00,-1.3500487,34.212154
0001-12-09 01:00:00,-1.3483077,34.212135
0001-12-09 02:00:00,-1.3465912,34.212112
0001-12-09 03:00:00,-1.3449942,34.21209
0001-12-09 04:00:00,-1.3433998,34.21207
0001-12-09 05:00:00,-1.3418328,34.212048
0001-12-09 06:00:00,-1.340291,34.212025
0001-12-09 07:00:00,-1.3388511,34.212
0001-12-09 08:00:00,-1.3374028,34.21198
0001-12-09 09:00:00,-1.3360577,34.211956
0001-12-09 10:00:00,-1.3346349,34.211933
0001-12-09 11:00:00,-1.3332299,34.21191
0001-12-09 12:00:00,-1.3317432,34.211887
0001-12-09 13:00:00,-1.3302559,34.21186
0001-12-09 14:00:00,-1.3286281,34.211838
0001-12-09 15:00:00,-1.3269596,34.21181
0001-12-09 16:00:00,-1.3252902,34.21179
0001-12-09 17:00:00,-1.3236176,34.21176
0001-12-09 18:00:00,-1.3219484,34.21174
0001-12-09 19:00:00,-1.3202794,34.211716
0001-12-09 20:00:00,-1.3185935,34.211693
0001-12-09 21:00:00,-1.3168825,34.21167
0001-12-09 22:00:00,-1.3151423,34.211643
0001-12-09 23:00:00,-1.3133612,34.21162
0001-12-10 00:00:00,-1.3115493,34.211597
0001-12-10 01:00:00,-1.3097035,34.211575
0001-12-10 02:00:00,-1.30782,34.21155
0001-12-10 03:00:00,-1.3059212,34.211525
0001-12-10 04:00:00,-1.3039762,34.211502
0001-12-10 05:00:00,-1.3020864,34.21148
0001-12-10 06:00:00,-1.3001734,34.211456
0001-12-10 07:00:00,-1.2981904,34.21143
0001-12-10 08:00:00,-1.2961758,34.211407
0001-12-10 09:00:00,-1.2941209,34.211384
0001-12-10 10:00:00,-1.2920299,34.211357
0001-12-10 11:00:00,-1.2899013,34.21133
0001-12-10 12:00:00,-1.2877398,34.211308
0001-12-10 13:00:00,-1.2855119,34.21128
0001-12-10 14:00:00,-1.2831764,34.211258
0001-12-10 15:00:00,-1.2807394,34.211235
0001-12-10 16:00:00,-1.27828,34.211216
0001-12-10 17:00:00,-1.275723,34.211193
0001-12-10 18:00:00,-1.2731147,34.211174
0001-12-10 19:00:00,-1.2704139,34.211155
0001-12-10 20:00:00,-1.2676284,34.211136
0001-12-10 21:00:00,-1.264762,34.21112
0001-12-10 22:00:00,-1.2616657,34.2111
0001-12-10 23:00:00,-1.2584113,34.211082
0001-12-11 00:00:00,-1.2549253,34.211063
0001-12-11 01:00:00,-1.2512945,34.211044
0001-12-11 02:00:00,-1.2472991,34.211025
0001-12-11 03:00:00,-1.242962,34.211006
0001-12-11 04:00:00,-1.2382854,34.21099
0001-12-11 05:00:00,-1.233235,34.21097
0001-12-11 06:00:00,-1.2276423,34.210953
0001-12-11 07:00:00,-1.2215517,34.210938
0001-12-11 08:00:00,-1.2155087,34.210926
0001-12-11 09:00:00,-1.2094029,34.21092
0001-12-11 10:00:00,-1.2034668,34.210915
0001-12-11 11:00:00,-1.1978849,34.210915
0001-12-11 12:00:00,-1.1927286,34.21092
0001-12-11 13:00:00,-1.1880766,34.210926
0001-12-11 14:00:00,-1.1839695,34.210926
0001-12-11 15:00:00,-1.18053,34.21093
0001-12-11 16:00:00,-1.1776439,34.210934
0001-12-11 17:00:00,-1.1753654,34.210934
0001-12-11 18:00:00,-1.1737975,34.210938
0001-12-11 19:00:00,-1.172188,34.21094
0001-12-11 20:00:00,-1.1706792,34.210945
0001-12-11 21:00:00,-1.1692396,34.21095
0001-12-11 22:00:00,-1.1674742,34.210953
0001-12-11 23:00:00,-1.1658906,34.210953
0001-12-12 00:00:00,-1.1642357,34.210953
0001-12-12 01:00:00,-1.1628871,34.210957
0001-12-12 02:00:00,-1.1615123,34.210957
0001-12-12 03:00:00,-1.1604805,34.21096
0001-12-12 04:00:00,-1.1597326,34.21096
0001-12-12 05:00:00,-1.1594806,34.210964
0001-12-12 06:00:00,-1.1589999,34.210964
0001-12-12 07:00:00,-1.1583586,34.210968
0001-12-12 08:00:00,-1.1579151,34.21097
0001-12-12 09:00:00,-1.157746,34.21097
0001-12-12 10:00:00,-1.1572682,34.210976
0001-12-12 11:00:00,-1.1566453,34.210976
0001-12-12 12:00:00,-1.1560061,34.210976
0001-12-12 13:00:00,-1.1554439,34.21098
0001-12-12 14:00:00,-1.1548995,34.21098
0001-12-12 15:00:00,-1.154256,34.21098
0001-12-12 16:00:00,-1.15349,34.210983
0001-12-12 17:00:00,-1.1525861,34.210983
0001-12-12 18:00:00,-1.1517167,34.210983
0001-12-12 19:00:00,-1.1506381,34.210983
0001-12-12 20:00:00,-1.1494308,34.210983
0001-12-12 21:00:00,-1.1481464,34.210983
0001-12-12 22:00:00,-1.1468601,34.210983
0001-12-12 23:00:00,-1.1455649,34.210983
0001-12-13 00:00:00,-1.1442518,34.210983
0001-12-13 01:00:00,-1.1429282,34.210983
0001-12-13 02:00:00,-1.1416061,34.210983
0001-12-13 03:00:00,-1.1402731,34.210983
0001-12-13 04:00:00,-1.1389235,34.210983
0001-12-13 05:00:00,-1.1375586,34.21098
0001-12-13 06:00:00,-1.1361709,34.21098
0001-12-13 07:00:00,-1.1347625,34.21098
0001-12-13 08:00:00,-1.1333386,34.21098
0001-12-13 09:00:00,-1.1319002,34.21098
0001-12-13 10:00:00,-1.1304526,34.210976
0001-12-13 11:00:00,-1.1290077,34.210976
0001-12-13 12:00:00,-1.1275905,34.210976
0001-12-13 13:00:00,-1.1261035,34.210976
0001-12-13 14:00:00,-1.1245337,34.21097
0001-12-13 15:00:00,-1.1229023,34.21097
0001-12-13 16:00:00,-1.1212056,34.21097
0001-12-13 17:00:00,-1.1194521,34.21097
0001-12-13 18:00:00,-1.1176631,34.210968
0001-12-13 19:00:00,-1.1158395,34.210968
0001-12-13 20:00:00,-1.113977,34.210968
0001-12-13 21:00:00,-1.1120735,34.210964
0001-12-13 22:00:00,-1.110113,34.210964
0001-12-13 23:00:00,-1.1080918,34.210964
0001-12-14 00:00:00,-1.1060275,34.21096
0001-12-14 01:00:00,-1.1038837,34.21096
0001-12-14 02:00:00,-1.1016906,34.21096
0001-12-14 03:00:00,-1.0994066,34.210957
0001-12-14 04:00:00,-1.0970669,34.210957
0001-12-14 05:00:00,-1.0946758,34.210953
0001-12-14 06:00:00,-1.0922675,34.210953
0001-12-14 07:00:00,-1.0896827,34.21095
0001-12-14 08:00:00,-1.0870124,34.21095
0001-12-14 09:00:00,-1.0842658,34.210945
0001-12-14 10:00:00,-1.08141,34.210945
0001-12-14 11:00:00,-1.0783997,34.21094
0001-12-14 12:00:00,-1.0752403,34.21094
0001-12-14 13:00:00,-1.0719842,34.210938
0001-12-14 14:00:00,-1.0686799,34.210938
0001-12-14 15:00:00,-1.0652981,34.210934
0001-12-14 16:00:00,-1.0618061,34.21093
0001-12-14 17:00:00,-1.0581608,34.21093
0001-12-14 18:00:00,-1.054342,34.210926
0001-12-14 19:00:00,-1.0505038,34.210922
0001-12-14 20:00:00,-1.046469,34.21092
0001-12-14 21:00:00,-1.0422963,34.210915
0001-12-14 22:00:00,-1.0381224,34.210915
0001-12-14 23:00:00,-1.0337259,34.21091
0001-12-15 00:00:00,-1.0291275,34.210907
0001-12-15 01:00:00,-1.0242885,34.210903
0001-12-15 02:00:00,-1.0193142,34.2109
0001-12-15 03:00:00,-1.0141672,34.210896
0001-12-15 04:00:00,-1.0089519,34.21089
0001-12-15 05:00:00,-1.0035378,34.210888
0001-12-15 06:00:00,-0.99802595,34.210884
0001-12-15 07:00:00,-0.99248,34.21088
0001-12-15 08:00:00,-0.9866497,34.210876
0001-12-15 09:00:00,-0.98045456,34.21087
0001-12-15 10:00:00,-0.9737896,34.210865
0001-12-15 11:00:00,-0.9670365,34.21086
0001-12-15 12:00:00,-0.96028644,34.210854
0001-12-15 13:00:00,-0.95392114,34.21085
0001-12-15 14:00:00,-0.94803256,34.21085
0001-12-15 15:00:00,-0.94273466,34.21085
0001-12-15 16:00:00,-0.93806696,34.21085
0001-12-15 17:00:00,-0.93406105,34.21085
0001-12-15 18:00:00,-0.93026805,34.21085
0001-12-15 19:00:00,-0.92637926,34.210854
0001-12-15 20:00:00,-0.92265815,34.210854
0001-12-15 21:00:00,-0.9192014,34.210857
0001-12-15 22:00:00,-0.916477,34.21086
0001-12-15 23:00:00,-0.91376764,34.210865
0001-12-16 00:00:00,-0.9111135,34.21087
0001-12-16 01:00:00,-0.90863687,34.210873
0001-12-16 02:00:00,-0.9064325,34.210876
0001-12-16 03:00:00,-0.9045204,34.21088
0001-12-16 04:00:00,-0.90275514,34.210888
0001-12-16 05:00:00,-0.900846,34.21089
0001-12-16 06:00:00,-0.8992428,34.2109
0001-12-16 07:00:00,-0.89772546,34.210903
0001-12-16 08:00:00,-0.8965818,34.21091
0001-12-16 09:00:00,-0.89579594,34.21092
0001-12-16 10:00:00,-0.89533603,34.210922
0001-12-16 11:00:00,-0.8950018,34.21093
0001-12-16 12:00:00,-0.8947545,34.210938
0001-12-16 13:00:00,-0.8940876,34.210945
0001-12-16 14:00:00,-0.8930837,34.21095
0001-12-16 15:00:00,-0.8918622,34.210957
0001-12-16 16:00:00,-0.89040357,34.210964
0001-12-16 17:00:00,-0.8886856,34.21097
0001-12-16 18:00:00,-0.8867258,34.21098
0001-12-16 19:00:00,-0.88452065,34.210983
0001-12-16 20:00:00,-0.88196534,34.21099
0001-12-16 21:00:00,-0.87971514,34.211
0001-12-16 22:00:00,-0.87700135,34.211006
0001-12-16 23:00:00,-0.87407845,34.211014
0001-12-17 00:00:00,-0.87098175,34.21102
0001-12-17 01:00:00,-0.8678244,34.21103
0001-12-17 02:00:00,-0.8646895,34.211037
0001-12-17 03:00:00,-0.8616402,34.211044
0001-12-17 04:00:00,-0.858691,34.211052
0001-12-17 05:00:00,-0.8558643,34.21106
0001-12-17 06:00:00,-0.85313433,34.211067
0001-12-17 07:00:00,-0.8504943,34.211075
0001-12-17 08:00:00,-0.84793127,34.211082
0001-12-17 09:00:00,-0.8454347,34.21109
0001-12-17 10:00:00,-0.8429896,34.211098
0001-12-17 11:00:00,-0.8405817,34.211105
0001-12-17 12:00:00,-0.8382097,34.211113
0001-12-17 13:00:00,-0.8356866,34.21112
0001-12-17 14:00:00,-0.8328911,34.21113
0001-12-17 15:00:00,-0.82982665,34.211136
0001-12-17 16:00:00,-0.8263696,34.21114
0001-12-17 17:00:00,-0.8225128,34.211147
0001-12-17 18:00:00,-0.81868464,34.21115
0001-12-17 19:00:00,-0.8146175,34.211155
0001-12-17 20:00:00,-0.8101687,34.21116
0001-12-17 21:00:00,-0.80571514,34.211163
0001-12-17 22:00:00,-0.80079395,34.211166
0001-12-17 23:00:00,-0.7955345,34.211166
0001-12-18 00:00:00,-0.7899628,34.211166
0001-12-18 01:00:00,-0.78349364,34.21117
0001-12-18 02:00:00,-0.77655697,34.21117
0001-12-18 03:00:00,-0.76892835,34.21117
0001-12-18 04:00:00,-0.76017135,34.211166
0001-12-18 05:00:00,-0.7508804,34.211163
0001-12-18 06:00:00,-0.74125534,34.211155
0001-12-18 07:00:00,-0.73189783,34.211147
0001-12-18 08:00:00,-0.7230554,34.21114
0001-12-18 09:00:00,-0.71495664,34.21113
0001-12-18 10:00:00,-0.7075102,34.211117
0001-12-18 11:00:00,-0.70100063,34.211105
0001-12-18 12:00:00,-0.69565237,34.211094
0001-12-18 13:00:00,-0.6920818,34.211086
0001-12-18 14:00:00,-0.6887725,34.21108
0001-12-18 15:00:00,-0.68825155,34.211075
0001-12-18 16:00:00,-0.68473667,34.21107
0001-12-18 17:00:00,-0.68078697,34.211067
0001-12-18 18:00:00,-0.67608666,34.211063
0001-12-18 19:00:00,-0.6710337,34.211063
0001-12-18 20:00:00,-0.66589206,34.21106
0001-12-18 21:00:00,-0.66085786,34.21106
0001-12-18 22:00:00,-0.6560552,34.21106
0001-12-18 23:00:00,-0.65151435,34.211063
0001-12-19 00:00:00,-0.64723533,34.211067
0001-12-19 01:00:00,-0.6431373,34.211067
0001-12-19 02:00:00,-0.6391397,34.211075
0001-12-19 03:00:00,-0.63516164,34.21108
0001-12-19 04:00:00,-0.63113236,34.211082
0001-12-19 05:00:00,-0.6270258,34.21109
0001-12-19 06:00:00,-0.6228896,34.211098
0001-12-19 07:00:00,-0.6187495,34.2111
0001-12-19 08:00:00,-0.61445785,34.21111
0001-12-19 09:00:00,-0.60988927,34.21112
0001-12-19 10:00:00,-0.60528415,34.21113
0001-12-19 11:00:00,-0.60070264,34.21114
0001-12-19 12:00:00,-0.5961665,34.21115
0001-12-19 13:00:00,-0.59160715,34.21116
0001-12-19 14:00:00,-0.5869796,34.21117
0001-12-19 15:00:00,-0.58231515,34.21118
0001-12-19 16:00:00,-0.5776239,34.21119
0001-12-19 17:00:00,-0.57291394,34.2112
0001-12-19 18:00:00,-0.56819206,34.21121
0001-12-19 19:00:00,-0.5634684,34.21122
0001-12-19 20:00:00,-0.5587518,34.21123
0001-12-19 21:00:00,-0.5540514,34.21124
0001-12-19 22:00:00,-0.549376,34.21125
0001-12-19 23:00:00,-0.54473424,34.211258
0001-12-20 00:00:00,-0.54013467,34.211266
0001-12-20 01:00:00,-0.5355855,34.211277
0001-12-20 02:00:00,-0.5310948,34.211285
0001-12-20 03:00:00,-0.5266695,34.211296
0001-12-20 04:00:00,-0.5223175,34.211304
0001-12-20 05:00:00,-0.5180476,34.21131
0001-12-20 06:00:00,-0.51386696,34.211323
0001-12-20 07:00:00,-0.5097833,34.21133
0001-12-20 08:00:00,-0.5058042,34.211338
0001-12-20 09:00:00,-0.50193363,34.211346
0001-12-20 10:00:00,-0.49818206,34.211353
0001-12-20 11:00:00,-0.49455824,34.21136
0001-12-20 12:00:00,-0.4910711,34.21137
0001-12-20 13:00:00,-0.48765108,34.211376
0001-12-20 14:00:00,-0.4842358,34.211384
0001-12-20 15:00:00,-0.48083872,34.21139
0001-12-20 16:00:00,-0.47746098,34.2114
0001-12-20 17:00:00,-0.47410476,34.211407
0001-12-20 18:00:00,-0.47077295,34.21141
0001-12-20 19:00:00,-0.4674687,34.21142
0001-12-20 20:00:00,-0.46419522,34.211426
0001-12-20 21:00:00,-0.46095538,34.21143
0001-12-20 22:00:00,-0.4577518,34.211437
0001-12-20 23:00:00,-0.45458695,34.21144
0001-12-21 00:00:00,-0.451463,34.211445
0001-12-21 01:00:00,-0.44838217,34.211452
0001-12-21 02:00:00,-0.44534528,34.211456
0001-12-21 03:00:00,-0.4423219,34.21146
0001-12-21 04:00:00,-0.43932128,34.211464
0001-12-21 05:00:00,-0.43647927,34.211468
0001-12-21 06:00:00,-0.43386492,34.21147
0001-12-21 07:00:00,-0.4314487,34.211475
0001-12-21 08:00:00,-0.4292182,34.21148
0001-12-21 09:00:00,-0.4271398,34.211483
0001-12-21 10:00:00,-0.42516792,34.211483
0001-12-21 11:00:00,-0.42323875,34.211487
0001-12-21 12:00:00,-0.42131585,34.211487
0001-12-21 13:00:00,-0.4192278,34.21149
0001-12-21 14:00:00,-0.41689906,34.211494
0001-12-21 15:00:00,-0.4144485,34.2115
0001-12-21 16:00:00,-0.41156843,34.211502
0001-12-21 17:00:00,-0.40842664,34.211506
0001-12-21 18:00:00,-0.40513283,34.21151
0001-12-21 19:00:00,-0.4017304,34.211514
0001-12-21 20:00:00,-0.39823568,34.211517
0001-12-21 21:00:00,-0.39465585,34.21152
0001-12-21 22:00:00,-0.39099506,34.21153
0001-12-21 23:00:00,-0.38725635,34.211533
0001-12-22 00:00:00,-0.38344246,34.211536
0001-12-22 01:00:00,-0.3795559,34.211544
0001-12-22 02:00:00,-0.375599,34.211548
0001-12-22 03:00:00,-0.37157053,34.21155
0001-12-22 04:00:00,-0.36742613,34.21156
0001-12-22 05:00:00,-0.36312816,34.211567
0001-12-22 06:00:00,-0.35866058,34.21157
0001-12-22 07:00:00,-0.35401455,34.21158
0001-12-22 08:00:00,-0.3492393,34.211586
0001-12-22 09:00:00,-0.3446272,34.21159
0001-12-22 10:00:00,-0.3400465,34.211597
0001-12-22 11:00:00,-0.33545282,34.211605
0001-12-22 12:00:00,-0.33083585,34.21161
0001-12-22 13:00:00,-0.32618374,34.211617
0001-12-22 14:00:00,-0.32149884,34.21162
0001-12-22 15:00:00,-0.3167605,34.211628
0001-12-22 16:00:00,-0.31196567,34.21163
0001-12-22 17:00:00,-0.3071125,34.211636
0001-12-22 18:00:00,-0.3022094,34.21164
0001-12-22 19:00:00,-0.29724437,34.21164
0001-12-22 20:00:00,-0.29222155,34.211643
0001-12-22 21:00:00,-0.28713074,34.211647
0001-12-22 22:00:00,-0.28196555,34.211647
0001-12-22 23:00:00,-0.27671614,34.211647
0001-12-23 00:00:00,-0.2713545,34.21165
0001-12-23 01:00:00,-0.26584482,34.21165
0001-12-23 02:00:00,-0.26075518,34.21165
0001-12-23 03:00:00,-0.2551363,34.21165
0001-12-23 04:00:00,-0.2494296,34.211647
0001-12-23 05:00:00,-0.2435637,34.211647
0001-12-23 06:00:00,-0.23765594,34.211647
0001-12-23 07:00:00,-0.23173468,34.211643
0001-12-23 08:00:00,-0.22580986,34.21164
0001-12-23 09:00:00,-0.21988814,34.21164
0001-12-23 10:00:00,-0.21397032,34.211636
0001-12-23 11:00:00,-0.20805924,34.21163
0001-12-23 12:00:00,-0.202157,34.211624
0001-12-23 13:00:00,-0.1963373,34.21162
0001-12-23 14:00:00,-0.19064847,34.211617
0001-12-23 15:00:00,-0.18507187,34.21161
0001-12-23 16:00:00,-0.17960042,34.2116
0001-12-23 17:00:00,-0.17423326,34.211594
0001-12-23 18:00:00,-0.16897048,34.211586
0001-12-23 19:00:00,-0.16381234,34.21158
0001-12-23 20:00:00,-0.15875919,34.211567
0001-12-23 21:00:00,-0.1538115,34.211555
0001-12-23 22:00:00,-0.14896975,34.211548
0001-12-23 23:00:00,-0.14423457,34.211536
0001-12-24 00:00:00,-0.13960658,34.211525
0001-12-24 01:00:00,-0.1350865,34.211514
0001-12-24 02:00:00,-0.13067473,34.2115
0001-12-24 03:00:00,-0.12636985,34.211487
0001-12-24 04:00:00,-0.12217439,34.21147
0001-12-24 05:00:00,-0.118089445,34.211456
0001-12-24 06:00:00,-0.114115894,34.21144
0001-12-24 07:00:00,-0.110254675,34.211426
0001-12-24 08:00:00,-0.10650685,34.21141
0001-12-24 09:00:00,-0.10287359,34.211395
0001-12-24 10:00:00,-0.09927221,34.21138
0001-12-24 11:00:00,-0.09647167,34.21136
0001-12-24 12:00:00,-0.093583256,34.211346
0001-12-24 13:00:00,-0.090610385,34.21133
0001-12-24 14:00:00,-0.0877624,34.211315
0001-12-24 15:00:00,-0.084933795,34.211308
0001-12-24 16:00:00,-0.08200889,34.211296
0001-12-24 17:00:00,-0.07905654,34.21129
0001-12-24 18:00:00,-0.07587399,34.211285
0001-12-24 19:00:00,-0.07256342,34.211277
0001-12-24 20:00:00,-0.069122866,34.211277
0001-12-24 21:00:00,-0.06553444,34.211273
0001-12-24 22:00:00,-0.061818413,34.211273
0001-12-24 23:00:00,-0.05797267,34.211273
0001-12-25 00:00:00,-0.054014616,34.211277
0001-12-25 01:00:00,-0.049958494,34.211277
0001-12-25 02:00:00,-0.04580749,34.211285
0001-12-25 03:00:00,-0.041567244,34.21129
0001-12-25 04:00:00,-0.03723169,34.211296
0001-12-25 05:00:00,-0.032806188,34.211304
0001-12-25 06:00:00,-0.02828099,34.211315
0001-12-25 07:00:00,-0.023659643,34.211327
0001-12-25 08:00:00,-0.018937416,34.21134
0001-12-25 09:00:00,-0.014091807,34.211353
0001-12-25 10:00:00,-0.009114361,34.211372
0001-12-25 11:00:00,-0.0039827847,34.211388
0001-12-25 12:00:00,0.0013250718,34.211407
0001-12-25 13:00:00,0.006888843,34.211426
0001-12-25 14:00:00,0.012616479,34.211445
0001-12-25 15:00:00,0.018462328,34.21146
0001-12-25 16:00:00,0.024426628,34.21148
0001-12-25 17:00:00,0.030425422,34.211494
0001-12-25 18:00:00,0.03645712,34.21151
0001-12-25 19:00:00,0.04251588,34.211525
0001-12-25 20:00:00,0.04860018,34.211544
0001-12-25 21:00:00,0.054714154,34.21156
0001-12-25 22:00:00,0.06084404,34.211575
0001-12-25 23:00:00,0.066994764,34.211586
0001-12-26 00:00:00,0.07317145,34.2116
0001-12-26 01:00:00,0.07936988,34.211617
0001-12-26 02:00:00,0.08559105,34.21163
0001-12-26 03:00:00,0.09183497,34.211643
0001-12-26 04:00:00,0.0981017,34.21166
0001-12-26 05:00:00,0.10439125,34.21167
0001-12-26 06:00:00,0.11070365,34.211685
0001-12-26 07:00:00,0.117038876,34.211697
0001-12-26 08:00:00,0.123396926,34.211708
0001-12-26 09:00:00,0.12977763,34.21172
0001-12-26 10:00:00,0.13618106,34.211735
0001-12-26 11:00:00,0.14264053,34.211746
0001-12-26 12:00:00,0.14918295,34.211758
0001-12-26 13:00:00,0.15591742,34.21177
0001-12-26 14:00:00,0.16293667,34.21178
0001-12-26 15:00:00,0.17022663,34.211796
0001-12-26 16:00:00,0.17763814,34.21181
0001-12-26 17:00:00,0.18479452,34.211823
0001-12-26 18:00:00,0.19195028,34.211838
0001-12-26 19:00:00,0.19917928,34.211853
0001-12-26 20:00:00,0.20651498,34.21187
0001-12-26 21:00:00,0.21401091,34.211884
0001-12-26 22:00:00,0.22171234,34.2119
0001-12-26 23:00:00,0.22969648,34.211918
0001-12-27 00:00:00,0.23718767,34.211933
0001-12-27 01:00:00,0.2458784,34.211952
0001-12-27 02:00:00,0.25494814,34.21197
0001-12-27 03:00:00,0.26435024,34.21199
0001-12-27 04:00:00,0.27375704,34.212013
0001-12-27 05:00:00,0.28346643,34.212036
0001-12-27 06:00:00,0.2929901,34.212055
0001-12-27 07:00:00,0.30262432,34.21208
0001-12-27 08:00:00,0.312298,34.2121
0001-12-27 09:00:00,0.32210544,34.212124
0001-12-27 10:00:00,0.33206478,34.21215
0001-12-27 11:00:00,0.34222582,34.212173
0001-12-27 12:00:00,0.35261843,34.2122
0001-12-27 13:00:00,0.36208555,34.212223
0001-12-27 14:00:00,0.3725153,34.212246
0001-12-27 15:00:00,0.38311204,34.21227
0001-12-27 16:00:00,0.39369106,34.212296
0001-12-27 17:00:00,0.40419334,34.21232
0001-12-27 18:00:00,0.41457936,34.21234
0001-12-27 19:00:00,0.4248384,34.21236
0001-12-27 20:00:00,0.43496716,34.212383
0001-12-27 21:00:00,0.44496536,34.212402
0001-12-27 22:00:00,0.45483327,34.21242
0001-12-27 23:00:00,0.4645712,34.21244
0001-12-28 00:00:00,0.47417945,34.21246
0001-12-28 01:00:00,0.4836582,34.212475
0001-12-28 02:00:00,0.4930032,34.21249
0001-12-28 03:00:00,0.50222296,34.21251
0001-12-28 04:00:00,0.5113128,34.21252
0001-12-28 05:00:00,0.52027285,34.212536
0001-12-28 06:00:00,0.5291031,34.21255
0001-12-28 07:00:00,0.53780323,34.212563
0001-12-28 08:00:00,0.54637307,34.212574
0001-12-28 09:00:00,0.55481243,34.212585
0001-12-28 10:00:00,0.5631212,34.212597
0001-12-28 11:00:00,0.57129914,34.21261
0001-12-28 12:00:00,0.57934624,34.212616
0001-12-28 13:00:00,0.587338,34.212624
0001-12-28 14:00:00,0.5953268,34.212635
0001-12-28 15:00:00,0.60328734,34.212643
0001-12-28 16:00:00,0.6112124,34.212646
0001-12-28 17:00:00,0.6190946,34.212654
0001-12-28 18:00:00,0.6269269,34.212658
0001-12-28 19:00:00,0.63470256,34.212666
0001-12-28 20:00:00,0.6424152,34.21267
0001-12-28 21:00:00,0.65005887,34.212673
0001-12-28 22:00:00,0.6576275,34.212673
0001-12-28 23:00:00,0.6651153,34.212677
0001-12-29 00:00:00,0.6725163,34.212677
0001-12-29 01:00:00,0.67982465,34.212677
0001-12-29 02:00:00,0.6870346,34.212677
0001-12-29 03:00:00,0.6941406,34.212677
0001-12-29 04:00:00,0.7011372,34.212677
0001-12-29 05:00:00,0.70801926,34.212673
0001-12-29 06:00:00,0.7147818,34.21267
0001-12-29 07:00:00,0.72141993,34.212666
0001-12-29 08:00:00,0.72792894,34.21266
0001-12-29 09:00:00,0.73430395,34.212658
0001-12-29 10:00:00,0.7405402,34.21265
0001-12-29 11:00:00,0.74663293,34.212646
0001-12-29 12:00:00,0.7525771,34.21264
0001-12-29 13:00:00,0.7584773,34.21263
0001-12-29 14:00:00,0.7644302,34.212624
0001-12-29 15:00:00,0.7704249,34.21262
0001-12-29 16:00:00,0.77646047,34.212616
0001-12-29 17:00:00,0.7825341,34.212612
0001-12-29 18:00:00,0.78864294,34.212612
0001-12-29 19:00:00,0.7947839,34.21261
0001-12-29 20:00:00,0.8009541,34.21261
0001-12-29 21:00:00,0.80715096,34.21261
0001-12-29 22:00:00,0.81337184,34.21261
0001-12-29 23:00:00,0.8196144,34.212612
0001-12-30 00:00:00,0.8258764,34.212612
0001-12-30 01:00:00,0.8321556,34.212616
0001-12-30 02:00:00,0.83844995,34.21262
0001-12-30 03:00:00,0.84475744,34.212624
0001-12-30 04:00:00,0.85107607,34.212627
0001-12-30 05:00:00,0.85740376,34.212635
0001-12-30 06:00:00,0.8637386,34.21264
0001-12-30 07:00:00,0.8700787,34.212646
0001-12-30 08:00:00,0.87642205,34.212654
0001-12-30 09:00:00,0.8827669,34.21266
0001-12-30 10:00:00,0.8891115,34.212673
0001-12-30 11:00:00,0.8954543,34.21268
0001-12-30 12:00:00,0.90179354,34.212692
0001-12-30 13:00:00,0.90813136,34.2127
0001-12-30 14:00:00,0.9144697,34.212708
0001-12-30 15:00:00,0.9208054,34.21271
0001-12-30 16:00:00,0.9271355,34.212715
0001-12-30 17:00:00,0.93346316,34.212715
0001-12-30 18:00:00,0.939781,34.212715
0001-12-30 19:00:00,0.9460927,34.21271
0001-12-30 20:00:00,0.9523976,34.212708
0001-12-30 21:00:00,0.9586952,34.2127
0001-12-30 22:00:00,0.9649844,34.212692
0001-12-30 23:00:00,0.9712634,34.21268
0001-12-31 00:00:00,0.97753024,34.21267
0001-12-31 01:00:00,0.98378474,34.212654
0001-12-31 02:00:00,0.99002916,34.212643
0001-12-31 03:00:00,0.99626344,34.212624
0001-12-31 04:00:00,1.0024873,34.212605
0001-12-31 05:00:00,1.008704,34.212585
0001-12-31 06:00:00,1.0149114,34.212563
0001-12-31 07:00:00,1.0211082,34.21254
0001-12-31 08:00:00,1.0272938,34.212513
0001-12-31 09:00:00,1.0334681,34.212486
0001-12-31 10:00:00,1.0396308,34.21246
0001-12-31 11:00:00,1.0457865,34.21243
0001-12-31 12:00:00,1.0519259,34.212395
0001-12-31 13:00:00,1.0579883,34.212364
0001-12-31 14:00:00,1.0639236,34.212337
0001-12-31 15:00:00,1.0697659,34.21231
0001-12-31 16:00:00,1.0755092,34.212284
0001-12-31 17:00:00,1.0811559,34.212257
0001-12-31 18:00:00,1.0867047,34.212234
0001-12-31 19:00:00,1.0921597,34.212215
0001-12-31 20:00:00,1.0975103,34.212193
0001-12-31 21:00:00,1.1027464,34.212173
0001-12-31 22:00:00,1.1078594,34.21216
0001-12-31 23:00:00,1.1128584,34.21214
0002-01-01 00:00:00,1.117739,34.212124
0002-01-01 01:00:00,1.1225042,34.212112
0002-01-01 02:00:00,1.1271472,34.212097
0002-01-01 03:00:00,1.1316644,34.212086
0002-01-01 04:00:00,1.1360476,34.21208
0002-01-01 05:00:00,1.1403024,34.212067
0002-01-01 06:00:00,1.1444206,34.21206
0002-01-01 07:00:00,1.1484029,34.212055
0002-01-01 08:00:00,1.1522379,34.212048
0002-01-01 09:00:00,1.1559261,34.212044
0002-01-01 10:00:00,1.1594638,34.21204
0002-01-01 11:00:00,1.1628475,34.21204
0002-01-01 12:00:00,1.1660737,34.21204
0002-01-01 13:00:00,1.1691769,34.21204
0002-01-01 14:00:00,1.1721826,34.212036
0002-01-01 15:00:00,1.1750752,34.212036
0002-01-01 16:00:00,1.1778483,34.212036
0002-01-01 17:00:00,1.1804976,34.212036
0002-01-01 18:00:00,1.1830196,34.212036
0002-01-01 19:00:00,1.1854104,34.212036
0002-01-01 20:00:00,1.1876663,34.212032
0002-01-01 21:00:00,1.1897829,34.212032
0002-01-01 22:00:00,1.1917552,34.212032
0002-01-01 23:00:00,1.1935788,34.212032
0002-01-02 00:00:00,1.1952496,34.212032
0002-01-02 01:00:00,1.196763,34.21203
0002-01-02 02:00:00,1.1981142,34.21203
0002-01-02 03:00:00,1.1992987,34.21203
0002-01-02 04:00:00,1.2003117,34.21203
0002-01-02 05:00:00,1.2011471,34.21203
0002-01-02 06:00:00,1.2017977,34.212025
0002-01-02 07:00:00,1.2022566,34.212025
0002-01-02 08:00:00,1.2025114,34.212025
0002-01-02 09:00:00,1.2025514,34.212025
0002-01-02 10:00:00,1.2023604,34.21202
0002-01-02 11:00:00,1.2019149,34.21202
0002-01-02 12:00:00,1.20118,34.21202
0002-01-02 13:00:00,1.2006333,34.212017
0002-01-02 14:00:00,1.2007669,34.212017
0002-01-02 15:00:00,1.2015541,34.212017
0002-01-02 16:00:00,1.2029241,34.212013
0002-01-02 17:00:00,1.2048018,34.212013
0002-01-02 18:00:00,1.207117,34.21201
0002-01-02 19:00:00,1.2098083,34.212006
0002-01-02 20:00:00,1.212821,34.212006
0002-01-02 21:00:00,1.2161094,34.212
0002-01-02 22:00:00,1.2196318,34.211998
0002-01-02 23:00:00,1.2233385,34.211998
0002-01-03 00:00:00,1.2271924,34.211994
0002-01-03 01:00:00,1.2311313,34.21199
0002-01-03 02:00:00,1.2350826,34.211987
0002-01-03 03:00:00,1.2389541,34.211983
0002-01-03 04:00:00,1.242647,34.211983
0002-01-03 05:00:00,1.2460485,34.21198
0002-01-03 06:00:00,1.2490396,34.211975
0002-01-03 07:00:00,1.25132,34.21197
0002-01-03 08:00:00,1.2537116,34.211967
0002-01-03 09:00:00,1.2562575,34.211964
0002-01-03 10:00:00,1.2587955,34.21196
0002-01-03 11:00:00,1.2611142,34.211956
0002-01-03 12:00:00,1.2632776,34.211952
0002-01-03 13:00:00,1.265374,34.21195
0002-01-03 14:00:00,1.2675588,34.211945
0002-01-03 15:00:00,1.2697587,34.21194
0002-01-03 16:00:00,1.2720512,34.21194
0002-01-03 17:00:00,1.2743486,34.211937
0002-01-03 18:00:00,1.2767512,34.211933
0002-01-03 19:00:00,1.2791212,34.211933
0002-01-03 20:00:00,1.2816057,34.21193
0002-01-03 21:00:00,1.2840421,34.21193
0002-01-03 22:00:00,1.2865914,34.21193
0002-01-03 23:00:00,1.289079,34.211926
0002-01-04 00:00:00,1.2916746,34.211926
0002-01-04 01:00:00,1.2942065,34.211926
0002-01-04 02:00:00,1.2968427,34.211926
0002-01-04 03:00:00,1.2994001,34.211926
0002-01-04 04:00:00,1.3020576,34.211926
0002-01-04 05:00:00,1.3046377,34.211926
0002-01-04 06:00:00,1.3073072,34.21193
0002-01-04 07:00:00,1.3099058,34.21193
0002-01-04 08:00:00,1.312565,34.21193
0002-01-04 09:00:00,1.3151642,34.211933
0002-01-04 10:00:00,1.3178053,34.211933
0002-01-04 11:00:00,1.3203934,34.211937
0002-01-04 12:00:00,1.3230131,34.211937
0002-01-04 13:00:00,1.3257068,34.211933
0002-01-04 14:00:00,1.3286091,34.211914
0002-01-04 15:00:00,1.3316796,34.211887
0002-01-04 16:00:00,1.3349006,34.211853
0002-01-04 17:00:00,1.3382771,34.211807
0002-01-04 18:00:00,1.3417974,34.211754
0002-01-04 19:00:00,1.3454512,34.21169
0002-01-04 20:00:00,1.3492143,34.211617
0002-01-04 21:00:00,1.353087,34.211536
0002-01-04 22:00:00,1.3570749,34.21145
0002-01-04 23:00:00,1.3613228,34.21135
0002-01-05 00:00:00,1.3659644,34.21124
0002-01-05 01:00:00,1.3710619,34.211117
0002-01-05 02:00:00,1.3765842,34.21098
0002-01-05 03:00:00,1.3824542,34.21083
0002-01-05 04:00:00,1.3885934,34.21067
0002-01-05 05:00:00,1.3947548,34.2105
0002-01-05 06:00:00,1.4006224,34.21032
0002-01-05 07:00:00,1.4065845,34.210133
0002-01-05 08:00:00,1.4127465,34.20993
0002-01-05 09:00:00,1.4178222,34.209736
0002-01-05 10:00:00,1.4242961,34.209515
0002-01-05 11:00:00,1.4311639,34.20928
0002-01-05 12:00:00,1.4381778,34.20903
0002-01-05 13:00:00,1.4453256,34.208782
0002-01-05 14:00:00,1.4526646,34.208538
0002-01-05 15:00:00,1.4601599,34.208294
0002-01-05 16:00:00,1.4677932,34.208057
0002-01-05 17:00:00,1.4755656,34.20782
0002-01-05 18:00:00,1.4834586,34.20759
0002-01-05 19:00:00,1.4914678,34.20736
0002-01-05 20:00:00,1.4995848,34.207134
0002-01-05 21:00:00,1.5078014,34.20691
0002-01-05 22:00:00,1.5161105,34.20669
0002-01-05 23:00:00,1.5245005,34.206474
0002-01-06 00:00:00,1.5329738,34.20626
0002-01-06 01:00:00,1.5415155,34.20605
0002-01-06 02:00:00,1.5501233,34.205845
0002-01-06 03:00:00,1.5587918,34.205643
0002-01-06 04:00:00,1.5675205,34.20544
0002-01-06 05:00:00,1.5762941,34.205246
0002-01-06 06:00:00,1.585106,34.20505
0002-01-06 07:00:00,1.5939611,34.204865
0002-01-06 08:00:00,1.6028496,34.20468
0002-01-06 09:00:00,1.6117662,34.2045
0002-01-06 10:00:00,1.6207057,34.204323
0002-01-06 11:00:00,1.6296573,34.204147
0002-01-06 12:00:00,1.6386263,34.20398
0002-01-06 13:00:00,1.64739,34.20382
0002-01-06 14:00:00,1.6557622,34.20367
0002-01-06 15:00:00,1.6637723,34.203533
0002-01-06 16:00:00,1.6714286,34.20341
0002-01-06 17:00:00,1.6787219,34.203297
0002-01-06 18:00:00,1.6856608,34.203194
0002-01-06 19:00:00,1.6922449,34.2031
0002-01-06 20:00:00,1.6984689,34.20302
0002-01-06 21:00:00,1.7043146,34.202946
0002-01-06 22:00:00,1.709779,34.20289
0002-01-06 23:00:00,1.7148737,34.202835
0002-01-07 00:00:00,1.7195894,34.202797
0002-01-07 01:00:00,1.723927,34.202766
0002-01-07 02:00:00,1.727877,34.202747
0002-01-07 03:00:00,1.7314337,34.20274
0002-01-07 04:00:00,1.7345906,34.20274
0002-01-07 05:00:00,1.7373407,34.20275
0002-01-07 06:00:00,1.7396767,34.20277
0002-01-07 07:00:00,1.7415905,34.202797
0002-01-07 08:00:00,1.7430706,34.202835
0002-01-07 09:00:00,1.744104,34.20288
0002-01-07 10:00:00,1.7446673,34.202934
0002-01-07 11:00:00,1.7447363,34.203
0002-01-07 12:00:00,1.7442728,34.203068
0002-01-07 13:00:00,1.7435056,34.203136
0002-01-07 14:00:00,1.7426527,34.203197
0002-01-07 15:00:00,1.7416121,34.203247
0002-01-07 16:00:00,1.7401607,34.203293
0002-01-07 17:00:00,1.7383949,34.203335
0002-01-07 18:00:00,1.7391055,34.20335
0002-01-07 19:00:00,1.7406718,34.203358
0002-01-07 20:00:00,1.7424768,34.203358
0002-01-07 21:00:00,1.7443697,34.203354
0002-01-07 22:00:00,1.7463093,34.203346
0002-01-07 23:00:00,1.7482826,34.203335
0002-01-08 00:00:00,1.7502748,34.203323
0002-01-08 01:00:00,1.7522883,34.203304
0002-01-08 02:00:00,1.7543191,34.203285
0002-01-08 03:00:00,1.7563541,34.203262
0002-01-08 04:00:00,1.7584021,34.20324
0002-01-08 05:00:00,1.7604296,34.20321
0002-01-08 06:00:00,1.762487,34.20318
0002-01-08 07:00:00,1.7644992,34.203148
0002-01-08 08:00:00,1.7665186,34.20311
0002-01-08 09:00:00,1.7685181,34.20307
0002-01-08 10:00:00,1.7704966,34.20303
0002-01-08 11:00:00,1.7724501,34.202988
0002-01-08 12:00:00,1.7743746,34.20294
0002-01-08 13:00:00,1.7764726,34.202892
0002-01-08 14:00:00,1.7789719,34.20284
0002-01-08 15:00:00,1.781754,34.20278
0002-01-08 16:00:00,1.7848465,34.20272
0002-01-08 17:00:00,1.788233,34.20266
0002-01-08 18:00:00,1.7918994,34.20259
0002-01-08 19:00:00,1.7958102,34.20252
0002-01-08 20:00:00,1.7999599,34.202446
0002-01-08 21:00:00,1.8043199,34.20237
0002-01-08 22:00:00,1.8088963,34.20229
0002-01-08 23:00:00,1.8136401,34.20221
0002-01-09 00:00:00,1.8185475,34.20212
0002-01-09 01:00:00,1.8235843,34.202034
0002-01-09 02:00:00,1.8287905,34.201946
0002-01-09 03:00:00,1.8343719,34.201847
0002-01-09 04:00:00,1.8405977,34.201744
0002-01-09 05:00:00,1.8474933,34.201626
0002-01-09 06:00:00,1.8549169,34.201504
0002-01-09 07:00:00,1.8627306,34.20137
0002-01-09 08:00:00,1.8707917,34.201233
0002-01-09 09:00:00,1.8790177,34.20109
0002-01-09 10:00:00,1.8873779,34.20095
0002-01-09 11:00:00,1.8958104,34.2008
0002-01-09 12:00:00,1.9042745,34.200653
0002-01-09 13:00:00,1.912678,34.20051
0002-01-09 14:00:00,1.9209726,34.20037
0002-01-09 15:00:00,1.9291593,34.20024
0002-01-09 16:00:00,1.9372375,34.200115
0002-01-09 17:00:00,1.945201,34.199997
0002-01-09 18:00:00,1.9530394,34.199883
0002-01-09 19:00:00,1.9607534,34.199776
0002-01-09 20:00:00,1.9683304,34.199677
0002-01-09 21:00:00,1.9757674,34.19958
0002-01-09 22:00:00,1.9830589,34.199493
0002-01-09 23:00:00,1.9901925,34.199413
0002-01-10 00:00:00,1.9971691,34.199337
0002-01-10 01:00:00,2.0039854,34.19927
0002-01-10 02:00:00,2.0106335,34.199207
0002-01-10 03:00:00,2.0171125,34.19915
0002-01-10 04:00:00,2.0234165,34.1991
0002-01-10 05:00:00,2.0295422,34.199055
0002-01-10 06:00:00,2.0354865,34.199017
0002-01-10 07:00:00,2.0412455,34.198986
0002-01-10 08:00:00,2.046811,34.19896
0002-01-10 09:00:00,2.0521903,34.19894
0002-01-10 10:00:00,2.057376,34.19893
0002-01-10 11:00:00,2.062336,34.19892
0002-01-10 12:00:00,2.0670877,34.19892
0002-01-10 13:00:00,2.0717125,34.198925
0002-01-10 14:00:00,2.0762627,34.198925
0002-01-10 15:00:00,2.0807185,34.19893
0002-01-10 16:00:00,2.0850782,34.19893
0002-01-10 17:00:00,2.089341,34.198936
0002-01-10 18:00:00,2.0935059,34.19894
0002-01-10 19:00:00,2.0975723,34.198948
0002-01-10 20:00:00,2.1015394,34.198956
0002-01-10 21:00:00,2.1054065,34.198963
0002-01-10 22:00:00,2.1091733,34.19897
0002-01-10 23:00:00,2.1128387,34.198982
0002-01-11 00:00:00,2.1163988,34.198994
0002-01-11 01:00:00,2.1198595,34.19901
0002-01-11 02:00:00,2.1232166,34.19902
0002-01-11 03:00:00,2.12647,34.199036
0002-01-11 04:00:00,2.1296184,34.199055
0002-01-11 05:00:00,2.1326616,34.19907
0002-01-11 06:00:00,2.1355987,34.19909
0002-01-11 07:00:00,2.1384292,34.199112
0002-01-11 08:00:00,2.1411521,34.19913
0002-01-11 09:00:00,2.1437674,34.199154
0002-01-11 10:00:00,2.1462739,34.199177
0002-01-11 11:00:00,2.1486714,34.199203
0002-01-11 12:00:00,2.150959,34.19923
0002-01-11 13:00:00,2.15322,34.199257
0002-01-11 14:00:00,2.1554518,34.199287
0002-01-11 15:00:00,2.1575496,34.19932
0002-01-11 16:00:00,2.1594229,34.199356
0002-01-11 17:00:00,2.1609821,34.199398
0002-01-11 18:00:00,2.1621356,34.199444
0002-01-11 19:00:00,2.1627858,34.199493
0002-01-11 20:00:00,2.1628249,34.19955
0002-01-11 21:00:00,2.162145,34.199615
0002-01-11 22:00:00,2.160636,34.199684
0002-01-11 23:00:00,2.1581824,34.199764
0002-01-12 00:00:00,2.1546671,34.19985
0002-01-12 01:00:00,2.1499717,34.199944
0002-01-12 02:00:00,2.1439683,34.200043
0002-01-12 03:00:00,2.1365154,34.200153
0002-01-12 04:00:00,2.127427,34.20027
0002-01-12 05:00:00,2.1164231,34.2004
0002-01-12 06:00:00,2.102863,34.200535
0002-01-12 07:00:00,2.0913877,34.200657
0002-01-12 08:00:00,2.0831223,34.200768
0002-01-12 09:00:00,2.075093,34.20088
0002-01-12 10:00:00,2.0663865,34.200996
0002-01-12 11:00:00,2.0567803,34.20112
0002-01-12 12:00:00,2.0461922,34.201244
0002-01-12 13:00:00,2.03543,34.201374
0002-01-12 14:00:00,2.0253823,34.201496
0002-01-12 15:00:00,2.0160885,34.20161
0002-01-12 16:00:00,2.007516,34.20172
0002-01-12 17:00:00,1.9996083,34.201828
0002-01-12 18:00:00,1.9923061,34.201927
0002-01-12 19:00:00,1.9855493,34.202023
0002-01-12 20:00:00,1.9792771,34.202114
0002-01-12 21:00:00,1.9734287,34.2022
0002-01-12 22:00:00,1.9679371,34.202282
0002-01-12 23:00:00,1.9627271,34.202362
0002-01-13 00:00:00,1.9577143,34.20244
0002-01-13 01:00:00,1.9527856,34.202515
0002-01-13 02:00:00,1.9477553,34.202587
0002-01-13 03:00:00,1.9421829,34.202656
0002-01-13 04:00:00,1.9377015,34.202724
0002-01-13 05:00:00,1.9342897,34.202785
0002-01-13 06:00:00,1.9313221,34.20285
0002-01-13 07:00:00,1.9284965,34.202915
0002-01-13 08:00:00,1.9257215,34.202976
0002-01-13 09:00:00,1.9229624,34.203037
0002-01-13 10:00:00,1.9201962,34.2031
0002-01-13 11:00:00,1.9174027,34.20316
0002-01-13 12:00:00,1.9145623,34.20322
0002-01-13 13:00:00,1.911891,34.203266
0002-01-13 14:00:00,1.9096164,34.203297
0002-01-13 15:00:00,1.9077301,34.20331
0002-01-13 16:00:00,1.906187,34.203304
0002-01-13 17:00:00,1.9049367,34.203285
0002-01-13 18:00:00,1.9039629,34.203247
0002-01-13 19:00:00,1.9031914,34.203197
0002-01-13 20:00:00,1.9028612,34.203125
0002-01-13 21:00:00,1.9034393,34.203026
0002-01-13 22:00:00,1.9046236,34.202904
0002-01-13 23:00:00,1.9060606,34.20275
0002-01-14 00:00:00,1.9075872,34.202553
0002-01-14 01:00:00,1.9090255,34.202286
0002-01-14 02:00:00,1.9101678,34.20193
0002-01-14 03:00:00,1.9113744,34.201572
0002-01-14 04:00:00,1.9127978,34.201286
0002-01-14 05:00:00,1.9144772,34.201134
0002-01-14 06:00:00,1.9157889,34.200974
0002-01-14 07:00:00,1.9162303,34.200794
0002-01-14 08:00:00,1.9160479,34.200645
0002-01-14 09:00:00,1.9154611,34.200527
0002-01-14 10:00:00,1.9146407,34.200333
0002-01-14 11:00:00,1.9132951,34.20009
0002-01-14 12:00:00,1.9113083,34.199825
0002-01-14 13:00:00,1.9090205,34.199562
0002-01-14 14:00:00,1.9068062,34.199314
0002-01-14 15:00:00,1.9046423,34.199074
0002-01-14 16:00:00,1.9025178,34.19884
0002-01-14 17:00:00,1.9004214,34.19862
0002-01-14 18:00:00,1.8983413,34.19841
0002-01-14 19:00:00,1.8962637,34.19821
0002-01-14 20:00:00,1.8941724,34.198025
0002-01-14 21:00:00,1.8920907,34.19784
0002-01-14 22:00:00,1.889772,34.19768
0002-01-14 23:00:00,1.887256,34.197536
0002-01-15 00:00:00,1.884627,34.197407
0002-01-15 01:00:00,1.88165,34.1973
0002-01-15 02:00:00,1.8789873,34.19718
0002-01-15 03:00:00,1.8772231,34.197025
0002-01-15 04:00:00,1.8758241,34.196854
0002-01-15 05:00:00,1.8745533,34.196682
0002-01-15 06:00:00,1.8733569,34.196514
0002-01-15 07:00:00,1.8722215,34.19635
0002-01-15 08:00:00,1.8711406,34.19619
0002-01-15 09:00:00,1.8701097,34.196037
0002-01-15 10:00:00,1.8691238,34.195885
0002-01-15 11:00:00,1.8681785,34.19574
0002-01-15 12:00:00,1.8672686,34.1956
0002-01-15 13:00:00,1.8665012,34.19546
0002-01-15 14:00:00,1.8660305,34.195335
0002-01-15 15:00:00,1.8659037,34.195213
0002-01-15 16:00:00,1.8661191,34.195103
0002-01-15 17:00:00,1.8666568,34.194996
0002-01-15 18:00:00,1.8674895,34.194897
0002-01-15 19:00:00,1.8685914,34.194805
0002-01-15 20:00:00,1.8699374,34.194717
0002-01-15 21:00:00,1.8715034,34.194645
0002-01-15 22:00:00,1.8732657,34.194576
0002-01-15 23:00:00,1.8752022,34.194515
0002-01-16 00:00:00,1.8772912,34.194466
0002-01-16 01:00:00,1.8795112,34.194424
0002-01-16 02:00:00,1.8818403,34.194393
0002-01-16 03:00:00,1.8842609,34.19437
0002-01-16 04:00:00,1.8867565,34.19436
0002-01-16 05:00:00,1.8893154,34.19436
0002-01-16 06:00:00,1.8919151,34.194366
0002-01-16 07:00:00,1.8946995,34.194386
0002-01-16 08:00:00,1.8978671,34.194412
0002-01-16 09:00:00,1.9014063,34.19445
0002-01-16 10:00:00,1.9051782,34.194496
0002-01-16 11:00:00,1.9090605,34.194557
0002-01-16 12:00:00,1.9129673,34.194633
0002-01-16 13:00:00,1.916898,34.194706
0002-01-16 14:00:00,1.9208748,34.19477
0002-01-16 15:00:00,1.9248649,34.194828
0002-01-16 16:00:00,1.9288552,34.194885
0002-01-16 17:00:00,1.9328384,34.19494
0002-01-16 18:00:00,1.9368104,34.194992
0002-01-16 19:00:00,1.9407684,34.19504
0002-01-16 20:00:00,1.9447088,34.195087
0002-01-16 21:00:00,1.9486297,34.195133
0002-01-16 22:00:00,1.9525288,34.19518
0002-01-16 23:00:00,1.9564044,34.19522
0002-01-17 00:00:00,1.9602551,34.19526
0002-01-17 01:00:00,1.9640788,34.195297
0002-01-17 02:00:00,1.9678736,34.195335
0002-01-17 03:00:00,1.9716375,34.19537
0002-01-17 04:00:00,1.9753687,34.195404
0002-01-17 05:00:00,1.9790667,34.195435
0002-01-17 06:00:00,1.9827297,34.195465
0002-01-17 07:00:00,1.9863557,34.19549
0002-01-17 08:00:00,1.9899433,34.19552
0002-01-17 09:00:00,1.9934914,34.19554
0002-01-17 10:00:00,1.9969987,34.195564
0002-01-17 11:00:00,2.0004637,34.195587
0002-01-17 12:00:00,2.003885,34.195606
0002-01-17 13:00:00,2.0072842,34.195625
0002-01-17 14:00:00,2.0106418,34.195644
0002-01-17 15:00:00,2.0139105,34.19566
0002-01-17 16:00:00,2.017055,34.19568
0002-01-17 17:00:00,2.0200415,34.195694
0002-01-17 18:00:00,2.022834,34.19571
0002-01-17 19:00:00,2.025396,34.195724
0002-01-17 20:00:00,2.027683,34.195744
0002-01-17 21:00:00,2.029648,34.19576
0002-01-17 22:00:00,2.0312471,34.195778
0002-01-17 23:00:00,2.032435,34.195797
0002-01-18 00:00:00,2.0331635,34.195816
0002-01-18 01:00:00,2.0333843,34.19584
0002-01-18 02:00:00,2.033046,34.195866
0002-01-18 03:00:00,2.0320938,34.195892
0002-01-18 04:00:00,2.0304656,34.195923
0002-01-18 05:00:00,2.0280879,34.195957
0002-01-18 06:00:00,2.0248601,34.19599
0002-01-18 07:00:00,2.0207047,34.196037
0002-01-18 08:00:00,2.015005,34.196087
0002-01-18 09:00:00,2.0109694,34.196133
0002-01-18 10:00:00,2.0080025,34.196175
0002-01-18 11:00:00,2.0049887,34.196213
0002-01-18 12:00:00,2.0016036,34.19626
0002-01-18 13:00:00,1.9975876,34.19631
0002-01-18 14:00:00,1.9926245,34.19636
0002-01-18 15:00:00,1.9865333,34.19643
0002-01-18 16:00:00,1.9791268,34.196503
0002-01-18 17:00:00,1.9702045,34.19659
0002-01-18 18:00:00,1.9595281,34.196693
0002-01-18 19:00:00,1.946773,34.196808
0002-01-18 20:00:00,1.9314265,34.19694
0002-01-18 21:00:00,1.9168186,34.197067
0002-01-18 22:00:00,1.9045416,34.19718
0002-01-18 23:00:00,1.8917819,34.197296
0002-01-19 00:00:00,1.8776965,34.197422
0002-01-19 01:00:00,1.8620244,34.197563
0002-01-19 02:00:00,1.8445922,34.197712
0002-01-19 03:00:00,1.8251839,34.197876
0002-01-19 04:00:00,1.8034918,34.198055
0002-01-19 05:00:00,1.7788581,34.198254
0002-01-19 06:00:00,1.759536,34.19841
0002-01-19 07:00:00,1.7409978,34.198563
0002-01-19 08:00:00,1.7214146,34.19872
0002-01-19 09:00:00,1.7003857,34.198887
0002-01-19 10:00:00,1.6777103,34.199066
0002-01-19 11:00:00,1.6516625,34.199265
0002-01-19 12:00:00,1.6237535,34.19948
0002-01-19 13:00:00,1.5992906,34.19966
0002-01-19 14:00:00,1.5800135,34.199806
0002-01-19 15:00:00,1.5628569,34.199936
0002-01-19 16:00:00,1.5468917,34.200058
0002-01-19 17:00:00,1.5318998,34.200172
0002-01-19 18:00:00,1.5178118,34.20028
0002-01-19 19:00:00,1.5045804,34.200382
0002-01-19 20:00:00,1.49216,34.200478
0002-01-19 21:00:00,1.4804991,34.200565
0002-01-19 22:00:00,1.4695485,34.20065
0002-01-19 23:00:00,1.4581501,34.200737
0002-01-20 00:00:00,1.4471588,34.200817
0002-01-20 01:00:00,1.4370499,34.200893
0002-01-20 02:00:00,1.4272892,34.200966
0002-01-20 03:00:00,1.4199485,34.20102
0002-01-20 04:00:00,1.4138587,34.20107
0002-01-20 05:00:00,1.4084259,34.20111
0002-01-20 06:00:00,1.4034687,34.201153
0002-01-20 07:00:00,1.398934,34.201187
0002-01-20 08:00:00,1.3947928,34.20122
0002-01-20 09:00:00,1.3910238,34.201252
0002-01-20 10:00:00,1.3876082,34.201283
0002-01-20 11:00:00,1.3845279,34.20131
0002-01-20 12:00:00,1.3817652,34.201332
0002-01-20 13:00:00,1.3793415,34.201355
0002-01-20 14:00:00,1.3772843,34.201374
0002-01-20 15:00:00,1.375584,34.201393
0002-01-20 16:00:00,1.374219,34.201412
0002-01-20 17:00:00,1.3731632,34.201427
0002-01-20 18:00:00,1.3723924,34.201443
0002-01-20 19:00:00,1.371882,34.201458
0002-01-20 20:00:00,1.3716089,34.20147
0002-01-20 21:00:00,1.3715521,34.20148
0002-01-20 22:00:00,1.3716925,34.201496
0002-01-20 23:00:00,1.3720149,34.201504
0002-01-21 00:00:00,1.3726417,34.201515
0002-01-21 01:00:00,1.3738219,34.201523
0002-01-21 02:00:00,1.3754613,34.20153
0002-01-21 03:00:00,1.3773841,34.201534
0002-01-21 04:00:00,1.3795,34.201538
0002-01-21 05:00:00,1.3817929,34.20154
0002-01-21 06:00:00,1.384246,34.20155
0002-01-21 07:00:00,1.3869034,34.201553
0002-01-21 08:00:00,1.3897134,34.20156
0002-01-21 09:00:00,1.3927746,34.20157
0002-01-21 10:00:00,1.3961402,34.20158
0002-01-21 11:00:00,1.3997873,34.201595
0002-01-21 12:00:00,1.4034998,34.20161
0002-01-21 13:00:00,1.4070925,34.201622
0002-01-21 14:00:00,1.4107267,34.201633
0002-01-21 15:00:00,1.4143984,34.201645
0002-01-21 16:00:00,1.4180886,34.201656
0002-01-21 17:00:00,1.4217777,34.201668
0002-01-21 18:00:00,1.4254508,34.20168
0002-01-21 19:00:00,1.4290916,34.201687
0002-01-21 20:00:00,1.432707,34.2017
0002-01-21 21:00:00,1.4363447,34.201706
0002-01-21 22:00:00,1.4399934,34.201714
0002-01-21 23:00:00,1.4436347,34.20172
0002-01-22 00:00:00,1.4472587,34.201733
0002-01-22 01:00:00,1.4508582,34.20174
0002-01-22 02:00:00,1.454427,34.201748
0002-01-22 03:00:00,1.4579587,34.201756
0002-01-22 04:00:00,1.461447,34.20176
0002-01-22 05:00:00,1.4648871,34.201767
0002-01-22 06:00:00,1.4682729,34.201775
0002-01-22 07:00:00,1.471548,34.20178
0002-01-22 08:00:00,1.4741591,34.201782
0002-01-22 09:00:00,1.4771209,34.201786
0002-01-22 10:00:00,1.4801503,34.201786
0002-01-22 11:00:00,1.4829837,34.20179
0002-01-22 12:00:00,1.4856673,34.201794
0002-01-22 13:00:00,1.4883511,34.201794
0002-01-22 14:00:00,1.4911705,34.201797
0002-01-22 15:00:00,1.4941236,34.201797
0002-01-22 16:00:00,1.4972042,34.2018
0002-01-22 17:00:00,1.5004227,34.2018
0002-01-22 18:00:00,1.5036657,34.201805
0002-01-22 19:00:00,1.5071492,34.201805
0002-01-22 20:00:00,1.5106649,34.201805
0002-01-22 21:00:00,1.5141855,34.201805
0002-01-22 22:00:00,1.5177274,34.201805
0002-01-22 23:00:00,1.5212988,34.201805
0002-01-23 00:00:00,1.5249182,34.2018
0002-01-23 01:00:00,1.5286033,34.2018
0002-01-23 02:00:00,1.5322418,34.201797
0002-01-23 03:00:00,1.5360957,34.201794
0002-01-23 04:00:00,1.5400585,34.201786
0002-01-23 05:00:00,1.544142,34.201782
0002-01-23 06:00:00,1.548309,34.201775
0002-01-23 07:00:00,1.5523628,34.201767
0002-01-23 08:00:00,1.5565393,34.20176
0002-01-23 09:00:00,1.5605031,34.20175
0002-01-23 10:00:00,1.5646394,34.20174
0002-01-23 11:00:00,1.5687997,34.20173
0002-01-23 12:00:00,1.5729376,34.201717
0002-01-23 13:00:00,1.5770622,34.201702
0002-01-23 14:00:00,1.5811983,34.201683
0002-01-23 15:00:00,1.5853393,34.20166
0002-01-23 16:00:00,1.5894824,34.201633
0002-01-23 17:00:00,1.5936254,34.201603
0002-01-23 18:00:00,1.5977702,34.20157
0002-01-23 19:00:00,1.6019168,34.201534
0002-01-23 20:00:00,1.6060625,34.201492
0002-01-23 21:00:00,1.6102065,34.20145
0002-01-23 22:00:00,1.614348,34.2014
0002-01-23 23:00:00,1.6184868,34.20135
0002-01-24 00:00:00,1.622622,34.201298
0002-01-24 01:00:00,1.6267537,34.20124
0002-01-24 02:00:00,1.6308813,34.20118
0002-01-24 03:00:00,1.6350048,34.201115
0002-01-24 04:00:00,1.6391237,34.20105
0002-01-24 05:00:00,1.643238,34.200977
0002-01-24 06:00:00,1.6473473,34.200905
0002-01-24 07:00:00,1.651453,34.200825
0002-01-24 08:00:00,1.6555506,34.200745
0002-01-24 09:00:00,1.6596416,34.20066
0002-01-24 10:00:00,1.6637226,34.200573
0002-01-24 11:00:00,1.6677909,34.20048
0002-01-24 12:00:00,1.671849,34.20039
0002-01-24 13:00:00,1.6759347,34.2003
0002-01-24 14:00:00,1.6801167,34.20021
0002-01-24 15:00:00,1.6843833,34.20013
0002-01-24 16:00:00,1.6887279,34.20005
0002-01-24 17:00:00,1.6931331,34.199974
0002-01-24 18:00:00,1.6975667,34.199905
0002-01-24 19:00:00,1.702041,34.19984
0002-01-24 20:00:00,1.7065265,34.19978
0002-01-24 21:00:00,1.7110049,34.199722
0002-01-24 22:00:00,1.7154571,34.199677
0002-01-24 23:00:00,1.7198699,34.19963
0002-01-25 00:00:00,1.7241976,34.199596
0002-01-25 01:00:00,1.7284364,34.199566
0002-01-25 02:00:00,1.7325603,34.199543
0002-01-25 03:00:00,1.7365117,34.199528
0002-01-25 04:00:00,1.7403202,34.199516
0002-01-25 05:00:00,1.7443883,34.199505
0002-01-25 06:00:00,1.7485722,34.199497
0002-01-25 07:00:00,1.7527789,34.19949
0002-01-25 08:00:00,1.7569764,34.19949
0002-01-25 09:00:00,1.7611518,34.19949
0002-01-25 10:00:00,1.7652987,34.199497
0002-01-25 11:00:00,1.7694119,34.19951
0002-01-25 12:00:00,1.7734869,34.199524
0002-01-25 13:00:00,1.7774795,34.199512
0002-01-25 14:00:00,1.7813598,34.199455
0002-01-25 15:00:00,1.7851439,34.19936
0002-01-25 16:00:00,1.7888317,34.199226
0002-01-25 17:00:00,1.7924218,34.19906
0002-01-25 18:00:00,1.795907,34.198856
0002-01-25 19:00:00,1.7992892,34.198624
0002-01-25 20:00:00,1.8025681,34.198353
0002-01-25 21:00:00,1.805743,34.198055
0002-01-25 22:00:00,1.8088129,34.197723
0002-01-25 23:00:00,1.8117787,34.197357
0002-01-26 00:00:00,1.8146366,34.19696
0002-01-26 01:00:00,1.817387,34.196537
0002-01-26 02:00:00,1.8200266,34.19608
0002-01-26 03:00:00,1.8225535,34.195595
0002-01-26 04:00:00,1.8249704,34.195084
0002-01-26 05:00:00,1.8272777,34.194542
0002-01-26 06:00:00,1.829477,34.19397
0002-01-26 07:00:00,1.8315679,34.193375
0002-01-26 08:00:00,1.8335506,34.192753
0002-01-26 09:00:00,1.8354262,34.192104
0002-01-26 10:00:00,1.8371955,34.19143
0002-01-26 11:00:00,1.8388598,34.19073
0002-01-26 12:00:00,1.8404183,34.19001
0002-01-26 13:00:00,1.8420162,34.189297
0002-01-26 14:00:00,1.8437679,34.188625
0002-01-26 15:00:00,1.8456538,34.18799
0002-01-26 16:00:00,1.8476632,34.18738
0002-01-26 17:00:00,1.8497833,34.186806
0002-01-26 18:00:00,1.8520024,34.186256
0002-01-26 19:00:00,1.8543109,34.185738
0002-01-26 20:00:00,1.8566984,34.18525
0002-01-26 21:00:00,1.8591595,34.184788
0002-01-26 22:00:00,1.8616862,34.184357
0002-01-26 23:00:00,1.8642719,34.183952
0002-01-27 00:00:00,1.8669127,34.18358
0002-01-27 01:00:00,1.8696024,34.183235
0002-01-27 02:00:00,1.8723373,34.182922
0002-01-27 03:00:00,1.8751143,34.182636
0002-01-27 04:00:00,1.8779281,34.182384
0002-01-27 05:00:00,1.8807752,34.182163
0002-01-27 06:00:00,1.8836534,34.181973
0002-01-27 07:00:00,1.8865547,34.181812
0002-01-27 08:00:00,1.8894777,34.181686
0002-01-27 09:00:00,1.8924197,34.181595
0002-01-27 10:00:00,1.8953785,34.18153
0002-01-27 11:00:00,1.8983464,34.181503
0002-01-27 12:00:00,1.9013201,34.181507
0002-01-27 13:00:00,1.9041706,34.181526
0002-01-27 14:00:00,1.9067985,34.18154
0002-01-27 15:00:00,1.9092273,34.181557
0002-01-27 16:00:00,1.9114592,34.181576
0002-01-27 17:00:00,1.9134935,34.181602
0002-01-27 18:00:00,1.9153285,34.181633
0002-01-27 19:00:00,1.9169618,34.181667
0002-01-27 20:00:00,1.9183905,34.181713
0002-01-27 21:00:00,1.9196119,34.181763
0002-01-27 22:00:00,1.9206234,34.18182
0002-01-27 23:00:00,1.9214226,34.18188
0002-01-28 00:00:00,1.9220073,34.181953
0002-01-28 01:00:00,1.9223751,34.18203
0002-01-28 02:00:00,1.922523,34.182114
0002-01-28 03:00:00,1.9224479,34.18221
0002-01-28 04:00:00,1.922147,34.18231
0002-01-28 05:00:00,1.9216173,34.182415
0002-01-28 06:00:00,1.9208562,34.182533
0002-01-28 07:00:00,1.9198613,34.18266
0002-01-28 08:00:00,1.9186296,34.182793
0002-01-28 09:00:00,1.9171575,34.182938
0002-01-28 10:00:00,1.9154412,34.18309
0002-01-28 11:00:00,1.9134753,34.183258
0002-01-28 12:00:00,1.9112521,34.183434
0002-01-28 13:00:00,1.9088656,34.183624
0002-01-28 14:00:00,1.9062693,34.18385
0002-01-28 15:00:00,1.9031798,34.18412
0002-01-28 16:00:00,1.901006,34.184307
0002-01-28 17:00:00,1.8993996,34.184433
0002-01-28 18:00:00,1.8978678,34.184547
0002-01-28 19:00:00,1.8962502,34.184666
0002-01-28 20:00:00,1.8944936,34.184795
0002-01-28 21:00:00,1.892569,34.18493
0002-01-28 22:00:00,1.8904473,34.185078
0002-01-28 23:00:00,1.8880972,34.185238
0002-01-29 00:00:00,1.8854822,34.185413
0002-01-29 01:00:00,1.8825557,34.1856
0002-01-29 02:00:00,1.8788987,34.185825
0002-01-29 03:00:00,1.8749938,34.186054
0002-01-29 04:00:00,1.8714098,34.186256
0002-01-29 05:00:00,1.8692055,34.18637
0002-01-29 06:00:00,1.8673571,34.186455
0002-01-29 07:00:00,1.8654661,34.186535
0002-01-29 08:00:00,1.8634342,34.186623
0002-01-29 09:00:00,1.8612279,34.18671
0002-01-29 10:00:00,1.8588237,34.18681
0002-01-29 11:00:00,1.8561981,34.18691
0002-01-29 12:00:00,1.8533219,34.18702
0002-01-29 13:00:00,1.8500473,34.18714
0002-01-29 14:00:00,1.8466754,34.187267
0002-01-29 15:00:00,1.8434978,34.18738
0002-01-29 16:00:00,1.8401648,34.187504
0002-01-29 17:00:00,1.8383416,34.18756
0002-01-29 18:00:00,1.8372957,34.187588
0002-01-29 19:00:00,1.8365157,34.187603
0002-01-29 20:00:00,1.8358561,34.187614
0002-01-29 21:00:00,1.8352761,34.18763
0002-01-29 22:00:00,1.8347673,34.18764
0002-01-29 23:00:00,1.8343198,34.18765
0002-01-30 00:00:00,1.8339255,34.18766
0002-01-30 01:00:00,1.8335775,34.18767
0002-01-30 02:00:00,1.833269,34.187687
0002-01-30 03:00:00,1.8329929,34.1877
0002-01-30 04:00:00,1.8327421,34.18771
0002-01-30 05:00:00,1.8325098,34.187725
0002-01-30 06:00:00,1.8322886,34.18774
0002-01-30 07:00:00,1.8320712,34.187756
0002-01-30 08:00:00,1.8318495,34.187775
0002-01-30 09:00:00,1.8316172,34.187794
0002-01-30 10:00:00,1.8313676,34.187817
0002-01-30 11:00:00,1.8310939,34.18784
0002-01-30 12:00:00,1.8307922,34.187862
0002-01-30 13:00:00,1.8305757,34.187885
0002-01-30 14:00:00,1.830548,34.1879
0002-01-30 15:00:00,1.8306749,34.18791
0002-01-30 16:00:00,1.8309156,34.187916
0002-01-30 17:00:00,1.8312193,34.187923
0002-01-30 18:00:00,1.8315333,34.187927
0002-01-30 19:00:00,1.8318067,34.18793
0002-01-30 20:00:00,1.8319886,34.187935
0002-01-30 21:00:00,1.8320274,34.187943
0002-01-30 22:00:00,1.8318707,34.187954
0002-01-30 23:00:00,1.8314631,34.187973
0002-01-31 00:00:00,1.8307456,34.187996
0002-01-31 01:00:00,1.8296547,34.188026
0002-01-31 02:00:00,1.8281132,34.188065
0002-01-31 03:00:00,1.8260866,34.18811
0002-01-31 04:00:00,1.8233206,34.18817
0002-01-31 05:00:00,1.8197328,34.18825
0002-01-31 06:00:00,1.8168226,34.18831
0002-01-31 07:00:00,1.81397,34.188366
0002-01-31 08:00:00,1.8108118,34.188423
0002-01-31 09:00:00,1.8072213,34.188488
0002-01-31 10:00:00,1.8031393,34.188564
0002-01-31 11:00:00,1.7985206,34.18865
0002-01-31 12:00:00,1.7933207,34.188744
0002-01-31 13:00:00,1.7879386,34.18884
0002-01-31 14:00:00,1.7828033,34.18893
0002-01-31 15:00:00,1.7779082,34.189014
0002-01-31 16:00:00,1.7732048,34.189095
0002-01-31 17:00:00,1.7686259,34.18917
0002-01-31 18:00:00,1.7640921,34.189247
0002-01-31 19:00:00,1.7594935,34.189323
0002-01-31 20:00:00,1.7547535,34.1894
0002-01-31 21:00:00,1.749352,34.189484
0002-01-31 22:00:00,1.7450248,34.18955
0002-01-31 23:00:00,1.7412965,34.189598
0002-02-01 00:00:00,1.7376676,34.189644
0002-02-01 01:00:00,1.733953,34.18969
0002-02-01 02:00:00,1.730076,34.18974
0002-02-01 03:00:00,1.7259998,34.189793
0002-02-01 04:00:00,1.7216849,34.189846
0002-02-01 05:00:00,1.7170929,34.189903
0002-02-01 06:00:00,1.7121838,34.189964
0002-02-01 07:00:00,1.7069144,34.190033
0002-02-01 08:00:00,1.7012377,34.190105
0002-02-01 09:00:00,1.6951017,34.190186
0002-02-01 10:00:00,1.6884443,34.190273
0002-02-01 11:00:00,1.6804352,34.19038
0002-02-01 12:00:00,1.6719316,34.19049
0002-02-01 13:00:00,1.6632491,34.190605
0002-02-01 14:00:00,1.6562152,34.190697
0002-02-01 15:00:00,1.650924,34.190758
0002-02-01 16:00:00,1.6465571,34.190804
0002-02-01 17:00:00,1.6427989,34.190845
0002-02-01 18:00:00,1.6395478,34.19088
0002-02-01 19:00:00,1.6367518,34.190907
0002-02-01 20:00:00,1.6343732,34.19093
0002-02-01 21:00:00,1.632378,34.190952
0002-02-01 22:00:00,1.6307331,34.190968
0002-02-01 23:00:00,1.6294072,34.19098
0002-02-02 00:00:00,1.6283693,34.19099
0002-02-02 01:00:00,1.6275902,34.190998
0002-02-02 02:00:00,1.627041,34.191006
0002-02-02 03:00:00,1.6266955,34.19101
0002-02-02 04:00:00,1.6265285,34.191013
0002-02-02 05:00:00,1.626517,34.191017
0002-02-02 06:00:00,1.6266415,34.191017
0002-02-02 07:00:00,1.626943,34.191017
0002-02-02 08:00:00,1.6276389,34.191013
0002-02-02 09:00:00,1.6286863,34.19101
0002-02-02 10:00:00,1.6299324,34.191
0002-02-02 11:00:00,1.6313025,34.19099
0002-02-02 12:00:00,1.6327634,34.190983
0002-02-02 13:00:00,1.6342272,34.190975
0002-02-02 14:00:00,1.6355735,34.190968
0002-02-02 15:00:00,1.6368104,34.19096
0002-02-02 16:00:00,1.6379514,34.190952
0002-02-02 17:00:00,1.6390027,34.19095
0002-02-02 18:00:00,1.6399689,34.19094
0002-02-02 19:00:00,1.6408484,34.190937
0002-02-02 20:00:00,1.6416423,34.190933
0002-02-02 21:00:00,1.6423503,34.19093
0002-02-02 22:00:00,1.6429704,34.190926
0002-02-02 23:00:00,1.6435025,34.190926
0002-02-03 00:00:00,1.6439431,34.190926
0002-02-03 01:00:00,1.6442696,34.190926
0002-02-03 02:00:00,1.6444833,34.190926
0002-02-03 03:00:00,1.644629,34.19093
0002-02-03 04:00:00,1.6446933,34.190933
0002-02-03 05:00:00,1.6446502,34.190937
0002-02-03 06:00:00,1.6444851,34.19094
0002-02-03 07:00:00,1.6441882,34.19095
0002-02-03 08:00:00,1.6437511,34.190956
0002-02-03 09:00:00,1.6431663,34.190964
0002-02-03 10:00:00,1.6424257,34.190975
0002-02-03 11:00:00,1.6415217,34.19099
0002-02-03 12:00:00,1.6404465,34.191006
0002-02-03 13:00:00,1.6392975,34.19102
0002-02-03 14:00:00,1.6381782,34.191036
0002-02-03 15:00:00,1.6370851,34.19105
0002-02-03 16:00:00,1.6360172,34.191067
0002-02-03 17:00:00,1.6349744,34.191086
0002-02-03 18:00:00,1.6339555,34.1911
0002-02-03 19:00:00,1.632961,34.191116
0002-02-03 20:00:00,1.6319902,34.19113
0002-02-03 21:00:00,1.6310407,34.19115
0002-02-03 22:00:00,1.630111,34.191166
0002-02-03 23:00:00,1.6291988,34.19118
0002-02-04 00:00:00,1.6283028,34.1912
0002-02-04 01:00:00,1.6274225,34.191216
0002-02-04 02:00:00,1.6265568,34.191235
0002-02-04 03:00:00,1.6257051,34.19125
0002-02-04 04:00:00,1.6248668,34.191265
0002-02-04 05:00:00,1.6240411,34.191284
0002-02-04 06:00:00,1.6232269,34.191303
0002-02-04 07:00:00,1.6224232,34.19132
0002-02-04 08:00:00,1.621629,34.191338
0002-02-04 09:00:00,1.6208432,34.191353
0002-02-04 10:00:00,1.6200646,34.191372
0002-02-04 11:00:00,1.6192921,34.19139
0002-02-04 12:00:00,1.618525,34.19141
0002-02-04 13:00:00,1.6178061,34.191425
0002-02-04 14:00:00,1.6171914,34.19144
0002-02-04 15:00:00,1.6166948,34.191456
0002-02-04 16:00:00,1.616315,34.191467
0002-02-04 17:00:00,1.6160469,34.19148
0002-02-04 18:00:00,1.6158838,34.19149
0002-02-04 19:00:00,1.6158186,34.191498
0002-02-04 20:00:00,1.6158439,34.1915
0002-02-04 21:00:00,1.6159513,34.19151
0002-02-04 22:00:00,1.616134,34.191513
0002-02-04 23:00:00,1.616385,34.191517
0002-02-05 00:00:00,1.6166959,34.191517
0002-02-05 01:00:00,1.6170585,34.19152
0002-02-05 02:00:00,1.617466,34.19152
0002-02-05 03:00:00,1.6179163,34.19152
0002-02-05 04:00:00,1.6184036,34.19152
0002-02-05 05:00:00,1.6189272,34.19152
0002-02-05 06:00:00,1.6195229,34.191517
0002-02-05 07:00:00,1.6202017,34.191513
0002-02-05 08:00:00,1.6209502,34.19151
0002-02-05 09:00:00,1.6217524,34.1915
0002-02-05 10:00:00,1.6225983,34.191498
0002-02-05 11:00:00,1.6234851,34.19149
0002-02-05 12:00:00,1.6244093,34.19148
0002-02-05 13:00:00,1.625316,34.191475
0002-02-05 14:00:00,1.6261466,34.191467
0002-02-05 15:00:00,1.6269126,34.191463
0002-02-05 16:00:00,1.6276215,34.19146
0002-02-05 17:00:00,1.6282701,34.19146
0002-02-05 18:00:00,1.6288536,34.191456
0002-02-05 19:00:00,1.6293774,34.191456
0002-02-05 20:00:00,1.6298455,34.191456
0002-02-05 21:00:00,1.6302545,34.191456
0002-02-05 22:00:00,1.6306032,34.19146
0002-02-05 23:00:00,1.63089,34.19146
0002-02-06 00:00:00,1.6311145,34.191463
0002-02-06 01:00:00,1.6312755,34.191463
0002-02-06 02:00:00,1.6313727,34.191467
0002-02-06 03:00:00,1.6314055,34.191475
0002-02-06 04:00:00,1.6313738,34.19148
0002-02-06 05:00:00,1.631277,34.191486
0002-02-06 06:00:00,1.6311146,34.19149
0002-02-06 07:00:00,1.6308857,34.191498
0002-02-06 08:00:00,1.6305902,34.191505
0002-02-06 09:00:00,1.6302273,34.191517
0002-02-06 10:00:00,1.629796,34.191525
0002-02-06 11:00:00,1.6292949,34.191536
0002-02-06 12:00:00,1.6287223,34.191547
0002-02-06 13:00:00,1.6281486,34.191555
0002-02-06 14:00:00,1.6276307,34.191566
0002-02-06 15:00:00,1.6271498,34.191574
0002-02-06 16:00:00,1.6267002,34.19158
0002-02-06 17:00:00,1.6262801,34.191586
0002-02-06 18:00:00,1.6258894,34.191593
0002-02-06 19:00:00,1.6255279,34.191597
0002-02-06 20:00:00,1.6251949,34.1916
0002-02-06 21:00:00,1.6248908,34.191605
0002-02-06 22:00:00,1.6246154,34.191605
0002-02-06 23:00:00,1.6243689,34.191605
0002-02-07 00:00:00,1.6241515,34.19161
0002-02-07 01:00:00,1.623962,34.19161
0002-02-07 02:00:00,1.6238002,34.191605
0002-02-07 03:00:00,1.6236653,34.191605
0002-02-07 04:00:00,1.6235577,34.1916
0002-02-07 05:00:00,1.6234772,34.191597
0002-02-07 06:00:00,1.623424,34.191593
0002-02-07 07:00:00,1.6233981,34.19159
0002-02-07 08:00:00,1.6233985,34.191586
0002-02-07 09:00:00,1.6234257,34.191578
0002-02-07 10:00:00,1.6234795,34.19157
0002-02-07 11:00:00,1.6235595,34.191563
0002-02-07 12:00:00,1.6236653,34.191555
0002-02-07 13:00:00,1.6238428,34.191544
0002-02-07 14:00:00,1.6241215,34.191532
0002-02-07 15:00:00,1.6244814,34.19152
0002-02-07 16:00:00,1.6249163,34.191505
0002-02-07 17:00:00,1.6254233,34.191486
0002-02-07 18:00:00,1.6260009,34.191467
0002-02-07 19:00:00,1.6266475,34.19145
0002-02-07 20:00:00,1.6273618,34.19143
0002-02-07 21:00:00,1.628143,34.191406
0002-02-07 22:00:00,1.62899,34.191383
0002-02-07 23:00:00,1.6299014,34.191357
0002-02-08 00:00:00,1.6308748,34.19133
0002-02-08 01:00:00,1.6319091,34.191303
0002-02-08 02:00:00,1.6330038,34.191273
0002-02-08 03:00:00,1.6341575,34.191242
0002-02-08 04:00:00,1.6353704,34.19121
0002-02-08 05:00:00,1.6366407,34.191177
0002-02-08 06:00:00,1.6379683,34.191143
0002-02-08 07:00:00,1.6393521,34.19111
0002-02-08 08:00:00,1.6407913,34.19107
0002-02-08 09:00:00,1.6422853,34.191032
0002-02-08 10:00:00,1.6438335,34.190994
0002-02-08 11:00:00,1.6454344,34.190952
0002-02-08 12:00:00,1.6470877,34.19091
0002-02-08 13:00:00,1.6487364,34.19087
0002-02-08 14:00:00,1.6503295,34.190823
0002-02-08 15:00:00,1.6518979,34.19078
0002-02-08 16:00:00,1.6534528,34.190735
0002-02-08 17:00:00,1.6549968,34.190685
0002-02-08 18:00:00,1.6565307,34.19064
0002-02-08 19:00:00,1.6580544,34.19059
0002-02-08 20:00:00,1.6595676,34.19054
0002-02-08 21:00:00,1.6610699,34.19049
0002-02-08 22:00:00,1.6625609,34.19044
0002-02-08 23:00:00,1.6640403,34.19039
0002-02-09 00:00:00,1.6655072,34.19034
0002-02-09 01:00:00,1.6669619,34.190285
0002-02-09 02:00:00,1.6684041,34.19023
0002-02-09 03:00:00,1.6698333,34.190174
0002-02-09 04:00:00,1.6712492,34.19012
0002-02-09 05:00:00,1.6726516,34.190063
0002-02-09 06:00:00,1.6740402,34.190006
0002-02-09 07:00:00,1.6754148,34.189945
0002-02-09 08:00:00,1.6767752,34.189888
0002-02-09 09:00:00,1.6781223,34.189827
0002-02-09 10:00:00,1.6794559,34.189766
0002-02-09 11:00:00,1.6807756,34.189705
0002-02-09 12:00:00,1.6820812,34.189644
0002-02-09 13:00:00,1.6833218,34.189583
0002-02-09 14:00:00,1.6844602,34.18952
0002-02-09 15:00:00,1.6855136,34.189465
0002-02-09 16:00:00,1.6864873,34.189407
0002-02-09 17:00:00,1.6873827,34.189354
0002-02-09 18:00:00,1.6882002,34.189297
0002-02-09 19:00:00,1.6889404,34.189247
0002-02-09 20:00:00,1.6896033,34.189194
0002-02-09 21:00:00,1.6901891,34.18914
0002-02-09 22:00:00,1.6906979,34.18909
0002-02-09 23:00:00,1.6911297,34.18904
0002-02-10 00:00:00,1.6914848,34.188995
0002-02-10 01:00:00,1.691763,34.188946
0002-02-10 02:00:00,1.6919647,34.1889
0002-02-10 03:00:00,1.6920898,34.188854
0002-02-10 04:00:00,1.6921384,34.188812
0002-02-10 05:00:00,1.692111,34.188766
0002-02-10 06:00:00,1.6920074,34.188725
0002-02-10 07:00:00,1.6918277,34.188683
0002-02-10 08:00:00,1.6915714,34.188644
0002-02-10 09:00:00,1.6912383,34.188606
0002-02-10 10:00:00,1.6908289,34.18857
0002-02-10 11:00:00,1.6903434,34.18853
0002-02-10 12:00:00,1.6897814,34.18849
0002-02-10 13:00:00,1.6892029,34.18846
0002-02-10 14:00:00,1.6886215,34.18843
0002-02-10 15:00:00,1.6879834,34.1884
0002-02-10 16:00:00,1.6872727,34.188374
0002-02-10 17:00:00,1.6864806,34.18835
0002-02-10 18:00:00,1.6856008,34.188328
0002-02-10 19:00:00,1.6846272,34.18831
0002-02-10 20:00:00,1.6835539,34.18829
0002-02-10 21:00:00,1.6823769,34.188274
0002-02-10 22:00:00,1.6810882,34.18826
0002-02-10 23:00:00,1.6796811,34.188248
0002-02-11 00:00:00,1.6781492,34.188244
0002-02-11 01:00:00,1.6764859,34.188236
0002-02-11 02:00:00,1.6746849,34.188236
0002-02-11 03:00:00,1.6727377,34.18824
0002-02-11 04:00:00,1.6706352,34.188248
0002-02-11 05:00:00,1.6683666,34.18826
0002-02-11 06:00:00,1.665942,34.188274
0002-02-11 07:00:00,1.6632077,34.188293
0002-02-11 08:00:00,1.6601425,34.188324
0002-02-11 09:00:00,1.6568536,34.18836
0002-02-11 10:00:00,1.6533695,34.1884
0002-02-11 11:00:00,1.6503277,34.18843
0002-02-11 12:00:00,1.6474574,34.188454
0002-02-11 13:00:00,1.6446466,34.18847
0002-02-11 14:00:00,1.6419338,34.188477
0002-02-11 15:00:00,1.6393182,34.188484
0002-02-11 16:00:00,1.6367993,34.188484
0002-02-11 17:00:00,1.6343753,34.18848
0002-02-11 18:00:00,1.6320449,34.188477
0002-02-11 19:00:00,1.6298066,34.188465
0002-02-11 20:00:00,1.627659,34.188454
0002-02-11 21:00:00,1.6256002,34.18844
0002-02-11 22:00:00,1.6236287,34.188416
0002-02-11 23:00:00,1.6217428,34.188393
0002-02-12 00:00:00,1.6199406,34.188366
0002-02-12 01:00:00,1.6182203,34.188335
0002-02-12 02:00:00,1.6165802,34.1883
0002-02-12 03:00:00,1.615019,34.188267
0002-02-12 04:00:00,1.6135348,34.188225
0002-02-12 05:00:00,1.6121262,34.188183
0002-02-12 06:00:00,1.6107919,34.188137
0002-02-12 07:00:00,1.6095321,34.188084
0002-02-12 08:00:00,1.6083447,34.188034
0002-02-12 09:00:00,1.6072277,34.187977
0002-02-12 10:00:00,1.6061801,34.187916
0002-02-12 11:00:00,1.6052002,34.187855
0002-02-12 12:00:00,1.604287,34.18779
0002-02-12 13:00:00,1.6033685,34.187725
0002-02-12 14:00:00,1.6024005,34.18767
0002-02-12 15:00:00,1.6014152,34.18762
0002-02-12 16:00:00,1.6004156,34.187572
0002-02-12 17:00:00,1.5994017,34.187527
0002-02-12 18:00:00,1.5983706,34.18749
0002-02-12 19:00:00,1.5973208,34.18745
0002-02-12 20:00:00,1.5962499,34.187416
0002-02-12 21:00:00,1.5951563,34.18738
0002-02-12 22:00:00,1.594038,34.187355
0002-02-12 23:00:00,1.5928926,34.187332
0002-02-13 00:00:00,1.5917181,34.18731
0002-02-13 01:00:00,1.5905125,34.18729
0002-02-13 02:00:00,1.5892743,34.187275
0002-02-13 03:00:00,1.5880021,34.187263
0002-02-13 04:00:00,1.586694,34.187256
0002-02-13 05:00:00,1.5853485,34.187252
0002-02-13 06:00:00,1.5839634,34.187252
0002-02-13 07:00:00,1.5825363,34.187256
0002-02-13 08:00:00,1.5810657,34.18726
0002-02-13 09:00:00,1.5795499,34.18727
0002-02-13 10:00:00,1.5779871,34.187286
0002-02-13 11:00:00,1.576375,34.1873
0002-02-13 12:00:00,1.5747133,34.187325
0002-02-13 13:00:00,1.5730692,34.187344
0002-02-13 14:00:00,1.5714769,34.18736
0002-02-13 15:00:00,1.5698929,34.187378
0002-02-13 16:00:00,1.5683048,34.187393
0002-02-13 17:00:00,1.5667055,34.18741
0002-02-13 18:00:00,1.5650902,34.187424
0002-02-13 19:00:00,1.5634546,34.187443
0002-02-13 20:00:00,1.5617944,34.187458
0002-02-13 21:00:00,1.5601053,34.187477
0002-02-13 22:00:00,1.558384,34.187496
0002-02-13 23:00:00,1.5566261,34.187515
0002-02-14 00:00:00,1.5548276,34.187534
0002-02-14 01:00:00,1.5529842,34.187553
0002-02-14 02:00:00,1.5510917,34.187576
0002-02-14 03:00:00,1.5491452,34.187595
0002-02-14 04:00:00,1.5471402,34.187622
0002-02-14 05:00:00,1.5450712,34.187645
0002-02-14 06:00:00,1.5429329,34.18767
0002-02-14 07:00:00,1.5407192,34.1877
0002-02-14 08:00:00,1.5384252,34.187725
0002-02-14 09:00:00,1.5360446,34.187756
0002-02-14 10:00:00,1.5335708,34.18779
0002-02-14 11:00:00,1.5309969,34.187824
0002-02-14 12:00:00,1.5283153,34.18786
0002-02-14 13:00:00,1.5255576,34.187897
0002-02-14 14:00:00,1.522792,34.18793
0002-02-14 15:00:00,1.5200676,34.187965
0002-02-14 16:00:00,1.5172867,34.188004
0002-02-14 17:00:00,1.5144845,34.18804
0002-02-14 18:00:00,1.5117048,34.188076
0002-02-14 19:00:00,1.5089693,34.18811
0002-02-14 20:00:00,1.5061457,34.18815
0002-02-14 21:00:00,1.5032611,34.18819
0002-02-14 22:00:00,1.500469,34.188225
0002-02-14 23:00:00,1.4978248,34.18826
0002-02-15 00:00:00,1.495262,34.18829
0002-02-15 01:00:00,1.4927368,34.18832
0002-02-15 02:00:00,1.4902288,34.18835
0002-02-15 03:00:00,1.4877288,34.188377
0002-02-15 04:00:00,1.4852319,34.188408
0002-02-15 05:00:00,1.4827347,34.18844
0002-02-15 06:00:00,1.4802343,34.188465
0002-02-15 07:00:00,1.4777279,34.188496
0002-02-15 08:00:00,1.4752127,34.188526
0002-02-15 09:00:00,1.4726859,34.188557
0002-02-15 10:00:00,1.4701445,34.188587
0002-02-15 11:00:00,1.4675853,34.188618
0002-02-15 12:00:00,1.465005,34.18865
0002-02-15 13:00:00,1.4624104,34.18868
0002-02-15 14:00:00,1.4598348,34.18871
0002-02-15 15:00:00,1.4573036,34.188736
0002-02-15 16:00:00,1.4548187,34.188766
0002-02-15 17:00:00,1.4523784,34.188793
0002-02-15 18:00:00,1.4499795,34.18882
0002-02-15 19:00:00,1.4476192,34.188847
0002-02-15 20:00:00,1.4452941,34.18887
0002-02-15 21:00:00,1.4430014,34.188892
0002-02-15 22:00:00,1.440738,34.18892
0002-02-15 23:00:00,1.4385017,34.188942
0002-02-16 00:00:00,1.4362901,34.188965
0002-02-16 01:00:00,1.4341011,34.188988
0002-02-16 02:00:00,1.4319326,34.189007
0002-02-16 03:00:00,1.4297827,34.18903
0002-02-16 04:00:00,1.4276499,34.189053
0002-02-16 05:00:00,1.4255322,34.18907
0002-02-16 06:00:00,1.4234283,34.189095
0002-02-16 07:00:00,1.4213364,34.189114
0002-02-16 08:00:00,1.4192553,34.189133
0002-02-16 09:00:00,1.4171833,34.18915
0002-02-16 10:00:00,1.415119,34.189175
0002-02-16 11:00:00,1.4130616,34.189194
0002-02-16 12:00:00,1.4110097,34.189213
0002-02-16 13:00:00,1.4089456,34.18923
0002-02-16 14:00:00,1.4069076,34.189255
0002-02-16 15:00:00,1.4049195,34.189274
0002-02-16 16:00:00,1.402941,34.189293
0002-02-16 17:00:00,1.4009087,34.189316
0002-02-16 18:00:00,1.3987571,34.189342
0002-02-16 19:00:00,1.3964211,34.18937
0002-02-16 20:00:00,1.3938402,34.189404
0002-02-16 21:00:00,1.3909544,34.18944
0002-02-16 22:00:00,1.3877057,34.189484
0002-02-16 23:00:00,1.3840346,34.189533
0002-02-17 00:00:00,1.3798778,34.189594
0002-02-17 01:00:00,1.3751695,34.189663
0002-02-17 02:00:00,1.3698316,34.189743
0002-02-17 03:00:00,1.3634512,34.189842
0002-02-17 04:00:00,1.3562392,34.189957
0002-02-17 05:00:00,1.34886,34.190075
0002-02-17 06:00:00,1.3417702,34.19018
0002-02-17 07:00:00,1.334409,34.190292
0002-02-17 08:00:00,1.3264825,34.190414
0002-02-17 09:00:00,1.3178664,34.190548
0002-02-17 10:00:00,1.3084822,34.190693
0002-02-17 11:00:00,1.2952118,34.190903
0002-02-17 12:00:00,1.2830368,34.191093
0002-02-17 13:00:00,1.2707919,34.191288
0002-02-17 14:00:00,1.2606951,34.191444
0002-02-17 15:00:00,1.2518628,34.191574
0002-02-17 16:00:00,1.2436948,34.191696
0002-02-17 17:00:00,1.2359842,34.191807
0002-02-17 18:00:00,1.2286748,34.191914
0002-02-17 19:00:00,1.2217424,34.192013
0002-02-17 20:00:00,1.2151715,34.192104
0002-02-17 21:00:00,1.2089437,34.192192
0002-02-17 22:00:00,1.2030406,34.192272
0002-02-17 23:00:00,1.1974463,34.19235
0002-02-18 00:00:00,1.1921465,34.19242
0002-02-18 01:00:00,1.1871275,34.19249
0002-02-18 02:00:00,1.1823748,34.19255
0002-02-18 03:00:00,1.1778768,34.19261
0002-02-18 04:00:00,1.1736214,34.192665
0002-02-18 05:00:00,1.1695969,34.192715
0002-02-18 06:00:00,1.1657912,34.19276
0002-02-18 07:00:00,1.1621923,34.192802
0002-02-18 08:00:00,1.1587815,34.192844
0002-02-18 09:00:00,1.1555469,34.19288
0002-02-18 10:00:00,1.1524799,34.192913
0002-02-18 11:00:00,1.1495713,34.192944
0002-02-18 12:00:00,1.1468112,34.192974
0002-02-18 13:00:00,1.1442124,34.193
0002-02-18 14:00:00,1.1417819,34.193024
0002-02-18 15:00:00,1.1395035,34.193043
0002-02-18 16:00:00,1.1373643,34.19306
0002-02-18 17:00:00,1.1353523,34.193077
0002-02-18 18:00:00,1.133455,34.193092
0002-02-18 19:00:00,1.1316602,34.193104
0002-02-18 20:00:00,1.1299547,34.193115
0002-02-18 21:00:00,1.1283263,34.193127
0002-02-18 22:00:00,1.1267624,34.193134
0002-02-18 23:00:00,1.1252501,34.193142
0002-02-19 00:00:00,1.1237761,34.193146
0002-02-19 01:00:00,1.122327,34.193153
0002-02-19 02:00:00,1.120889,34.193157
0002-02-19 03:00:00,1.1194457,34.19316
0002-02-19 04:00:00,1.1179746,34.193165
0002-02-19 05:00:00,1.1164583,34.193165
0002-02-19 06:00:00,1.114863,34.19317
0002-02-19 07:00:00,1.113156,34.19317
0002-02-19 08:00:00,1.111392,34.19317
0002-02-19 09:00:00,1.1099606,34.19317
0002-02-19 10:00:00,1.1092488,34.193172
0002-02-19 11:00:00,1.1089044,34.19318
0002-02-19 12:00:00,1.1085706,34.193188
0002-02-19 13:00:00,1.1079874,34.193195
0002-02-19 14:00:00,1.1071483,34.1932
0002-02-19 15:00:00,1.1062319,34.193203
0002-02-19 16:00:00,1.1052873,34.19321
0002-02-19 17:00:00,1.1043342,34.193214
0002-02-19 18:00:00,1.1033822,34.19322
0002-02-19 19:00:00,1.1024328,34.193222
0002-02-19 20:00:00,1.101485,34.193226
0002-02-19 21:00:00,1.1005373,34.19323
0002-02-19 22:00:00,1.0995892,34.193233
0002-02-19 23:00:00,1.0986403,34.19324
0002-02-20 00:00:00,1.0976902,34.193245
0002-02-20 01:00:00,1.0967389,34.19325
0002-02-20 02:00:00,1.0957861,34.193253
0002-02-20 03:00:00,1.0948317,34.193256
0002-02-20 04:00:00,1.0938758,34.19326
0002-02-20 05:00:00,1.0929179,34.193264
0002-02-20 06:00:00,1.091958,34.19327
0002-02-20 07:00:00,1.0909959,34.193275
0002-02-20 08:00:00,1.0900314,34.19328
0002-02-20 09:00:00,1.0890644,34.193283
0002-02-20 10:00:00,1.0880951,34.193287
0002-02-20 11:00:00,1.0871226,34.19329
0002-02-20 12:00:00,1.0861459,34.193295
0002-02-20 13:00:00,1.0851109,34.193302
0002-02-20 14:00:00,1.0840005,34.193306
0002-02-20 15:00:00,1.0828586,34.19331
0002-02-20 16:00:00,1.0816956,34.193317
0002-02-20 17:00:00,1.0805161,34.19332
0002-02-20 18:00:00,1.0793203,34.19333
0002-02-20 19:00:00,1.0781088,34.193333
0002-02-20 20:00:00,1.0768818,34.19334
0002-02-20 21:00:00,1.0756392,34.193348
0002-02-20 22:00:00,1.0743815,34.19335
0002-02-20 23:00:00,1.0731084,34.19336
0002-02-21 00:00:00,1.0718204,34.193367
0002-02-21 01:00:00,1.0705174,34.193375
0002-02-21 02:00:00,1.0691996,34.193382
0002-02-21 03:00:00,1.0678673,34.193394
0002-02-21 04:00:00,1.0665205,34.1934
0002-02-21 05:00:00,1.0651594,34.19341
0002-02-21 06:00:00,1.0637842,34.19342
0002-02-21 07:00:00,1.0623947,34.193428
0002-02-21 08:00:00,1.0609909,34.19344
0002-02-21 09:00:00,1.0595722,34.19345
0002-02-21 10:00:00,1.0581384,34.193462
0002-02-21 11:00:00,1.056689,34.193474
0002-02-21 12:00:00,1.0552235,34.193485
0002-02-21 13:00:00,1.0537663,34.193493
0002-02-21 14:00:00,1.052345,34.1935
0002-02-21 15:00:00,1.050962,34.193504
0002-02-21 16:00:00,1.0496134,34.193504
0002-02-21 17:00:00,1.0482982,34.193504
0002-02-21 18:00:00,1.0470155,34.193504
0002-02-21 19:00:00,1.0457649,34.1935
0002-02-21 20:00:00,1.0445437,34.193493
0002-02-21 21:00:00,1.0433569,34.193485
0002-02-21 22:00:00,1.0422125,34.193478
0002-02-21 23:00:00,1.0411427,34.193462
0002-02-22 00:00:00,1.0401641,34.193447
0002-02-22 01:00:00,1.0392627,34.193428
0002-02-22 02:00:00,1.0384203,34.19341
0002-02-22 03:00:00,1.0376347,34.193382
0002-02-22 04:00:00,1.036907,34.193356
0002-02-22 05:00:00,1.0362552,34.19333
0002-02-22 06:00:00,1.0356959,34.193302
0002-02-22 07:00:00,1.0352446,34.19327
0002-02-22 08:00:00,1.0349059,34.19324
0002-02-22 09:00:00,1.0346681,34.193214
0002-02-22 10:00:00,1.034508,34.193188
0002-02-22 11:00:00,1.0344013,34.193165
0002-02-22 12:00:00,1.0343283,34.19314
0002-02-22 13:00:00,1.0342438,34.193096
0002-02-22 14:00:00,1.0341225,34.193027
0002-02-22 15:00:00,1.0339811,34.192944
0002-02-22 16:00:00,1.0338303,34.19285
0002-02-22 17:00:00,1.0336694,34.192745
0002-02-22 18:00:00,1.0334929,34.192635
0002-02-22 19:00:00,1.0332767,34.192513
0002-02-22 20:00:00,1.033078,34.192387
0002-02-22 21:00:00,1.0328505,34.192257
0002-02-22 22:00:00,1.0326058,34.192116
0002-02-22 23:00:00,1.0323441,34.19197
0002-02-23 00:00:00,1.0320663,34.191814
0002-02-23 01:00:00,1.0317765,34.191654
0002-02-23 02:00:00,1.0314618,34.19148
0002-02-23 03:00:00,1.0311488,34.191296
0002-02-23 04:00:00,1.0308218,34.19112
0002-02-23 05:00:00,1.030476,34.190926
0002-02-23 06:00:00,1.0301129,34.190723
0002-02-23 07:00:00,1.0297388,34.190517
0002-02-23 08:00:00,1.0293477,34.1903
0002-02-23 09:00:00,1.0289421,34.190075
0002-02-23 10:00:00,1.0285243,34.189842
0002-02-23 11:00:00,1.0280998,34.1896
0002-02-23 12:00:00,1.0276729,34.189354
0002-02-23 13:00:00,1.0271962,34.189102
0002-02-23 14:00:00,1.0266945,34.18885
0002-02-23 15:00:00,1.0261678,34.188583
0002-02-23 16:00:00,1.0256486,34.188324
0002-02-23 17:00:00,1.0250933,34.188046
0002-02-23 18:00:00,1.0245265,34.187775
0002-02-23 19:00:00,1.0239227,34.18749
0002-02-23 20:00:00,1.0232965,34.187202
0002-02-23 21:00:00,1.0226606,34.186913
0002-02-23 22:00:00,1.021991,34.18662
0002-02-23 23:00:00,1.0212874,34.18632
0002-02-24 00:00:00,1.0205488,34.186024
0002-02-24 01:00:00,1.0197718,34.18572
0002-02-24 02:00:00,1.018953,34.185417
0002-02-24 03:00:00,1.0180993,34.18511
0002-02-24 04:00:00,1.017224,34.184788
0002-02-24 05:00:00,1.0163301,34.184464
0002-02-24 06:00:00,1.0153764,34.18414
0002-02-24 07:00:00,1.014395,34.18382
0002-02-24 08:00:00,1.0133893,34.1835
0002-02-24 09:00:00,1.0123644,34.183174
0002-02-24 10:00:00,1.0113279,34.182846
0002-02-24 11:00:00,1.0102773,34.182514
0002-02-24 12:00:00,1.0092291,34.182182
0002-02-24 13:00:00,1.0081306,34.18186
0002-02-24 14:00:00,1.0069674,34.181557
0002-02-24 15:00:00,1.0057911,34.181274
0002-02-24 16:00:00,1.0045592,34.181
0002-02-24 17:00:00,1.003307,34.180744
0002-02-24 18:00:00,1.0020335,34.180504
0002-02-24 19:00:00,1.0007217,34.18028
0002-02-24 20:00:00,0.9993762,34.18007
0002-02-24 21:00:00,0.99800235,34.179874
0002-02-24 22:00:00,0.99660504,34.17969
0002-02-24 23:00:00,0.9951859,34.179527
0002-02-25 00:00:00,0.99373376,34.17938
0002-02-25 01:00:00,0.99224603,34.179245
0002-02-25 02:00:00,0.99072903,34.179127
0002-02-25 03:00:00,0.9891932,34.179028
0002-02-25 04:00:00,0.98765063,34.178947
0002-02-25 05:00:00,0.98605835,34.178886
0002-02-25 06:00:00,0.98444676,34.178844
0002-02-25 07:00:00,0.9828651,34.178825
0002-02-25 08:00:00,0.9812987,34.178825
0002-02-25 09:00:00,0.97963417,34.178844
0002-02-25 10:00:00,0.9779232,34.178883
0002-02-25 11:00:00,0.9761228,34.178936
0002-02-25 12:00:00,0.97420585,34.17901
0002-02-25 13:00:00,0.97236204,34.179073
0002-02-25 14:00:00,0.97068894,34.17912
0002-02-25 15:00:00,0.9691023,34.179153
0002-02-25 16:00:00,0.96758395,34.179184
0002-02-25 17:00:00,0.9661299,34.17921
0002-02-25 18:00:00,0.96474206,34.17924
0002-02-25 19:00:00,0.9634256,34.179268
0002-02-25 20:00:00,0.9621866,34.1793
0002-02-25 21:00:00,0.9610299,34.179325
0002-02-25 22:00:00,0.9599573,34.179356
0002-02-25 23:00:00,0.95896596,34.179382
0002-02-26 00:00:00,0.9580497,34.179413
0002-02-26 01:00:00,0.9571994,34.179443
0002-02-26 02:00:00,0.9564041,34.17947
0002-02-26 03:00:00,0.9556543,34.1795
0002-02-26 04:00:00,0.95494187,34.17953
0002-02-26 05:00:00,0.95426035,34.17956
0002-02-26 06:00:00,0.95360535,34.17959
0002-02-26 07:00:00,0.952974,34.17962
0002-02-26 08:00:00,0.9523646,34.179646
0002-02-26 09:00:00,0.95177615,34.179676
0002-02-26 10:00:00,0.9512083,34.179707
0002-02-26 11:00:00,0.95066106,34.179733
0002-02-26 12:00:00,0.9501346,34.179764
0002-02-26 13:00:00,0.9495893,34.179787
0002-02-26 14:00:00,0.9490412,34.179806
0002-02-26 15:00:00,0.94852805,34.179825
0002-02-26 16:00:00,0.948042,34.179836
0002-02-26 17:00:00,0.947563,34.17985
0002-02-26 18:00:00,0.94707537,34.179863
0002-02-26 19:00:00,0.9465676,34.17988
0002-02-26 20:00:00,0.9460319,34.17989
0002-02-26 21:00:00,0.94546187,34.179905
0002-02-26 22:00:00,0.94485164,34.179924
0002-02-26 23:00:00,0.94419485,34.179947
0002-02-27 00:00:00,0.94348466,34.17997
0002-02-27 01:00:00,0.9427167,34.18
0002-02-27 02:00:00,0.9418825,34.18003
0002-02-27 03:00:00,0.94097304,34.18007
0002-02-27 04:00:00,0.94001305,34.180115
0002-02-27 05:00:00,0.93903637,34.18015
0002-02-27 06:00:00,0.938031,34.18018
0002-02-27 07:00:00,0.9369744,34.180206
0002-02-27 08:00:00,0.9358545,34.180237
0002-02-27 09:00:00,0.9346628,34.180267
0002-02-27 10:00:00,0.9333919,34.180305
0002-02-27 11:00:00,0.9320342,34.180344
0002-02-27 12:00:00,0.9305841,34.18039
0002-02-27 13:00:00,0.9290727,34.180435
0002-02-27 14:00:00,0.92759216,34.180473
0002-02-27 15:00:00,0.9262068,34.180504
0002-02-27 16:00:00,0.92491966,34.180527
0002-02-27 17:00:00,0.9237214,34.180542
0002-02-27 18:00:00,0.92259914,34.18055
0002-02-27 19:00:00,0.9215377,34.180557
0002-02-27 20:00:00,0.920522,34.180557
0002-02-27 21:00:00,0.91953576,34.180553
0002-02-27 22:00:00,0.9185629,34.180546
0002-02-27 23:00:00,0.9175867,34.18054
0002-02-28 00:00:00,0.9165899,34.18053
0002-02-28 01:00:00,0.9155552,34.18052
0002-02-28 02:00:00,0.91446614,34.180508
0002-02-28 03:00:00,0.913312,34.180496
0002-02-28 04:00:00,0.91210026,34.180485
0002-02-28 05:00:00,0.9108825,34.180477
0002-02-28 06:00:00,0.90977746,34.180473
0002-02-28 07:00:00,0.9088685,34.180477
0002-02-28 08:00:00,0.90811676,34.18049
0002-02-28 09:00:00,0.9074159,34.180504
0002-02-28 10:00:00,0.90668213,34.18052
0002-02-28 11:00:00,0.9058651,34.18054
0002-02-28 12:00:00,0.90494895,34.180553
0002-02-28 13:00:00,0.9039348,34.180542
0002-02-28 14:00:00,0.90290946,34.18047
0002-02-28 15:00:00,0.90194875,34.180363
0002-02-28 16:00:00,0.90106755,34.18023
0002-02-28 17:00:00,0.90027124,34.18007
0002-02-28 18:00:00,0.89955807,34.179882
0002-02-28 19:00:00,0.8989258,34.179676
0002-02-28 20:00:00,0.8983633,34.179447
0002-02-28 21:00:00,0.89785695,34.1792
0002-02-28 22:00:00,0.89735943,34.178925
0002-02-28 23:00:00,0.89691985,34.178642
0002-03-01 00:00:00,0.8964825,34.178333
0002-03-01 01:00:00,0.8960802,34.178013
0002-03-01 02:00:00,0.8956874,34.177677
0002-03-01 03:00:00,0.895299,34.17734
0002-03-01 04:00:00,0.8949082,34.17699
0002-03-01 05:00:00,0.894549,34.176617
0002-03-01 06:00:00,0.8941728,34.17623
0002-03-01 07:00:00,0.89378303,34.17584
0002-03-01 08:00:00,0.89337796,34.175426
0002-03-01 09:00:00,0.89295596,34.174995
0002-03-01 10:00:00,0.89252436,34.174553
0002-03-01 11:00:00,0.89209455,34.17409
0002-03-01 12:00:00,0.8916816,34.173615
0002-03-01 13:00:00,0.891286,34.17314
0002-03-01 14:00:00,0.89091307,34.172703
0002-03-01 15:00:00,0.89058006,34.17225
0002-03-01 16:00:00,0.8902781,34.171803
0002-03-01 17:00:00,0.8899957,34.171368
0002-03-01 18:00:00,0.88972425,34.170937
0002-03-01 19:00:00,0.88942724,34.170506
0002-03-01 20:00:00,0.88910747,34.17012
0002-03-01 21:00:00,0.8887502,34.169754
0002-03-01 22:00:00,0.88835657,34.169415
0002-03-01 23:00:00,0.88792866,34.169098
0002-03-02 00:00:00,0.88746977,34.168804
0002-03-02 01:00:00,0.8869855,34.16853
0002-03-02 02:00:00,0.8864784,34.168278
0002-03-02 03:00:00,0.885933,34.16807
0002-03-02 04:00:00,0.88533777,34.16787
0002-03-02 05:00:00,0.8846565,34.167675
0002-03-02 06:00:00,0.88388216,34.1675
0002-03-02 07:00:00,0.8830035,34.167347
0002-03-02 08:00:00,0.88200855,34.167217
0002-03-02 09:00:00,0.8808845,34.167114
0002-03-02 10:00:00,0.8796192,34.167038
0002-03-02 11:00:00,0.8781983,34.166992
0002-03-02 12:00:00,0.87661815,34.16697
0002-03-02 13:00:00,0.8746425,34.16699
0002-03-02 14:00:00,0.87271994,34.16698
0002-03-02 15:00:00,0.87085485,34.16697
0002-03-02 16:00:00,0.86907655,34.16695
0002-03-02 17:00:00,0.8674061,34.16692
0002-03-02 18:00:00,0.86583877,34.166878
0002-03-02 19:00:00,0.8643628,34.16683
0002-03-02 20:00:00,0.8629606,34.16677
0002-03-02 21:00:00,0.86161256,34.16671
0002-03-02 22:00:00,0.86030763,34.16665
0002-03-02 23:00:00,0.8588578,34.166607
0002-03-03 00:00:00,0.85747516,34.166553
0002-03-03 01:00:00,0.8561658,34.166496
0002-03-03 02:00:00,0.8548591,34.16644
0002-03-03 03:00:00,0.8535312,34.16639
0002-03-03 04:00:00,0.85217255,34.166344
0002-03-03 05:00:00,0.8507818,34.166306
0002-03-03 06:00:00,0.8493618,34.166283
0002-03-03 07:00:00,0.84792084,34.166264
0002-03-03 08:00:00,0.8464745,34.166264
0002-03-03 09:00:00,0.8450292,34.16627
0002-03-03 10:00:00,0.843585,34.166294
0002-03-03 11:00:00,0.84213126,34.166325
0002-03-03 12:00:00,0.8406472,34.166367
0002-03-03 13:00:00,0.8389517,34.166405
0002-03-03 14:00:00,0.8370588,34.166424
0002-03-03 15:00:00,0.83523613,34.16644
0002-03-03 16:00:00,0.8336714,34.166454
0002-03-03 17:00:00,0.83241624,34.166473
0002-03-03 18:00:00,0.83132344,34.166496
0002-03-03 19:00:00,0.83020395,34.166523
0002-03-03 20:00:00,0.8289388,34.166565
0002-03-03 21:00:00,0.8274633,34.16662
0002-03-03 22:00:00,0.82573396,34.16669
0002-03-03 23:00:00,0.82361984,34.16679
0002-03-04 00:00:00,0.8212004,34.166924
0002-03-04 01:00:00,0.8184655,34.167084
0002-03-04 02:00:00,0.81561404,34.16724
0002-03-04 03:00:00,0.8124569,34.1674
0002-03-04 04:00:00,0.8089396,34.16758
0002-03-04 05:00:00,0.8049957,34.167786
0002-03-04 06:00:00,0.80056655,34.168026
0002-03-04 07:00:00,0.7956318,34.1683
0002-03-04 08:00:00,0.7896522,34.168648
0002-03-04 09:00:00,0.7829754,34.169044
0002-03-04 10:00:00,0.7764119,34.16941
0002-03-04 11:00:00,0.76978385,34.169754
0002-03-04 12:00:00,0.7627308,34.170105
0002-03-04 13:00:00,0.7554451,34.170467
0002-03-04 14:00:00,0.7483213,34.17082
0002-03-04 15:00:00,0.74125695,34.171165
0002-03-04 16:00:00,0.7342172,34.17151
0002-03-04 17:00:00,0.72744834,34.171837
0002-03-04 18:00:00,0.72099066,34.172146
0002-03-04 19:00:00,0.7153052,34.17239
0002-03-04 20:00:00,0.7100043,34.17261
0002-03-04 21:00:00,0.70488185,34.172817
0002-03-04 22:00:00,0.69987315,34.173016
0002-03-04 23:00:00,0.6949479,34.173214
0002-03-05 00:00:00,0.69008476,34.17341
0002-03-05 01:00:00,0.6852645,34.1736
0002-03-05 02:00:00,0.6804719,34.17379
0002-03-05 03:00:00,0.6756878,34.173985
0002-03-05 04:00:00,0.67088664,34.174175
0002-03-05 05:00:00,0.66604906,34.174374
0002-03-05 06:00:00,0.6611517,34.174572
0002-03-05 07:00:00,0.65622395,34.17477
0002-03-05 08:00:00,0.65085274,34.17499
0002-03-05 09:00:00,0.64538234,34.175217
0002-03-05 10:00:00,0.63966846,34.175457
0002-03-05 11:00:00,0.6344531,34.175667
0002-03-05 12:00:00,0.629463,34.175858
0002-03-05 13:00:00,0.6245845,34.176044
0002-03-05 14:00:00,0.6198769,34.176216
0002-03-05 15:00:00,0.6153512,34.17638
0002-03-05 16:00:00,0.6110038,34.176537
0002-03-05 17:00:00,0.60682076,34.176685
0002-03-05 18:00:00,0.6027966,34.176826
0002-03-05 19:00:00,0.59892404,34.17696
0002-03-05 20:00:00,0.5951948,34.177086
0002-03-05 21:00:00,0.5916005,34.177208
0002-03-05 22:00:00,0.5881324,34.177322
0002-03-05 23:00:00,0.5847818,34.177433
0002-03-06 00:00:00,0.581542,34.177536
0002-03-06 01:00:00,0.57840484,34.177635
0002-03-06 02:00:00,0.5753589,34.17773
0002-03-06 03:00:00,0.57239795,34.17782
0002-03-06 04:00:00,0.5695156,34.177906
0002-03-06 05:00:00,0.56670505,34.17799
0002-03-06 06:00:00,0.56395924,34.17807
0002-03-06 07:00:00,0.5612703,34.178146
0002-03-06 08:00:00,0.5586328,34.178223
0002-03-06 09:00:00,0.55603904,34.178295
0002-03-06 10:00:00,0.55349696,34.178364
0002-03-06 11:00:00,0.55072296,34.178444
0002-03-06 12:00:00,0.5478504,34.178528
0002-03-06 13:00:00,0.5451101,34.178604
0002-03-06 14:00:00,0.5424359,34.178677
0002-03-06 15:00:00,0.5398767,34.178745
0002-03-06 16:00:00,0.53746843,34.17881
0002-03-06 17:00:00,0.5352024,34.178867
0002-03-06 18:00:00,0.53300434,34.17892
0002-03-06 19:00:00,0.530902,34.17897
0002-03-06 20:00:00,0.5289555,34.179012
0002-03-06 21:00:00,0.52712816,34.17905
0002-03-06 22:00:00,0.525385,34.17908
0002-03-06 23:00:00,0.52370805,34.17911
0002-03-07 00:00:00,0.5220887,34.17914
0002-03-07 01:00:00,0.52052057,34.179165
0002-03-07 02:00:00,0.51899874,34.179188
0002-03-07 03:00:00,0.517519,34.17921
0002-03-07 04:00:00,0.5160775,34.17923
0002-03-07 05:00:00,0.5146707,34.17925
0002-03-07 06:00:00,0.5132952,34.179264
0002-03-07 07:00:00,0.5119471,34.17928
0002-03-07 08:00:00,0.51062334,34.179295
0002-03-07 09:00:00,0.50932086,34.17931
0002-03-07 10:00:00,0.5080364,34.179325
0002-03-07 11:00:00,0.50676674,34.17934
0002-03-07 12:00:00,0.5055088,34.17935
0002-03-07 13:00:00,0.504265,34.179363
0002-03-07 14:00:00,0.50304526,34.179375
0002-03-07 15:00:00,0.5018567,34.179386
0002-03-07 16:00:00,0.5006989,34.179398
0002-03-07 17:00:00,0.49957052,34.179405
0002-03-07 18:00:00,0.49846992,34.179413
0002-03-07 19:00:00,0.49740958,34.17942
0002-03-07 20:00:00,0.4964231,34.179424
0002-03-07 21:00:00,0.49551147,34.179424
0002-03-07 22:00:00,0.4946477,34.179424
0002-03-07 23:00:00,0.49382102,34.17942
0002-03-08 00:00:00,0.49302012,34.179417
0002-03-08 01:00:00,0.49224132,34.179413
0002-03-08 02:00:00,0.4914852,34.17941
0002-03-08 03:00:00,0.49075383,34.1794
0002-03-08 04:00:00,0.4900489,34.179394
0002-03-08 05:00:00,0.48937017,34.17939
0002-03-08 06:00:00,0.48871627,34.179382
0002-03-08 07:00:00,0.4880834,34.179375
0002-03-08 08:00:00,0.487468,34.179367
0002-03-08 09:00:00,0.48686677,34.17936
0002-03-08 10:00:00,0.48627692,34.17935
0002-03-08 11:00:00,0.48569605,34.179348
0002-03-08 12:00:00,0.4851218,34.17934
0002-03-08 13:00:00,0.48455766,34.179333
0002-03-08 14:00:00,0.4840051,34.179325
0002-03-08 15:00:00,0.4834624,34.17931
0002-03-08 16:00:00,0.4829283,34.1793
0002-03-08 17:00:00,0.48240295,34.179283
0002-03-08 18:00:00,0.48188898,34.179264
0002-03-08 19:00:00,0.4813879,34.179245
0002-03-08 20:00:00,0.48089844,34.179226
0002-03-08 21:00:00,0.48041812,34.179203
0002-03-08 22:00:00,0.47994506,34.17918
0002-03-08 23:00:00,0.47947872,34.179157
0002-03-09 00:00:00,0.47901812,34.17913
0002-03-09 01:00:00,0.4785663,34.179104
0002-03-09 02:00:00,0.4781183,34.179073
0002-03-09 03:00:00,0.47767675,34.17904
0002-03-09 04:00:00,0.47723523,34.179005
0002-03-09 05:00:00,0.476796,34.178967
0002-03-09 06:00:00,0.47635448,34.17893
0002-03-09 07:00:00,0.47590646,34.178883
0002-03-09 08:00:00,0.47544408,34.178837
0002-03-09 09:00:00,0.47496456,34.178783
0002-03-09 10:00:00,0.47445023,34.178726
0002-03-09 11:00:00,0.4738857,34.17866
0002-03-09 12:00:00,0.47324857,34.178585
0002-03-09 13:00:00,0.47265127,34.178505
0002-03-09 14:00:00,0.4722685,34.178432
0002-03-09 15:00:00,0.4720341,34.178375
0002-03-09 16:00:00,0.47191644,34.17832
0002-03-09 17:00:00,0.47185794,34.178276
0002-03-09 18:00:00,0.4718355,34.17823
0002-03-09 19:00:00,0.47183517,34.178192
0002-03-09 20:00:00,0.47184515,34.17815
0002-03-09 21:00:00,0.4718543,34.17811
0002-03-09 22:00:00,0.47186947,34.17807
0002-03-09 23:00:00,0.47187904,34.17803
0002-03-10 00:00:00,0.47188386,34.177986
0002-03-10 01:00:00,0.47187743,34.177944
0002-03-10 02:00:00,0.47186142,34.177902
0002-03-10 03:00:00,0.47182772,34.177856
0002-03-10 04:00:00,0.47177723,34.17781
0002-03-10 05:00:00,0.47168118,34.177757
0002-03-10 06:00:00,0.47160122,34.17771
0002-03-10 07:00:00,0.47150373,34.177658
0002-03-10 08:00:00,0.4713925,34.17761
0002-03-10 09:00:00,0.47125491,34.177555
0002-03-10 10:00:00,0.47111043,34.177498
0002-03-10 11:00:00,0.47095722,34.177444
0002-03-10 12:00:00,0.4707963,34.17739
0002-03-10 13:00:00,0.47063386,34.177322
0002-03-10 14:00:00,0.47049627,34.17723
0002-03-10 15:00:00,0.47038442,34.177128
0002-03-10 16:00:00,0.47029966,34.17701
0002-03-10 17:00:00,0.47024173,34.17688
0002-03-10 18:00:00,0.470219,34.17674
0002-03-10 19:00:00,0.470228,34.17659
0002-03-10 20:00:00,0.4702694,34.17643
0002-03-10 21:00:00,0.4703426,34.176258
0002-03-10 22:00:00,0.4704516,34.176075
0002-03-10 23:00:00,0.4705977,34.175877
0002-03-11 00:00:00,0.4707805,34.175663
0002-03-11 01:00:00,0.47100034,34.17545
0002-03-11 02:00:00,0.4712573,34.175213
0002-03-11 03:00:00,0.47155288,34.174965
0002-03-11 04:00:00,0.47188798,34.174706
0002-03-11 05:00:00,0.47225386,34.174442
0002-03-11 06:00:00,0.47265947,34.174164
0002-03-11 07:00:00,0.47310504,34.173866
0002-03-11 08:00:00,0.4735807,34.173565
0002-03-11 09:00:00,0.47408903,34.17326
0002-03-11 10:00:00,0.47462672,34.172947
0002-03-11 11:00:00,0.47519377,34.17263
0002-03-11 12:00:00,0.47579092,34.172306
0002-03-11 13:00:00,0.4763254,34.172
0002-03-11 14:00:00,0.4767579,34.171715
0002-03-11 15:00:00,0.47712252,34.17145
0002-03-11 16:00:00,0.47743505,34.171204
0002-03-11 17:00:00,0.47770688,34.170963
0002-03-11 18:00:00,0.47793275,34.170742
0002-03-11 19:00:00,0.4781255,34.170525
0002-03-11 20:00:00,0.47828057,34.17032
0002-03-11 21:00:00,0.47840065,34.170124
0002-03-11 22:00:00,0.4784859,34.169937
0002-03-11 23:00:00,0.478537,34.16976
0002-03-12 00:00:00,0.47855303,34.1696
0002-03-12 01:00:00,0.4785366,34.169453
0002-03-12 02:00:00,0.4784939,34.169308
0002-03-12 03:00:00,0.47842142,34.169163
0002-03-12 04:00:00,0.47832137,34.169033
0002-03-12 05:00:00,0.4781917,34.16891
0002-03-12 06:00:00,0.47803274,34.168797
0002-03-12 07:00:00,0.47784516,34.168694
0002-03-12 08:00:00,0.47762945,34.1686
0002-03-12 09:00:00,0.477385,34.168507
0002-03-12 10:00:00,0.47711888,34.168434
0002-03-12 11:00:00,0.4768227,34.16836
0002-03-12 12:00:00,0.47650084,34.168297
0002-03-12 13:00:00,0.47615176,34.168232
0002-03-12 14:00:00,0.47576866,34.168156
0002-03-12 15:00:00,0.47535488,34.16807
0002-03-12 16:00:00,0.4749039,34.167984
0002-03-12 17:00:00,0.4744162,34.167896
0002-03-12 18:00:00,0.47388482,34.16781
0002-03-12 19:00:00,0.4733285,34.16773
0002-03-12 20:00:00,0.47273085,34.16765
0002-03-12 21:00:00,0.4720999,34.167572
0002-03-12 22:00:00,0.47142592,34.1675
0002-03-12 23:00:00,0.47072634,34.16743
0002-03-13 00:00:00,0.47002593,34.167374
0002-03-13 01:00:00,0.46935254,34.167328
0002-03-13 02:00:00,0.46872914,34.167294
0002-03-13 03:00:00,0.46817085,34.167274
0002-03-13 04:00:00,0.46768788,34.167274
0002-03-13 05:00:00,0.46722645,34.16728
0002-03-13 06:00:00,0.46678653,34.16729
0002-03-13 07:00:00,0.4663074,34.1673
0002-03-13 08:00:00,0.46584892,34.16732
0002-03-13 09:00:00,0.4654106,34.167343
0002-03-13 10:00:00,0.46490848,34.16737
0002-03-13 11:00:00,0.4643689,34.1674
0002-03-13 12:00:00,0.46380547,34.16744
0002-03-13 13:00:00,0.46318996,34.167477
0002-03-13 14:00:00,0.4625268,34.16751
0002-03-13 15:00:00,0.46185768,34.16754
0002-03-13 16:00:00,0.46119112,34.167576
0002-03-13 17:00:00,0.46053118,34.167606
0002-03-13 18:00:00,0.45987952,34.16764
0002-03-13 19:00:00,0.45924062,34.16767
0002-03-13 20:00:00,0.45862222,34.1677
0002-03-13 21:00:00,0.45800054,34.16773
0002-03-13 22:00:00,0.45735377,34.16775
0002-03-13 23:00:00,0.45668408,34.167774
0002-03-14 00:00:00,0.45600325,34.167797
0002-03-14 01:00:00,0.45531702,34.16782
0002-03-14 02:00:00,0.45462888,34.167843
0002-03-14 03:00:00,0.45394066,34.16787
0002-03-14 04:00:00,0.4532533,34.167892
0002-03-14 05:00:00,0.45256737,34.16792
0002-03-14 06:00:00,0.45188317,34.16795
0002-03-14 07:00:00,0.45120087,34.16798
0002-03-14 08:00:00,0.45052052,34.16801
0002-03-14 09:00:00,0.4498431,34.16805
0002-03-14 10:00:00,0.44916987,34.168087
0002-03-14 11:00:00,0.4485023,34.16813
0002-03-14 12:00:00,0.4478422,34.168175
0002-03-14 13:00:00,0.44714823,34.168224
0002-03-14 14:00:00,0.446397,34.168266
0002-03-14 15:00:00,0.4456474,34.168312
0002-03-14 16:00:00,0.4448756,34.16835
0002-03-14 17:00:00,0.44408956,34.168385
0002-03-14 18:00:00,0.44327775,34.16841
0002-03-14 19:00:00,0.4424298,34.168434
0002-03-14 20:00:00,0.44155076,34.168453
0002-03-14 21:00:00,0.44064558,34.168472
0002-03-14 22:00:00,0.43971592,34.168488
0002-03-14 23:00:00,0.43876106,34.1685
0002-03-15 00:00:00,0.43777856,34.168514
0002-03-15 01:00:00,0.43676516,34.168526
0002-03-15 02:00:00,0.43571723,34.168537
0002-03-15 03:00:00,0.43463203,34.16855
0002-03-15 04:00:00,0.43350995,34.168556
0002-03-15 05:00:00,0.43235555,34.168568
0002-03-15 06:00:00,0.43120298,34.168575
0002-03-15 07:00:00,0.43010277,34.168587
0002-03-15 08:00:00,0.42913118,34.1686
0002-03-15 09:00:00,0.4283499,34.16861
0002-03-15 10:00:00,0.42775646,34.168625
0002-03-15 11:00:00,0.42729163,34.168644
0002-03-15 12:00:00,0.42688996,34.168663
0002-03-15 13:00:00,0.4262956,34.168682
0002-03-15 14:00:00,0.4254831,34.168697
0002-03-15 15:00:00,0.424673,34.168713
0002-03-15 16:00:00,0.4239516,34.168728
0002-03-15 17:00:00,0.42332956,34.168747
0002-03-15 18:00:00,0.42276973,34.168766
0002-03-15 19:00:00,0.4222254,34.168785
0002-03-15 20:00:00,0.42166206,34.168808
0002-03-15 21:00:00,0.4210634,34.168827
0002-03-15 22:00:00,0.42042223,34.16885
0002-03-15 23:00:00,0.41973588,34.168873
0002-03-16 00:00:00,0.41900754,34.1689
0002-03-16 01:00:00,0.41824156,34.168926
0002-03-16 02:00:00,0.4174415,34.168957
0002-03-16 03:00:00,0.41661152,34.168987
0002-03-16 04:00:00,0.41575047,34.169025
0002-03-16 05:00:00,0.4148624,34.169067
0002-03-16 06:00:00,0.41394883,34.169113
0002-03-16 07:00:00,0.41300958,34.169167
0002-03-16 08:00:00,0.4120379,34.169235
0002-03-16 09:00:00,0.4110491,34.169304
0002-03-16 10:00:00,0.41004795,34.169373
0002-03-16 11:00:00,0.40898803,34.169434
0002-03-16 12:00:00,0.4078576,34.16949
0002-03-16 13:00:00,0.4066682,34.16954
0002-03-16 14:00:00,0.40545756,34.16959
0002-03-16 15:00:00,0.4042636,34.169636
0002-03-16 16:00:00,0.4030921,34.169678
0002-03-16 17:00:00,0.40194502,34.16972
0002-03-16 18:00:00,0.40082276,34.169758
0002-03-16 19:00:00,0.399725,34.169792
0002-03-16 20:00:00,0.3986511,34.169827
0002-03-16 21:00:00,0.3976003,34.169857
0002-03-16 22:00:00,0.3965717,34.169884
0002-03-16 23:00:00,0.39556465,34.169914
0002-03-17 00:00:00,0.39457878,34.16994
0002-03-17 01:00:00,0.39361385,34.169964
0002-03-17 02:00:00,0.39266992,34.169987
0002-03-17 03:00:00,0.3917472,34.17001
0002-03-17 04:00:00,0.39084613,34.170033
0002-03-17 05:00:00,0.3899673,34.170055
0002-03-17 06:00:00,0.3891113,34.170074
0002-03-17 07:00:00,0.38827875,34.170094
0002-03-17 08:00:00,0.38746986,34.170113
0002-03-17 09:00:00,0.3866851,34.17013
0002-03-17 10:00:00,0.3859245,34.17015
0002-03-17 11:00:00,0.38518754,34.17017
0002-03-17 12:00:00,0.38447326,34.17019
0002-03-17 13:00:00,0.383781,34.170208
0002-03-17 14:00:00,0.38310367,34.170227
0002-03-17 15:00:00,0.38243487,34.170242
0002-03-17 16:00:00,0.3817724,34.170258
0002-03-17 17:00:00,0.38111538,34.170277
0002-03-17 18:00:00,0.3804635,34.17029
0002-03-17 19:00:00,0.37981603,34.17031
0002-03-17 20:00:00,0.37917197,34.17033
0002-03-17 21:00:00,0.37853038,34.170345
0002-03-17 22:00:00,0.37789035,34.170364
0002-03-17 23:00:00,0.37725082,34.170383
0002-03-18 00:00:00,0.3766107,34.170403
0002-03-18 01:00:00,0.37596878,34.170425
0002-03-18 02:00:00,0.37532392,34.170444
0002-03-18 03:00:00,0.37467507,34.170467
0002-03-18 04:00:00,0.37402004,34.17049
0002-03-18 05:00:00,0.3733561,34.170513
0002-03-18 06:00:00,0.37268028,34.17054
0002-03-18 07:00:00,0.37198928,34.17057
0002-03-18 08:00:00,0.37128264,34.1706
0002-03-18 09:00:00,0.37055448,34.170635
0002-03-18 10:00:00,0.3697457,34.17068
0002-03-18 11:00:00,0.36893523,34.170723
0002-03-18 12:00:00,0.36808026,34.170773
0002-03-18 13:00:00,0.36723045,34.170815
0002-03-18 14:00:00,0.36636972,34.170845
0002-03-18 15:00:00,0.36553612,34.170868
0002-03-18 16:00:00,0.36471394,34.170887
0002-03-18 17:00:00,0.3639014,34.170895
0002-03-18 18:00:00,0.36310574,34.170895
0002-03-18 19:00:00,0.36232153,34.17089
0002-03-18 20:00:00,0.36154526,34.17088
0002-03-18 21:00:00,0.36077535,34.170868
0002-03-18 22:00:00,0.36001098,34.17085
0002-03-18 23:00:00,0.35925177,34.170826
0002-03-19 00:00:00,0.3584975,34.1708
0002-03-19 01:00:00,0.3577481,34.17077
0002-03-19 02:00:00,0.35700345,34.170734
0002-03-19 03:00:00,0.35626358,34.1707
0002-03-19 04:00:00,0.35552844,34.17066
0002-03-19 05:00:00,0.35479808,34.170612
0002-03-19 06:00:00,0.3540724,34.170563
0002-03-19 07:00:00,0.35335124,34.17051
0002-03-19 08:00:00,0.35263443,34.170452
0002-03-19 09:00:00,0.35192177,34.17039
0002-03-19 10:00:00,0.351213,34.170326
0002-03-19 11:00:00,0.350508,34.170258
0002-03-19 12:00:00,0.34980652,34.170185
0002-03-19 13:00:00,0.3491278,34.1701
0002-03-19 14:00:00,0.34848636,34.17001
0002-03-19 15:00:00,0.34787366,34.169907
0002-03-19 16:00:00,0.347283,34.169796
0002-03-19 17:00:00,0.34671226,34.16968
0002-03-19 18:00:00,0.34613678,34.169548
0002-03-19 19:00:00,0.3455904,34.16941
0002-03-19 20:00:00,0.34506735,34.169266
0002-03-19 21:00:00,0.34455305,34.169113
0002-03-19 22:00:00,0.34406117,34.16895
0002-03-19 23:00:00,0.3435897,34.168777
0002-03-20 00:00:00,0.34313288,34.168594
0002-03-20 01:00:00,0.3426915,34.1684
0002-03-20 02:00:00,0.3422627,34.168194
0002-03-20 03:00:00,0.34183294,34.167965
0002-03-20 04:00:00,0.34144402,34.167736
0002-03-20 05:00:00,0.34104335,34.167477
0002-03-20 06:00:00,0.3406361,34.1672
0002-03-20 07:00:00,0.34027013,34.166916
0002-03-20 08:00:00,0.33988878,34.166603
0002-03-20 09:00:00,0.33953518,34.16628
0002-03-20 10:00:00,0.33916822,34.165928
0002-03-20 11:00:00,0.33882064,34.16556
0002-03-20 12:00:00,0.33851674,34.1652
0002-03-20 13:00:00,0.33821195,34.16481
0002-03-20 14:00:00,0.33790815,34.164406
0002-03-20 15:00:00,0.33760878,34.16398
0002-03-20 16:00:00,0.33730933,34.16353
0002-03-20 17:00:00,0.336988,34.163025
0002-03-20 18:00:00,0.33667216,34.162495
0002-03-20 19:00:00,0.3363801,34.161957
0002-03-20 20:00:00,0.33608994,34.16138
0002-03-20 21:00:00,0.33580983,34.160778
0002-03-20 22:00:00,0.33551675,34.16012
0002-03-20 23:00:00,0.33525392,34.159447
0002-03-21 00:00:00,0.33493656,34.158646
0002-03-21 01:00:00,0.3346391,34.157814
0002-03-21 02:00:00,0.33436045,34.156948
0002-03-21 03:00:00,0.33411273,34.156063
0002-03-21 04:00:00,0.3338998,34.155163
0002-03-21 05:00:00,0.33368918,34.15419
0002-03-21 06:00:00,0.33349758,34.153164
0002-03-21 07:00:00,0.33329427,34.15201
0002-03-21 08:00:00,0.33307454,34.150696
0002-03-21 09:00:00,0.33285695,34.14923
0002-03-21 10:00:00,0.3326923,34.147762
0002-03-21 11:00:00,0.3325815,34.14629
0002-03-21 12:00:00,0.33250672,34.144753
0002-03-21 13:00:00,0.33243334,34.143215
0002-03-21 14:00:00,0.3323338,34.141747
0002-03-21 15:00:00,0.33221576,34.140335
0002-03-21 16:00:00,0.33208326,34.138973
0002-03-21 17:00:00,0.33194202,34.13768
0002-03-21 18:00:00,0.3317932,34.136448
0002-03-21 19:00:00,0.33163995,34.13528
0002-03-21 20:00:00,0.33148286,34.134174
0002-03-21 21:00:00,0.33131996,34.133114
0002-03-21 22:00:00,0.33115295,34.1321
0002-03-21 23:00:00,0.3309799,34.13111
0002-03-22 00:00:00,0.3308041,34.13016
0002-03-22 01:00:00,0.33063206,34.12926
0002-03-22 02:00:00,0.33047205,34.12843
0002-03-22 03:00:00,0.3302638,34.12749
0002-03-22 04:00:00,0.33002126,34.1265
0002-03-22 05:00:00,0.3297638,34.125515
0002-03-22 06:00:00,0.3294972,34.124554
0002-03-22 07:00:00,0.329223,34.123623
0002-03-22 08:00:00,0.32894155,34.12272
0002-03-22 09:00:00,0.32865423,34.121845
0002-03-22 10:00:00,0.32836083,34.121002
0002-03-22 11:00:00,0.32806283,34.120193
0002-03-22 12:00:00,0.32776007,34.11941
0002-03-22 13:00:00,0.32747665,34.11878
0002-03-22 14:00:00,0.327234,34.11839
0002-03-22 15:00:00,0.32704327,34.118263
0002-03-22 16:00:00,0.32693532,34.118473
0002-03-22 17:00:00,0.3269822,34.119164
0002-03-22 18:00:00,0.3271452,34.120125
0002-03-22 19:00:00,0.32712346,34.120617
0002-03-22 20:00:00,0.32702094,34.121006
0002-03-22 21:00:00,0.3269465,34.121548
0002-03-22 22:00:00,0.32694873,34.122353
0002-03-22 23:00:00,0.32703882,34.123386
0002-03-23 00:00:00,0.3271894,34.1245
0002-03-23 01:00:00,0.327184,34.12521
0002-03-23 02:00:00,0.3271238,34.125862
0002-03-23 03:00:00,0.32709622,34.126625
0002-03-23 04:00:00,0.32711902,34.12753
0002-03-23 05:00:00,0.32726234,34.128635
0002-03-23 06:00:00,0.32726702,34.1294
0002-03-23 07:00:00,0.3272255,34.130116
0002-03-23 08:00:00,0.32722786,34.130936
0002-03-23 09:00:00,0.32728323,34.13187
0002-03-23 10:00:00,0.32788357,34.13396
0002-03-23 11:00:00,0.32803217,34.135044
0002-03-23 12:00:00,0.32803562,34.13582
0002-03-23 13:00:00,0.3280206,34.136547
0002-03-23 14:00:00,0.32792845,34.13717
0002-03-23 15:00:00,0.32772556,34.137608
0002-03-23 16:00:00,0.32746348,34.137974
0002-03-23 17:00:00,0.32719433,34.138367
0002-03-23 18:00:00,0.32687542,34.138714
0002-03-23 19:00:00,0.32656544,34.13906
0002-03-23 20:00:00,0.3262386,34.139355
0002-03-23 21:00:00,0.3258219,34.139576
0002-03-23 22:00:00,0.32535365,34.139767
0002-03-23 23:00:00,0.32485506,34.139946
0002-03-24 00:00:00,0.32433343,34.140125
0002-03-24 01:00:00,0.32379168,34.1403
0002-03-24 02:00:00,0.32323113,34.14048
0002-03-24 03:00:00,0.3226665,34.14069
0002-03-24 04:00:00,0.3220668,34.140892
0002-03-24 05:00:00,0.32147175,34.1411
0002-03-24 06:00:00,0.32086772,34.141315
0002-03-24 07:00:00,0.3202602,34.14152
0002-03-24 08:00:00,0.31965673,34.14172
0002-03-24 09:00:00,0.31900844,34.14189
0002-03-24 10:00:00,0.31827825,34.14204
0002-03-24 11:00:00,0.3175118,34.14218
0002-03-24 12:00:00,0.316721,34.142326
0002-03-24 13:00:00,0.3159211,34.142467
0002-03-24 14:00:00,0.315121,34.142597
0002-03-24 15:00:00,0.31431687,34.142723
0002-03-24 16:00:00,0.31350744,34.14284
0002-03-24 17:00:00,0.31269246,34.142956
0002-03-24 18:00:00,0.31187177,34.143063
0002-03-24 19:00:00,0.31104538,34.14317
0002-03-24 20:00:00,0.31021327,34.14327
0002-03-24 21:00:00,0.3093758,34.14336
0002-03-24 22:00:00,0.3085341,34.14345
0002-03-24 23:00:00,0.30768585,34.14354
0002-03-25 00:00:00,0.3068315,34.143623
0002-03-25 01:00:00,0.30597115,34.143703
0002-03-25 02:00:00,0.30510476,34.14378
0002-03-25 03:00:00,0.30423248,34.143856
0002-03-25 04:00:00,0.30335394,34.143925
0002-03-25 05:00:00,0.30246934,34.143993
0002-03-25 06:00:00,0.30157852,34.144062
0002-03-25 07:00:00,0.3006815,34.144127
0002-03-25 08:00:00,0.2997782,34.144188
0002-03-25 09:00:00,0.29886907,34.144245
0002-03-25 10:00:00,0.29795417,34.144302
0002-03-25 11:00:00,0.29703256,34.14436
0002-03-25 12:00:00,0.29610488,34.144417
0002-03-25 13:00:00,0.2951656,34.14447
0002-03-25 14:00:00,0.2942125,34.14452
0002-03-25 15:00:00,0.29324841,34.144566
0002-03-25 16:00:00,0.29227358,34.144615
0002-03-25 17:00:00,0.29128775,34.144657
0002-03-25 18:00:00,0.29029047,34.1447
0002-03-25 19:00:00,0.28928104,34.14474
0002-03-25 20:00:00,0.288259,34.144775
0002-03-25 21:00:00,0.28722394,34.144814
0002-03-25 22:00:00,0.28617498,34.144848
0002-03-25 23:00:00,0.28511152,34.14488
0002-03-26 00:00:00,0.2840337,34.14491
0002-03-26 01:00:00,0.28294063,34.14494
0002-03-26 02:00:00,0.2818317,34.144966
0002-03-26 03:00:00,0.2807065,34.144993
0002-03-26 04:00:00,0.27956504,34.14502
0002-03-26 05:00:00,0.27840754,34.145042
0002-03-26 06:00:00,0.27723458,34.145065
0002-03-26 07:00:00,0.27604732,34.14509
0002-03-26 08:00:00,0.27484828,34.14511
0002-03-26 09:00:00,0.27364382,34.14513
0002-03-26 10:00:00,0.27243865,34.145153
0002-03-26 11:00:00,0.27124,34.145176
0002-03-26 12:00:00,0.27005702,34.145195
0002-03-26 13:00:00,0.26886988,34.145218
0002-03-26 14:00:00,0.26765296,34.14524
0002-03-26 15:00:00,0.26641992,34.145264
0002-03-26 16:00:00,0.26517776,34.145287
0002-03-26 17:00:00,0.263937,34.14531
0002-03-26 18:00:00,0.26270998,34.145332
0002-03-26 19:00:00,0.2615086,34.145355
0002-03-26 20:00:00,0.26034218,34.145382
0002-03-26 21:00:00,0.25921547,34.145405
0002-03-26 22:00:00,0.2581283,34.14543
0002-03-26 23:00:00,0.25707605,34.14546
0002-03-27 00:00:00,0.25605193,34.145485
0002-03-27 01:00:00,0.25504977,34.145515
0002-03-27 02:00:00,0.25405708,34.145542
0002-03-27 03:00:00,0.25306764,34.145573
0002-03-27 04:00:00,0.2520763,34.145607
0002-03-27 05:00:00,0.251079,34.145638
0002-03-27 06:00:00,0.2500734,34.14567
0002-03-27 07:00:00,0.24905801,34.145702
0002-03-27 08:00:00,0.24803247,34.14574
0002-03-27 09:00:00,0.24699697,34.145775
0002-03-27 10:00:00,0.24595259,34.145813
0002-03-27 11:00:00,0.24490078,34.145855
0002-03-27 12:00:00,0.24384388,34.145897
0002-03-27 13:00:00,0.242746,34.145943
0002-03-27 14:00:00,0.24160758,34.14599
0002-03-27 15:00:00,0.24047452,34.146034
0002-03-27 16:00:00,0.23934557,34.14608
0002-03-27 17:00:00,0.23820336,34.146126
0002-03-27 18:00:00,0.23704125,34.14617
0002-03-27 19:00:00,0.23586889,34.14621
0002-03-27 20:00:00,0.23469332,34.14625
0002-03-27 21:00:00,0.23351881,34.14629
0002-03-27 22:00:00,0.23234783,34.146328
0002-03-27 23:00:00,0.23118173,34.146366
0002-03-28 00:00:00,0.23002128,34.146404
0002-03-28 01:00:00,0.22886692,34.146442
0002-03-28 02:00:00,0.22771886,34.146477
0002-03-28 03:00:00,0.22657722,34.14651
0002-03-28 04:00:00,0.22544202,34.14655
0002-03-28 05:00:00,0.22431317,34.146584
0002-03-28 06:00:00,0.22319043,34.146618
0002-03-28 07:00:00,0.22207312,34.146652
0002-03-28 08:00:00,0.22095837,34.146687
0002-03-28 09:00:00,0.21985203,34.14672
0002-03-28 10:00:00,0.218752,34.146755
0002-03-28 11:00:00,0.21765733,34.146786
0002-03-28 12:00:00,0.21656744,34.14682
0002-03-28 13:00:00,0.21548958,34.14685
0002-03-28 14:00:00,0.21442449,34.146885
0002-03-28 15:00:00,0.21336286,34.146915
0002-03-28 16:00:00,0.21230224,34.14695
0002-03-28 17:00:00,0.21124128,34.14698
0002-03-28 18:00:00,0.21017924,34.147015
0002-03-28 19:00:00,0.2091158,34.147045
0002-03-28 20:00:00,0.2080508,34.14708
0002-03-28 21:00:00,0.20698422,34.14711
0002-03-28 22:00:00,0.20591606,34.147144
0002-03-28 23:00:00,0.20484635,34.147175
0002-03-29 00:00:00,0.20377517,34.14721
0002-03-29 01:00:00,0.2027026,34.14724
0002-03-29 02:00:00,0.20162876,34.14727
0002-03-29 03:00:00,0.20055377,34.147305
0002-03-29 04:00:00,0.19947778,34.147335
0002-03-29 05:00:00,0.19840112,34.147366
0002-03-29 06:00:00,0.19732355,34.147396
0002-03-29 07:00:00,0.19624518,34.14743
0002-03-29 08:00:00,0.1951661,34.14746
0002-03-29 09:00:00,0.1940863,34.14749
0002-03-29 10:00:00,0.19300665,34.147522
0002-03-29 11:00:00,0.19192839,34.147556
0002-03-29 12:00:00,0.1908486,34.147587
0002-03-29 13:00:00,0.18980637,34.147617
0002-03-29 14:00:00,0.18891294,34.147648
0002-03-29 15:00:00,0.18818209,34.147682
0002-03-29 16:00:00,0.18756838,34.147717
0002-03-29 17:00:00,0.18701443,34.147747
0002-03-29 18:00:00,0.18647578,34.14778
0002-03-29 19:00:00,0.18592618,34.147816
0002-03-29 20:00:00,0.1853535,34.14785
0002-03-29 21:00:00,0.1847545,34.14789
0002-03-29 22:00:00,0.18412974,34.147923
0002-03-29 23:00:00,0.18348256,34.147957
0002-03-30 00:00:00,0.18281694,34.147995
0002-03-30 01:00:00,0.18213691,34.148033
0002-03-30 02:00:00,0.18144792,34.14807
0002-03-30 03:00:00,0.18075022,34.148113
0002-03-30 04:00:00,0.18004681,34.14816
0002-03-30 05:00:00,0.17933956,34.148205
0002-03-30 06:00:00,0.17863092,34.148254
0002-03-30 07:00:00,0.17792274,34.148308
0002-03-30 08:00:00,0.1772163,34.148365
0002-03-30 09:00:00,0.17651322,34.14843
0002-03-30 10:00:00,0.17581356,34.1485
0002-03-30 11:00:00,0.17511812,34.14857
0002-03-30 12:00:00,0.17442997,34.14865
0002-03-30 13:00:00,0.17373176,34.148735
0002-03-30 14:00:00,0.17302106,34.148857
0002-03-30 15:00:00,0.17232032,34.148964
0002-03-30 16:00:00,0.17162995,34.149063
0002-03-30 17:00:00,0.17094328,34.14916
0002-03-30 18:00:00,0.17029674,34.14925
0002-03-30 19:00:00,0.16962665,34.149334
0002-03-30 20:00:00,0.16893914,34.149414
0002-03-30 21:00:00,0.16823804,34.149487
0002-03-30 22:00:00,0.16753414,34.14956
0002-03-30 23:00:00,0.1668331,34.14963
0002-03-31 00:00:00,0.16613755,34.149704
0002-03-31 01:00:00,0.16544876,34.149776
0002-03-31 02:00:00,0.164767,34.14985
0002-03-31 03:00:00,0.1640922,34.149925
0002-03-31 04:00:00,0.1634241,34.15
0002-03-31 05:00:00,0.16276239,34.150078
0002-03-31 06:00:00,0.16210662,34.150158
0002-03-31 07:00:00,0.16145623,34.150238
0002-03-31 08:00:00,0.16081062,34.150322
0002-03-31 09:00:00,0.160169,34.150406
0002-03-31 10:00:00,0.15953055,34.150494
0002-03-31 11:00:00,0.15889494,34.15058
0002-03-31 12:00:00,0.15826117,34.150673
0002-03-31 13:00:00,0.15761174,34.150764
0002-03-31 14:00:00,0.15694806,34.15085
0002-03-31 15:00:00,0.15629002,34.15093
0002-03-31 16:00:00,0.15564093,34.151005
0002-03-31 17:00:00,0.15500146,34.151077
0002-03-31 18:00:00,0.15437129,34.151142
0002-03-31 19:00:00,0.15374953,34.151207
0002-03-31 20:00:00,0.15313481,34.151268
0002-03-31 21:00:00,0.15252551,34.151325
0002-03-31 22:00:00,0.15191972,34.151382
0002-03-31 23:00:00,0.15131533,34.15144
0002-04-01 00:00:00,0.1507102,34.151493
0002-04-01 01:00:00,0.15010244,34.15155
0002-04-01 02:00:00,0.14949138,34.151608
0002-04-01 03:00:00,0.14887351,34.151665
0002-04-01 04:00:00,0.14824736,34.151722
0002-04-01 05:00:00,0.14759783,34.15179
0002-04-01 06:00:00,0.14694361,34.151855
0002-04-01 07:00:00,0.14627759,34.15192
0002-04-01 08:00:00,0.14561097,34.15199
0002-04-01 09:00:00,0.14494148,34.152058
0002-04-01 10:00:00,0.1442587,34.152126
0002-04-01 11:00:00,0.14356656,34.152187
0002-04-01 12:00:00,0.14286055,34.15225
0002-04-01 13:00:00,0.14211875,34.15231
0002-04-01 14:00:00,0.1413439,34.152367
0002-04-01 15:00:00,0.14056337,34.152424
0002-04-01 16:00:00,0.13978265,34.152477
0002-04-01 17:00:00,0.13900335,34.152527
0002-04-01 18:00:00,0.13822578,34.152576
0002-04-01 19:00:00,0.13744967,34.152622
0002-04-01 20:00:00,0.13667423,34.152664
0002-04-01 21:00:00,0.13589881,34.152706
0002-04-01 22:00:00,0.13512272,34.152744
0002-04-01 23:00:00,0.13434497,34.15278
0002-04-02 00:00:00,0.13356456,34.152813
0002-04-02 01:00:00,0.13278055,34.152847
0002-04-02 02:00:00,0.13199207,34.152878
0002-04-02 03:00:00,0.13119839,34.15291
0002-04-02 04:00:00,0.13039891,34.15294
0002-04-02 05:00:00,0.12959312,34.152966
0002-04-02 06:00:00,0.12878045,34.152992
0002-04-02 07:00:00,0.12796053,34.15302
0002-04-02 08:00:00,0.1271329,34.153046
0002-04-02 09:00:00,0.12629701,34.15307
0002-04-02 10:00:00,0.12545227,34.15309
0002-04-02 11:00:00,0.12459825,34.15312
0002-04-02 12:00:00,0.12373463,34.15314
0002-04-02 13:00:00,0.122911826,34.153156
0002-04-02 14:00:00,0.12215715,34.15316
0002-04-02 15:00:00,0.12144127,34.153152
0002-04-02 16:00:00,0.12075533,34.15314
0002-04-02 17:00:00,0.12009852,34.15312
0002-04-02 18:00:00,0.11946924,34.153088
0002-04-02 19:00:00,0.1188645,34.15305
0002-04-02 20:00:00,0.11827984,34.153004
0002-04-02 21:00:00,0.11771573,34.152946
0002-04-02 22:00:00,0.117168866,34.15288
0002-04-02 23:00:00,0.11664076,34.15281
0002-04-03 00:00:00,0.116128534,34.152725
0002-04-03 01:00:00,0.11562745,34.15263
0002-04-03 02:00:00,0.11512964,34.152523
0002-04-03 03:00:00,0.11462233,34.152397
0002-04-03 04:00:00,0.11409384,34.152252
0002-04-03 05:00:00,0.11351213,34.152077
0002-04-03 06:00:00,0.11282188,34.151855
0002-04-03 07:00:00,0.11194178,34.15156
0002-04-03 08:00:00,0.11084243,34.151173
0002-04-03 09:00:00,0.10952523,34.150665
0002-04-03 10:00:00,0.10819847,34.15009
0002-04-03 11:00:00,0.10700531,34.149487
0002-04-03 12:00:00,0.10605851,34.148903
0002-04-03 13:00:00,0.10510362,34.148357
0002-04-03 14:00:00,0.10407527,34.147915
0002-04-03 15:00:00,0.10331672,34.147675
0002-04-03 16:00:00,0.10323165,34.14776
0002-04-03 17:00:00,0.10305016,34.147835
0002-04-03 18:00:00,0.10327592,34.148075
0002-04-03 19:00:00,0.10357097,34.14835
0002-04-03 20:00:00,0.10368116,34.14856
0002-04-03 21:00:00,0.10365051,34.148727
0002-04-03 22:00:00,0.10368436,34.14891
0002-04-03 23:00:00,0.103673816,34.149086
0002-04-04 00:00:00,0.10379721,34.149292
0002-04-04 01:00:00,0.103914335,34.149494
0002-04-04 02:00:00,0.1039784,34.149677
0002-04-04 03:00:00,0.103868805,34.149822
0002-04-04 04:00:00,0.10372373,34.14995
0002-04-04 05:00:00,0.103436336,34.15005
0002-04-04 06:00:00,0.10306978,34.15014
0002-04-04 07:00:00,0.1026138,34.15022
0002-04-04 08:00:00,0.10208048,34.15029
0002-04-04 09:00:00,0.101410665,34.150368
0002-04-04 10:00:00,0.10067227,34.150444
0002-04-04 11:00:00,0.09987933,34.150524
0002-04-04 12:00:00,0.09902275,34.1506
0002-04-04 13:00:00,0.09798765,34.15066
0002-04-04 14:00:00,0.09686294,34.15071
0002-04-04 15:00:00,0.095702186,34.150757
0002-04-04 16:00:00,0.09452098,34.1508
0002-04-04 17:00:00,0.09332586,34.15084
0002-04-04 18:00:00,0.09211918,34.15088
0002-04-04 19:00:00,0.09090156,34.150917
0002-04-04 20:00:00,0.08967298,34.15095
0002-04-04 21:00:00,0.088433236,34.15099
0002-04-04 22:00:00,0.08718204,34.151024
0002-04-04 23:00:00,0.085919395,34.151062
0002-04-05 00:00:00,0.08464551,34.1511
0002-04-05 01:00:00,0.083360866,34.151134
0002-04-05 02:00:00,0.08206627,34.151173
0002-04-05 03:00:00,0.08076251,34.151215
0002-04-05 04:00:00,0.07945049,34.151253
0002-04-05 05:00:00,0.078130886,34.151295
0002-04-05 06:00:00,0.07680387,34.151337
0002-04-05 07:00:00,0.07546986,34.151382
0002-04-05 08:00:00,0.0741292,34.15143
0002-04-05 09:00:00,0.07278233,34.151478
0002-04-05 10:00:00,0.07142992,34.151527
0002-04-05 11:00:00,0.07007339,34.15158
0002-04-05 12:00:00,0.06871621,34.151634
0002-04-05 13:00:00,0.067329,34.15169
0002-04-05 14:00:00,0.06588495,34.15174
0002-04-05 15:00:00,0.06440499,34.151787
0002-04-05 16:00:00,0.06290211,34.15183
0002-04-05 17:00:00,0.061382584,34.15187
0002-04-05 18:00:00,0.059849117,34.15191
0002-04-05 19:00:00,0.05830256,34.151947
0002-04-05 20:00:00,0.056742366,34.151985
0002-04-05 21:00:00,0.055167392,34.15202
0002-04-05 22:00:00,0.053575687,34.152054
0002-04-05 23:00:00,0.051962253,34.15209
0002-04-06 00:00:00,0.050330754,34.15212
0002-04-06 01:00:00,0.048676826,34.152153
0002-04-06 02:00:00,0.04699673,34.152184
0002-04-06 03:00:00,0.045286786,34.152214
0002-04-06 04:00:00,0.0435437,34.152245
0002-04-06 05:00:00,0.041764382,34.152275
0002-04-06 06:00:00,0.039946377,34.152306
0002-04-06 07:00:00,0.0380888,34.152336
0002-04-06 08:00:00,0.036193382,34.152367
0002-04-06 09:00:00,0.03426936,34.152393
0002-04-06 10:00:00,0.032342937,34.152424
0002-04-06 11:00:00,0.030447822,34.152454
0002-04-06 12:00:00,0.028650364,34.152485
0002-04-06 13:00:00,0.027208833,34.15251
0002-04-06 14:00:00,0.026172908,34.15254
0002-04-06 15:00:00,0.025310993,34.152565
0002-04-06 16:00:00,0.024498919,34.152588
0002-04-06 17:00:00,0.023678651,34.15261
0002-04-06 18:00:00,0.02282509,34.152634
0002-04-06 19:00:00,0.021930592,34.152657
0002-04-06 20:00:00,0.020995496,34.152676
0002-04-06 21:00:00,0.020024376,34.152695
0002-04-06 22:00:00,0.019025078,34.15271
0002-04-06 23:00:00,0.017994978,34.152725
0002-04-07 00:00:00,0.016939986,34.15274
0002-04-07 01:00:00,0.01586429,34.152756
0002-04-07 02:00:00,0.014771053,34.15277
0002-04-07 03:00:00,0.013662796,34.152782
0002-04-07 04:00:00,0.012541412,34.152794
0002-04-07 05:00:00,0.0114083495,34.152805
0002-04-07 06:00:00,0.010264934,34.15282
0002-04-07 07:00:00,0.009112155,34.152832
0002-04-07 08:00:00,0.007950611,34.152843
0002-04-07 09:00:00,0.0067808046,34.15286
0002-04-07 10:00:00,0.0056033153,34.152874
0002-04-07 11:00:00,0.0044184946,34.15289
0002-04-07 12:00:00,0.0032265587,34.152905
0002-04-07 13:00:00,0.0020219523,34.152912
0002-04-07 14:00:00,0.0008223086,34.152912
0002-04-07 15:00:00,-0.0003520763,34.1529
0002-04-07 16:00:00,-0.0014999948,34.152885
0002-04-07 17:00:00,-0.0026232246,34.152866
0002-04-07 18:00:00,-0.0037249522,34.152843
0002-04-07 19:00:00,-0.0048088185,34.152817
0002-04-07 20:00:00,-0.005878174,34.15279
0002-04-07 21:00:00,-0.0069371457,34.15276
0002-04-07 22:00:00,-0.007989092,34.15273
0002-04-07 23:00:00,-0.009037683,34.152702
0002-04-08 00:00:00,-0.010085191,34.15267
0002-04-08 01:00:00,-0.011134393,34.152645
0002-04-08 02:00:00,-0.012188124,34.15262
0002-04-08 03:00:00,-0.01324828,34.152596
0002-04-08 04:00:00,-0.014402788,34.152603
0002-04-08 05:00:00,-0.015519685,34.152603
0002-04-08 06:00:00,-0.016647961,34.152596
0002-04-08 07:00:00,-0.01775874,34.152596
0002-04-08 08:00:00,-0.01886048,34.152596
0002-04-08 09:00:00,-0.019929642,34.152596
0002-04-08 10:00:00,-0.021056395,34.152573
0002-04-08 11:00:00,-0.022212496,34.152546
0002-04-08 12:00:00,-0.023394987,34.15252
0002-04-08 13:00:00,-0.024606839,34.152493
0002-04-08 14:00:00,-0.025816284,34.152462
0002-04-08 15:00:00,-0.02698551,34.152428
0002-04-08 16:00:00,-0.028109154,34.152386
0002-04-08 17:00:00,-0.029186627,34.15234
0002-04-08 18:00:00,-0.030219436,34.15229
0002-04-08 19:00:00,-0.031211408,34.152233
0002-04-08 20:00:00,-0.032164585,34.15217
0002-04-08 21:00:00,-0.03307976,34.152103
0002-04-08 22:00:00,-0.033959255,34.152035
0002-04-08 23:00:00,-0.03480476,34.15196
0002-04-09 00:00:00,-0.035618134,34.151882
0002-04-09 01:00:00,-0.03640132,34.1518
0002-04-09 02:00:00,-0.037156176,34.151714
0002-04-09 03:00:00,-0.037884396,34.15163
0002-04-09 04:00:00,-0.03858754,34.15154
0002-04-09 05:00:00,-0.0392671,34.151447
0002-04-09 06:00:00,-0.03992455,34.151356
0002-04-09 07:00:00,-0.04056059,34.15126
0002-04-09 08:00:00,-0.041176144,34.15116
0002-04-09 09:00:00,-0.041775305,34.151062
0002-04-09 10:00:00,-0.042362284,34.15096
0002-04-09 11:00:00,-0.04293888,34.15086
0002-04-09 12:00:00,-0.04353287,34.15075
0002-04-09 13:00:00,-0.044134874,34.150654
0002-04-09 14:00:00,-0.0447813,34.150578
0002-04-09 15:00:00,-0.045463365,34.15051
0002-04-09 16:00:00,-0.046175323,34.150444
0002-04-09 17:00:00,-0.04691443,34.15039
0002-04-09 18:00:00,-0.04767963,34.15034
0002-04-09 19:00:00,-0.048469074,34.15029
0002-04-09 20:00:00,-0.049282018,34.150253
0002-04-09 21:00:00,-0.050116397,34.150215
0002-04-09 22:00:00,-0.050943024,34.15019
0002-04-09 23:00:00,-0.05182225,34.150166
0002-04-10 00:00:00,-0.05273138,34.15014
0002-04-10 01:00:00,-0.053662926,34.15012
0002-04-10 02:00:00,-0.054619826,34.1501
0002-04-10 03:00:00,-0.05560155,34.15009
0002-04-10 04:00:00,-0.056609113,34.150078
0002-04-10 05:00:00,-0.057642322,34.15007
0002-04-10 06:00:00,-0.058702294,34.150066
0002-04-10 07:00:00,-0.05979136,34.150066
0002-04-10 08:00:00,-0.06091159,34.150074
0002-04-10 09:00:00,-0.062062044,34.15008
0002-04-10 10:00:00,-0.063242346,34.150093
0002-04-10 11:00:00,-0.06445221,34.15011
0002-04-10 12:00:00,-0.065691404,34.150127
0002-04-10 13:00:00,-0.0669428,34.150146
0002-04-10 14:00:00,-0.06818563,34.150154
0002-04-10 15:00:00,-0.06941664,34.15016
0002-04-10 16:00:00,-0.07063795,34.150166
0002-04-10 17:00:00,-0.071850516,34.15017
0002-04-10 18:00:00,-0.07305538,34.15017
0002-04-10 19:00:00,-0.07425372,34.15017
0002-04-10 20:00:00,-0.07544688,34.150166
0002-04-10 21:00:00,-0.076636426,34.15016
0002-04-10 22:00:00,-0.07782429,34.150154
0002-04-10 23:00:00,-0.07901278,34.15015
0002-04-11 00:00:00,-0.08020434,34.15014
0002-04-11 01:00:00,-0.08140185,34.15013
0002-04-11 02:00:00,-0.08260823,34.15012
0002-04-11 03:00:00,-0.08383032,34.150105
0002-04-11 04:00:00,-0.0850713,34.15009
0002-04-11 05:00:00,-0.08633565,34.15007
0002-04-11 06:00:00,-0.087631956,34.150047
0002-04-11 07:00:00,-0.088965885,34.150024
0002-04-11 08:00:00,-0.09035062,34.149998
0002-04-11 09:00:00,-0.09180013,34.149967
0002-04-11 10:00:00,-0.09332781,34.149933
0002-04-11 11:00:00,-0.0949354,34.149895
0002-04-11 12:00:00,-0.09657949,34.149857
0002-04-11 13:00:00,-0.097876675,34.149822
0002-04-11 14:00:00,-0.098740034,34.149784
0002-04-11 15:00:00,-0.09937957,34.149742
0002-04-11 16:00:00,-0.0998622,34.149704
0002-04-11 17:00:00,-0.10024011,34.149666
0002-04-11 18:00:00,-0.10056137,34.149628
0002-04-11 19:00:00,-0.10086513,34.14959
0002-04-11 20:00:00,-0.10117782,34.149548
0002-04-11 21:00:00,-0.10151418,34.1495
0002-04-11 22:00:00,-0.101879455,34.149452
0002-04-11 23:00:00,-0.10225288,34.1494
0002-04-12 00:00:00,-0.10264368,34.149345
0002-04-12 01:00:00,-0.103042044,34.149292
0002-04-12 02:00:00,-0.10344378,34.14923
0002-04-12 03:00:00,-0.10384576,34.149174
0002-04-12 04:00:00,-0.10424585,34.149113
0002-04-12 05:00:00,-0.10464283,34.14905
0002-04-12 06:00:00,-0.105088115,34.148983
0002-04-12 07:00:00,-0.10547182,34.14892
0002-04-12 08:00:00,-0.105853386,34.14885
0002-04-12 09:00:00,-0.106229976,34.14878
0002-04-12 10:00:00,-0.10660169,34.148712
0002-04-12 11:00:00,-0.10696671,34.14864
0002-04-12 12:00:00,-0.10732543,34.148567
0002-04-12 13:00:00,-0.10772995,34.148495
0002-04-12 14:00:00,-0.108196,34.148422
0002-04-12 15:00:00,-0.10868364,34.14835
0002-04-12 16:00:00,-0.10918333,34.148277
0002-04-12 17:00:00,-0.1096884,34.148205
0002-04-12 18:00:00,-0.1101957,34.148132
0002-04-12 19:00:00,-0.11070376,34.14806
0002-04-12 20:00:00,-0.11121212,34.14799
0002-04-12 21:00:00,-0.11171952,34.14792
0002-04-12 22:00:00,-0.112225495,34.147846
0002-04-12 23:00:00,-0.112730585,34.147774
0002-04-13 00:00:00,-0.11323464,34.147705
0002-04-13 01:00:00,-0.11373726,34.147633
0002-04-13 02:00:00,-0.114238046,34.14756
0002-04-13 03:00:00,-0.11473903,34.14749
0002-04-13 04:00:00,-0.11523777,34.14742
0002-04-13 05:00:00,-0.11573393,34.147346
0002-04-13 06:00:00,-0.11622764,34.147278
0002-04-13 07:00:00,-0.11672433,34.147205
0002-04-13 08:00:00,-0.1172252,34.147133
0002-04-13 09:00:00,-0.11773722,34.147057
0002-04-13 10:00:00,-0.11825353,34.14698
0002-04-13 11:00:00,-0.11876925,34.146904
0002-04-13 12:00:00,-0.119285546,34.146828
0002-04-13 13:00:00,-0.1197425,34.14676
0002-04-13 14:00:00,-0.12020731,34.146687
0002-04-13 15:00:00,-0.12066768,34.146614
0002-04-13 16:00:00,-0.12110438,34.146545
0002-04-13 17:00:00,-0.12154044,34.146473
0002-04-13 18:00:00,-0.12196478,34.146404
0002-04-13 19:00:00,-0.122389115,34.14633
0002-04-13 20:00:00,-0.122798584,34.146263
0002-04-13 21:00:00,-0.12321207,34.146194
0002-04-13 22:00:00,-0.123610854,34.146126
0002-04-13 23:00:00,-0.12401536,34.146057
0002-04-14 00:00:00,-0.12440722,34.14599
0002-04-14 01:00:00,-0.12480556,34.14592
0002-04-14 02:00:00,-0.12519194,34.14585
0002-04-14 03:00:00,-0.12558669,34.145782
0002-04-14 04:00:00,-0.12596692,34.145714
0002-04-14 05:00:00,-0.12635669,34.145645
0002-04-14 06:00:00,-0.12673181,34.145576
0002-04-14 07:00:00,-0.12711626,34.145508
0002-04-14 08:00:00,-0.12748614,34.14544
0002-04-14 09:00:00,-0.12786649,34.14537
0002-04-14 10:00:00,-0.12823023,34.145306
0002-04-14 11:00:00,-0.12860692,34.145233
0002-04-14 12:00:00,-0.12896502,34.14517
0002-04-14 13:00:00,-0.12934095,34.145103
0002-04-14 14:00:00,-0.12970132,34.14505
0002-04-14 15:00:00,-0.13007912,34.145
0002-04-14 16:00:00,-0.13045317,34.14496
0002-04-14 17:00:00,-0.13086402,34.14491
0002-04-14 18:00:00,-0.13125747,34.144867
0002-04-14 19:00:00,-0.13165091,34.14483
0002-04-14 20:00:00,-0.1320519,34.14479
0002-04-14 21:00:00,-0.13246416,34.144756
0002-04-14 22:00:00,-0.13289037,34.144722
0002-04-14 23:00:00,-0.13334304,34.144688
0002-04-15 00:00:00,-0.13377988,34.144657
0002-04-15 01:00:00,-0.13424374,34.144627
0002-04-15 02:00:00,-0.13471714,34.144596
0002-04-15 03:00:00,-0.13519223,34.144573
0002-04-15 04:00:00,-0.13569345,34.144547
0002-04-15 05:00:00,-0.13620153,34.144524
0002-04-15 06:00:00,-0.13671915,34.144505
0002-04-15 07:00:00,-0.13724905,34.144485
0002-04-15 08:00:00,-0.13778916,34.14447
0002-04-15 09:00:00,-0.13833855,34.144463
0002-04-15 10:00:00,-0.13889682,34.144455
0002-04-15 11:00:00,-0.13946328,34.14445
0002-04-15 12:00:00,-0.14003699,34.144455
0002-04-15 13:00:00,-0.14067253,34.144455
0002-04-15 14:00:00,-0.14136493,34.14446
0002-04-15 15:00:00,-0.14208816,34.144466
0002-04-15 16:00:00,-0.14283879,34.144474
0002-04-15 17:00:00,-0.1436146,34.14448
0002-04-15 18:00:00,-0.1444114,34.14449
0002-04-15 19:00:00,-0.14521971,34.1445
0002-04-15 20:00:00,-0.14604306,34.14451
0002-04-15 21:00:00,-0.14690953,34.144516
0002-04-15 22:00:00,-0.14779979,34.144524
0002-04-15 23:00:00,-0.1487131,34.144535
0002-04-16 00:00:00,-0.14965138,34.144543
0002-04-16 01:00:00,-0.15061842,34.14455
0002-04-16 02:00:00,-0.151613,34.14456
0002-04-16 03:00:00,-0.1526336,34.144573
0002-04-16 04:00:00,-0.15367922,34.14459
0002-04-16 05:00:00,-0.15474923,34.144604
0002-04-16 06:00:00,-0.15584324,34.14462
0002-04-16 07:00:00,-0.15696108,34.144638
0002-04-16 08:00:00,-0.15810263,34.14466
0002-04-16 09:00:00,-0.15926793,34.144684
0002-04-16 10:00:00,-0.16045703,34.14471
0002-04-16 11:00:00,-0.16166998,34.144737
0002-04-16 12:00:00,-0.16290693,34.144768
0002-04-16 13:00:00,-0.16422409,34.144794
0002-04-16 14:00:00,-0.16565433,34.144814
0002-04-16 15:00:00,-0.16716868,34.144833
0002-04-16 16:00:00,-0.16878109,34.14485
0002-04-16 17:00:00,-0.17051525,34.144867
0002-04-16 18:00:00,-0.1723829,34.14488
0002-04-16 19:00:00,-0.17431597,34.144894
0002-04-16 20:00:00,-0.1760276,34.14491
0002-04-16 21:00:00,-0.17713998,34.144928
0002-04-16 22:00:00,-0.17773275,34.144955
0002-04-16 23:00:00,-0.17812414,34.144985
0002-04-17 00:00:00,-0.17851251,34.145016
0002-04-17 01:00:00,-0.17897011,34.145046
0002-04-17 02:00:00,-0.17952451,34.14508
0002-04-17 03:00:00,-0.18016966,34.14511
0002-04-17 04:00:00,-0.18089299,34.145145
0002-04-17 05:00:00,-0.18168195,34.145184
0002-04-17 06:00:00,-0.1825249,34.14522
0002-04-17 07:00:00,-0.18341275,34.145264
0002-04-17 08:00:00,-0.18433815,34.14531
0002-04-17 09:00:00,-0.18529525,34.145363
0002-04-17 10:00:00,-0.18627933,34.145424
0002-04-17 11:00:00,-0.18728681,34.14549
0002-04-17 12:00:00,-0.18831496,34.145565
0002-04-17 13:00:00,-0.18937624,34.14565
0002-04-17 14:00:00,-0.19046995,34.14574
0002-04-17 15:00:00,-0.19158056,34.145844
0002-04-17 16:00:00,-0.19273572,34.145977
0002-04-17 17:00:00,-0.19387409,34.14611
0002-04-17 18:00:00,-0.19504224,34.146244
0002-04-17 19:00:00,-0.19617583,34.14638
0002-04-17 20:00:00,-0.19731829,34.146507
0002-04-17 21:00:00,-0.19856809,34.14663
0002-04-17 22:00:00,-0.19986556,34.146748
0002-04-17 23:00:00,-0.20119865,34.146873
0002-04-18 00:00:00,-0.2025617,34.147003
0002-04-18 01:00:00,-0.20395306,34.147144
0002-04-18 02:00:00,-0.205372,34.147293
0002-04-18 03:00:00,-0.20681772,34.14745
0002-04-18 04:00:00,-0.20828989,34.147614
0002-04-18 05:00:00,-0.2099716,34.147854
0002-04-18 06:00:00,-0.2115884,34.14807
0002-04-18 07:00:00,-0.21325046,34.148293
0002-04-18 08:00:00,-0.21490338,34.14852
0002-04-18 09:00:00,-0.21655981,34.14875
0002-04-18 10:00:00,-0.2181628,34.148968
0002-04-18 11:00:00,-0.2198457,34.14917
0002-04-18 12:00:00,-0.22157489,34.14936
0002-04-18 13:00:00,-0.22334656,34.149548
0002-04-18 14:00:00,-0.22511785,34.149715
0002-04-18 15:00:00,-0.22684215,34.14987
0002-04-18 16:00:00,-0.22851808,34.15001
0002-04-18 17:00:00,-0.2301484,34.150135
0002-04-18 18:00:00,-0.23173805,34.150246
0002-04-18 19:00:00,-0.23329207,34.150345
0002-04-18 20:00:00,-0.23481609,34.150433
0002-04-18 21:00:00,-0.23631713,34.15051
0002-04-18 22:00:00,-0.23780061,34.15058
0002-04-18 23:00:00,-0.23927113,34.150642
0002-04-19 00:00:00,-0.2407337,34.1507
0002-04-19 01:00:00,-0.24219285,34.15075
0002-04-19 02:00:00,-0.2436523,34.150795
0002-04-19 03:00:00,-0.24511442,34.150833
0002-04-19 04:00:00,-0.24657941,34.15087
0002-04-19 05:00:00,-0.248044,34.150906
0002-04-19 06:00:00,-0.24950032,34.15094
0002-04-19 07:00:00,-0.25093618,34.15097
0002-04-19 08:00:00,-0.25233036,34.151
0002-04-19 09:00:00,-0.25366372,34.15103
0002-04-19 10:00:00,-0.25492358,34.151062
0002-04-19 11:00:00,-0.2561096,34.151093
0002-04-19 12:00:00,-0.25723532,34.151127
0002-04-19 13:00:00,-0.25839,34.15116
0002-04-19 14:00:00,-0.25962174,34.15119
0002-04-19 15:00:00,-0.26087537,34.151226
0002-04-19 16:00:00,-0.26213998,34.15126
0002-04-19 17:00:00,-0.26340872,34.151295
0002-04-19 18:00:00,-0.26467735,34.151325
0002-04-19 19:00:00,-0.26594314,34.15136
0002-04-19 20:00:00,-0.2672044,34.15139
0002-04-19 21:00:00,-0.26846004,34.15142
0002-04-19 22:00:00,-0.26970947,34.15145
0002-04-19 23:00:00,-0.27095243,34.15148
0002-04-20 00:00:00,-0.27218884,34.151512
0002-04-20 01:00:00,-0.2734187,34.151543
0002-04-20 02:00:00,-0.2746419,34.151573
0002-04-20 03:00:00,-0.2758584,34.151604
0002-04-20 04:00:00,-0.27706805,34.151634
0002-04-20 05:00:00,-0.2782707,34.151665
0002-04-20 06:00:00,-0.2794658,34.151695
0002-04-20 07:00:00,-0.28065187,34.151722
0002-04-20 08:00:00,-0.28182933,34.151752
0002-04-20 09:00:00,-0.28299817,34.151783
0002-04-20 10:00:00,-0.28415844,34.15181
0002-04-20 11:00:00,-0.28531018,34.15184
0002-04-20 12:00:00,-0.28645357,34.15187
0002-04-20 13:00:00,-0.2876132,34.151897
0002-04-20 14:00:00,-0.2888001,34.151928
0002-04-20 15:00:00,-0.28999823,34.15196
0002-04-20 16:00:00,-0.291203,34.151985
0002-04-20 17:00:00,-0.29241252,34.15201
0002-04-20 18:00:00,-0.29362547,34.152042
0002-04-20 19:00:00,-0.29484096,34.15207
0002-04-20 20:00:00,-0.29605845,34.152096
0002-04-20 21:00:00,-0.29727763,34.152126
0002-04-20 22:00:00,-0.29849842,34.152153
0002-04-20 23:00:00,-0.299721,34.15218
0002-04-21 00:00:00,-0.30094564,34.152206
0002-04-21 01:00:00,-0.30217293,34.152233
0002-04-21 02:00:00,-0.30340105,34.15226
0002-04-21 03:00:00,-0.30463114,34.152287
0002-04-21 04:00:00,-0.3058637,34.152313
0002-04-21 05:00:00,-0.30709898,34.15234
0002-04-21 06:00:00,-0.3083375,34.152367
0002-04-21 07:00:00,-0.30957946,34.15239
0002-04-21 08:00:00,-0.31082496,34.152416
0002-04-21 09:00:00,-0.3120742,34.152443
0002-04-21 10:00:00,-0.31332752,34.15247
0002-04-21 11:00:00,-0.3145852,34.152496
0002-04-21 12:00:00,-0.31584772,34.15252
0002-04-21 13:00:00,-0.31703383,34.152546
0002-04-21 14:00:00,-0.31811073,34.152573
0002-04-21 15:00:00,-0.31914154,34.1526
0002-04-21 16:00:00,-0.3201452,34.152626
0002-04-21 17:00:00,-0.32113144,34.152653
0002-04-21 18:00:00,-0.3221058,34.15268
0002-04-21 19:00:00,-0.32307136,34.152706
0002-04-21 20:00:00,-0.32402986,34.152733
0002-04-21 21:00:00,-0.32498223,34.15276
0002-04-21 22:00:00,-0.32592884,34.152782
0002-04-21 23:00:00,-0.32686988,34.15281
0002-04-22 00:00:00,-0.3278054,34.152836
0002-04-22 01:00:00,-0.3287355,34.152863
0002-04-22 02:00:00,-0.32966027,34.15289
0002-04-22 03:00:00,-0.33057952,34.152912
0002-04-22 04:00:00,-0.3314933,34.15294
0002-04-22 05:00:00,-0.33240166,34.152966
0002-04-22 06:00:00,-0.33330375,34.152992
0002-04-22 07:00:00,-0.33419964,34.153015
0002-04-22 08:00:00,-0.3350903,34.15304
0002-04-22 09:00:00,-0.3359757,34.15307
0002-04-22 10:00:00,-0.33685568,34.15309
0002-04-22 11:00:00,-0.33773014,34.15312
0002-04-22 12:00:00,-0.33859897,34.15314
0002-04-22 13:00:00,-0.33936366,34.153168
0002-04-22 14:00:00,-0.3400093,34.15319
0002-04-22 15:00:00,-0.34062952,34.153217
0002-04-22 16:00:00,-0.34124953,34.153244
0002-04-22 17:00:00,-0.3418784,34.153267
0002-04-22 18:00:00,-0.3425199,34.153297
0002-04-22 19:00:00,-0.3431735,34.153324
0002-04-22 20:00:00,-0.3438382,34.153355
0002-04-22 21:00:00,-0.34451243,34.153385
0002-04-22 22:00:00,-0.3451947,34.15342
0002-04-22 23:00:00,-0.3458834,34.153458
0002-04-23 00:00:00,-0.34657753,34.153496
0002-04-23 01:00:00,-0.3472763,34.15354
0002-04-23 02:00:00,-0.3479794,34.153587
0002-04-23 03:00:00,-0.34868675,34.153637
0002-04-23 04:00:00,-0.3493984,34.15369
0002-04-23 05:00:00,-0.35011446,34.153748
0002-04-23 06:00:00,-0.35083604,34.153812
0002-04-23 07:00:00,-0.35156476,34.15388
0002-04-23 08:00:00,-0.35230124,34.153957
0002-04-23 09:00:00,-0.3530476,34.15404
0002-04-23 10:00:00,-0.3538062,34.154133
0002-04-23 11:00:00,-0.3547834,34.154305
0002-04-23 12:00:00,-0.35567302,34.154446
0002-04-23 13:00:00,-0.35657296,34.15457
0002-04-23 14:00:00,-0.35752136,34.15469
0002-04-23 15:00:00,-0.35848352,34.1548
0002-04-23 16:00:00,-0.359445,34.154907
0002-04-23 17:00:00,-0.36038333,34.155
0002-04-23 18:00:00,-0.36131015,34.155083
0002-04-23 19:00:00,-0.36225125,34.155155
0002-04-23 20:00:00,-0.36319867,34.15522
0002-04-23 21:00:00,-0.36415225,34.155285
0002-04-23 22:00:00,-0.3651126,34.155342
0002-04-23 23:00:00,-0.36608028,34.155396
0002-04-24 00:00:00,-0.36705565,34.15545
0002-04-24 01:00:00,-0.3680392,34.155502
0002-04-24 02:00:00,-0.36903137,34.155552
0002-04-24 03:00:00,-0.3700326,34.155598
0002-04-24 04:00:00,-0.37104335,34.155647
0002-04-24 05:00:00,-0.372064,34.15569
0002-04-24 06:00:00,-0.373095,34.155735
0002-04-24 07:00:00,-0.37413684,34.155773
0002-04-24 08:00:00,-0.37519008,34.155815
0002-04-24 09:00:00,-0.37625536,34.155853
0002-04-24 10:00:00,-0.37733328,34.15589
0002-04-24 11:00:00,-0.3784247,34.15593
0002-04-24 12:00:00,-0.3795304,34.155964
0002-04-24 13:00:00,-0.3806274,34.156
0002-04-24 14:00:00,-0.38170487,34.15603
0002-04-24 15:00:00,-0.38277912,34.156063
0002-04-24 16:00:00,-0.38385463,34.15609
0002-04-24 17:00:00,-0.38493338,34.15612
0002-04-24 18:00:00,-0.38601676,34.156147
0002-04-24 19:00:00,-0.38710552,34.156174
0002-04-24 20:00:00,-0.3881986,34.1562
0002-04-24 21:00:00,-0.38929743,34.156223
0002-04-24 22:00:00,-0.39040315,34.15625
0002-04-24 23:00:00,-0.39151633,34.156273
0002-04-25 00:00:00,-0.3926354,34.156296
0002-04-25 01:00:00,-0.39376205,34.156315
0002-04-25 02:00:00,-0.3948971,34.156338
0002-04-25 03:00:00,-0.39604107,34.156357
0002-04-25 04:00:00,-0.39719445,34.156376
0002-04-25 05:00:00,-0.3983576,34.156395
0002-04-25 06:00:00,-0.39953068,34.156414
0002-04-25 07:00:00,-0.40071362,34.156433
0002-04-25 08:00:00,-0.40190592,34.156452
0002-04-25 09:00:00,-0.4031068,34.156467
0002-04-25 10:00:00,-0.40431514,34.156487
0002-04-25 11:00:00,-0.4055301,34.1565
0002-04-25 12:00:00,-0.40674913,34.156517
0002-04-25 13:00:00,-0.4079237,34.156536
0002-04-25 14:00:00,-0.40904543,34.156555
0002-04-25 15:00:00,-0.41014808,34.156578
0002-04-25 16:00:00,-0.41123846,34.156597
0002-04-25 17:00:00,-0.41232035,34.15662
0002-04-25 18:00:00,-0.41339695,34.156643
0002-04-25 19:00:00,-0.414471,34.156666
0002-04-25 20:00:00,-0.41554478,34.156693
0002-04-25 21:00:00,-0.41662005,34.156715
0002-04-25 22:00:00,-0.41769797,34.156742
0002-04-25 23:00:00,-0.41877934,34.156765
0002-04-26 00:00:00,-0.4198646,34.15679
0002-04-26 01:00:00,-0.42095393,34.15682
0002-04-26 02:00:00,-0.42204735,34.156845
0002-04-26 03:00:00,-0.4231449,34.15687
0002-04-26 04:00:00,-0.42424655,34.1569
0002-04-26 05:00:00,-0.42535228,34.156925
0002-04-26 06:00:00,-0.4264621,34.15695
0002-04-26 07:00:00,-0.42757615,34.15698
0002-04-26 08:00:00,-0.4286944,34.15701
0002-04-26 09:00:00,-0.42981696,34.157036
0002-04-26 10:00:00,-0.43094382,34.157066
0002-04-26 11:00:00,-0.432075,34.157093
0002-04-26 12:00:00,-0.43321046,34.157124
0002-04-26 13:00:00,-0.43437675,34.157154
0002-04-26 14:00:00,-0.43556088,34.15718
0002-04-26 15:00:00,-0.4367225,34.157207
0002-04-26 16:00:00,-0.43784523,34.157234
0002-04-26 17:00:00,-0.43892252,34.15726
0002-04-26 18:00:00,-0.43995255,34.15729
0002-04-26 19:00:00,-0.44093746,34.15732
0002-04-26 20:00:00,-0.44188324,34.157345
0002-04-26 21:00:00,-0.44279832,34.157375
0002-04-26 22:00:00,-0.44369164,34.157402
0002-04-26 23:00:00,-0.44457138,34.157433
0002-04-27 00:00:00,-0.44544458,34.157463
0002-04-27 01:00:00,-0.44631672,34.15749
0002-04-27 02:00:00,-0.44719192,34.15752
0002-04-27 03:00:00,-0.4480733,34.15755
0002-04-27 04:00:00,-0.44896132,34.15758
0002-04-27 05:00:00,-0.44985542,34.15761
0002-04-27 06:00:00,-0.45075983,34.157646
0002-04-27 07:00:00,-0.45167622,34.157677
0002-04-27 08:00:00,-0.45260388,34.15771
0002-04-27 09:00:00,-0.45354214,34.157745
0002-04-27 10:00:00,-0.45449054,34.15778
0002-04-27 11:00:00,-0.45544875,34.157814
0002-04-27 12:00:00,-0.4564164,34.157852
0002-04-27 13:00:00,-0.45740002,34.15789
0002-04-27 14:00:00,-0.45839277,34.15793
0002-04-27 15:00:00,-0.45938107,34.157967
0002-04-27 16:00:00,-0.4603626,34.158005
0002-04-27 17:00:00,-0.46133634,34.158043
0002-04-27 18:00:00,-0.46230176,34.15808
0002-04-27 19:00:00,-0.4632587,34.15812
0002-04-27 20:00:00,-0.46420717,34.158157
0002-04-27 21:00:00,-0.46514717,34.1582
0002-04-27 22:00:00,-0.46607882,34.158237
0002-04-27 23:00:00,-0.46700218,34.15828
0002-04-28 00:00:00,-0.4679174,34.158318
0002-04-28 01:00:00,-0.46882436,34.15836
0002-04-28 02:00:00,-0.46972302,34.1584
0002-04-28 03:00:00,-0.47061348,34.15844
0002-04-28 04:00:00,-0.4714958,34.15848
0002-04-28 05:00:00,-0.47236994,34.158527
0002-04-28 06:00:00,-0.47323596,34.15857
0002-04-28 07:00:00,-0.47409388,34.15861
0002-04-28 08:00:00,-0.47494376,34.158657
0002-04-28 09:00:00,-0.47578567,34.1587
0002-04-28 10:00:00,-0.47661972,34.158745
0002-04-28 11:00:00,-0.47744605,34.15879
0002-04-28 12:00:00,-0.47826487,34.158836
0002-04-28 13:00:00,-0.47907293,34.158886
0002-04-28 14:00:00,-0.47988033,34.15893
0002-04-28 15:00:00,-0.48069996,34.15898
0002-04-28 16:00:00,-0.48153454,34.15904
0002-04-28 17:00:00,-0.48238638,34.159096
0002-04-28 18:00:00,-0.4832566,34.15916
0002-04-28 19:00:00,-0.48414755,34.159233
0002-04-28 20:00:00,-0.48506156,34.15931
0002-04-28 21:00:00,-0.48600116,34.159397
0002-04-28 22:00:00,-0.4870463,34.159515
0002-04-28 23:00:00,-0.48813677,34.159653
0002-04-29 00:00:00,-0.48920244,34.15978
0002-04-29 01:00:00,-0.49026486,34.1599
0002-04-29 02:00:00,-0.49131498,34.160023
0002-04-29 03:00:00,-0.4923334,34.160145
0002-04-29 04:00:00,-0.49337417,34.16025
0002-04-29 05:00:00,-0.49444646,34.160355
0002-04-29 06:00:00,-0.49554434,34.160454
0002-04-29 07:00:00,-0.4966703,34.160564
0002-04-29 08:00:00,-0.4978246,34.160675
0002-04-29 09:00:00,-0.4990085,34.160793
0002-04-29 10:00:00,-0.50022346,34.16092
0002-04-29 11:00:00,-0.5014709,34.161057
0002-04-29 12:00:00,-0.5027505,34.161198
0002-04-29 13:00:00,-0.5040442,34.161327
0002-04-29 14:00:00,-0.50529283,34.161427
0002-04-29 15:00:00,-0.5064543,34.161495
0002-04-29 16:00:00,-0.50754327,34.161533
0002-04-29 17:00:00,-0.5085853,34.161552
0002-04-29 18:00:00,-0.5096101,34.16155
0002-04-29 19:00:00,-0.51065546,34.16153
0002-04-29 20:00:00,-0.5117746,34.161488
0002-04-29 21:00:00,-0.51306045,34.16143
0002-04-29 22:00:00,-0.51467115,34.16134
0002-04-29 23:00:00,-0.51648736,34.161236
0002-04-30 00:00:00,-0.5170133,34.161213
0002-04-30 01:00:00,-0.51690274,34.16124
0002-04-30 02:00:00,-0.51684546,34.161278
0002-04-30 03:00:00,-0.5170375,34.161312
0002-04-30 04:00:00,-0.51732373,34.161354
0002-04-30 05:00:00,-0.51778597,34.1614
0002-04-30 06:00:00,-0.51843375,34.16145
0002-04-30 07:00:00,-0.5192366,34.16152
0002-04-30 08:00:00,-0.5201994,34.161613
0002-04-30 09:00:00,-0.5213253,34.16174
0002-04-30 10:00:00,-0.52287424,34.161953
0002-04-30 11:00:00,-0.5245353,34.162216
0002-04-30 12:00:00,-0.526417,34.16253
0002-04-30 13:00:00,-0.52840847,34.162853
0002-04-30 14:00:00,-0.53028905,34.163143
0002-04-30 15:00:00,-0.53211856,34.163387
0002-04-30 16:00:00,-0.5339119,34.163612
0002-04-30 17:00:00,-0.5356875,34.163826
0002-04-30 18:00:00,-0.53745115,34.16404
0002-04-30 19:00:00,-0.53920484,34.16425
0002-04-30 20:00:00,-0.5409502,34.164455
0002-04-30 21:00:00,-0.5426891,34.16466
0002-04-30 22:00:00,-0.54442036,34.164867
0002-04-30 23:00:00,-0.5461469,34.16507
0002-05-01 00:00:00,-0.5478664,34.16527
0002-05-01 01:00:00,-0.54977703,34.165516
0002-05-01 02:00:00,-0.55177736,34.16578
0002-05-01 03:00:00,-0.55404395,34.1661
0002-05-01 04:00:00,-0.5560941,34.166378
0002-05-01 05:00:00,-0.5580457,34.166626
0002-05-01 06:00:00,-0.5599417,34.166866
0002-05-01 07:00:00,-0.5617918,34.1671
0002-05-01 08:00:00,-0.56360584,34.167328
0002-05-01 09:00:00,-0.56527317,34.16753
0002-05-01 10:00:00,-0.56688195,34.1677
0002-05-01 11:00:00,-0.5684468,34.167862
0002-05-01 12:00:00,-0.56999445,34.168015
0002-05-01 13:00:00,-0.57151407,34.16816
0002-05-01 14:00:00,-0.5729784,34.16829
0002-05-01 15:00:00,-0.5743775,34.168407
0002-05-01 16:00:00,-0.57571465,34.168514
0002-05-01 17:00:00,-0.5769945,34.16861
0002-05-01 18:00:00,-0.5782223,34.168694
0002-05-01 19:00:00,-0.57940364,34.16877
0002-05-01 20:00:00,-0.58054537,34.168835
0002-05-01 21:00:00,-0.5816543,34.168896
0002-05-01 22:00:00,-0.5827353,34.16895
0002-05-01 23:00:00,-0.58379436,34.169
0002-05-02 00:00:00,-0.584838,34.16904
0002-05-02 01:00:00,-0.5858733,34.16908
0002-05-02 02:00:00,-0.58690846,34.169113
0002-05-02 03:00:00,-0.58794713,34.169144
0002-05-02 04:00:00,-0.5890006,34.16917
0002-05-02 05:00:00,-0.5900854,34.16919
0002-05-02 06:00:00,-0.59121674,34.16921
0002-05-02 07:00:00,-0.59241396,34.169224
0002-05-02 08:00:00,-0.5936865,34.169235
0002-05-02 09:00:00,-0.5949881,34.169247
0002-05-02 10:00:00,-0.5961117,34.16926
0002-05-02 11:00:00,-0.5967953,34.16927
0002-05-02 12:00:00,-0.5971061,34.169285
0002-05-02 13:00:00,-0.59748,34.1693
0002-05-02 14:00:00,-0.5980572,34.16931
0002-05-02 15:00:00,-0.59867775,34.169323
0002-05-02 16:00:00,-0.5992986,34.169334
0002-05-02 17:00:00,-0.59989727,34.169346
0002-05-02 18:00:00,-0.6004632,34.169357
0002-05-02 19:00:00,-0.60099167,34.169365
0002-05-02 20:00:00,-0.6014857,34.169376
0002-05-02 21:00:00,-0.60195243,34.169384
0002-05-02 22:00:00,-0.6023985,34.16939
0002-05-02 23:00:00,-0.60282975,34.169403
0002-05-03 00:00:00,-0.6032507,34.169415
0002-05-03 01:00:00,-0.6036646,34.169422
0002-05-03 02:00:00,-0.6040735,34.169434
0002-05-03 03:00:00,-0.60447866,34.169445
0002-05-03 04:00:00,-0.60488075,34.169456
0002-05-03 05:00:00,-0.6052803,34.169468
0002-05-03 06:00:00,-0.6056776,34.16948
0002-05-03 07:00:00,-0.6060731,34.169495
0002-05-03 08:00:00,-0.60646725,34.169506
0002-05-03 09:00:00,-0.6068604,34.16952
0002-05-03 10:00:00,-0.60725296,34.169537
0002-05-03 11:00:00,-0.6076452,34.16955
0002-05-03 12:00:00,-0.6080372,34.16957
0002-05-03 13:00:00,-0.60843784,34.169575
0002-05-03 14:00:00,-0.60884434,34.16956
0002-05-03 15:00:00,-0.60924405,34.16953
0002-05-03 16:00:00,-0.6096325,34.169495
0002-05-03 17:00:00,-0.6100065,34.16945
0002-05-03 18:00:00,-0.6103653,34.169395
0002-05-03 19:00:00,-0.6107102,34.169334
0002-05-03 20:00:00,-0.6110391,34.169266
0002-05-03 21:00:00,-0.6113546,34.169193
0002-05-03 22:00:00,-0.611676,34.169106
0002-05-03 23:00:00,-0.61196727,34.169018
0002-05-04 00:00:00,-0.6122368,34.16892
0002-05-04 01:00:00,-0.61249125,34.16882
0002-05-04 02:00:00,-0.61273146,34.16871
0002-05-04 03:00:00,-0.6129577,34.168594
0002-05-04 04:00:00,-0.6131701,34.168472
0002-05-04 05:00:00,-0.6133682,34.168343
0002-05-04 06:00:00,-0.61355203,34.16821
0002-05-04 07:00:00,-0.6137218,34.168068
0002-05-04 08:00:00,-0.6138777,34.16792
0002-05-04 09:00:00,-0.61401975,34.167767
0002-05-04 10:00:00,-0.61414737,34.16761
0002-05-04 11:00:00,-0.61426216,34.167442
0002-05-04 12:00:00,-0.6143636,34.16727
0002-05-04 13:00:00,-0.6145207,34.167107
0002-05-04 14:00:00,-0.6147678,34.166965
0002-05-04 15:00:00,-0.6150591,34.16684
0002-05-04 16:00:00,-0.6153844,34.166718
0002-05-04 17:00:00,-0.6157404,34.166603
0002-05-04 18:00:00,-0.616125,34.166496
0002-05-04 19:00:00,-0.6165385,34.166393
0002-05-04 20:00:00,-0.6169936,34.166294
0002-05-04 21:00:00,-0.6174714,34.1662
0002-05-04 22:00:00,-0.61798996,34.16611
0002-05-04 23:00:00,-0.6185488,34.166027
0002-05-05 00:00:00,-0.61914766,34.16595
0002-05-05 01:00:00,-0.6198097,34.16588
0002-05-05 02:00:00,-0.62050825,34.165813
0002-05-05 03:00:00,-0.6212488,34.16576
0002-05-05 04:00:00,-0.622094,34.16571
0002-05-05 05:00:00,-0.62295794,34.165676
0002-05-05 06:00:00,-0.6239217,34.16565
0002-05-05 07:00:00,-0.6249105,34.165638
0002-05-05 08:00:00,-0.62586844,34.16565
0002-05-05 09:00:00,-0.62682,34.16568
0002-05-05 10:00:00,-0.6276799,34.16573
0002-05-05 11:00:00,-0.62843657,34.165794
0002-05-05 12:00:00,-0.6290662,34.16588
0002-05-05 13:00:00,-0.629715,34.165955
0002-05-05 14:00:00,-0.63047844,34.166004
0002-05-05 15:00:00,-0.6313401,34.16605
0002-05-05 16:00:00,-0.63226056,34.16609
0002-05-05 17:00:00,-0.6332963,34.166122
0002-05-05 18:00:00,-0.634482,34.166153
0002-05-05 19:00:00,-0.6358145,34.166183
0002-05-05 20:00:00,-0.6372927,34.16621
0002-05-05 21:00:00,-0.63882893,34.166237
0002-05-05 22:00:00,-0.640128,34.16626
0002-05-05 23:00:00,-0.6408683,34.16628
0002-05-06 00:00:00,-0.6410973,34.166294
0002-05-06 01:00:00,-0.6410739,34.166313
0002-05-06 02:00:00,-0.64100164,34.166332
0002-05-06 03:00:00,-0.64097846,34.16635
0002-05-06 04:00:00,-0.6410404,34.16637
0002-05-06 05:00:00,-0.64119387,34.16639
0002-05-06 06:00:00,-0.6414271,34.16641
0002-05-06 07:00:00,-0.6417251,34.16643
0002-05-06 08:00:00,-0.64207107,34.16645
0002-05-06 09:00:00,-0.6424585,34.166473
0002-05-06 10:00:00,-0.6429056,34.166492
0002-05-06 11:00:00,-0.6434215,34.166515
0002-05-06 12:00:00,-0.64399844,34.166534
0002-05-06 13:00:00,-0.6447339,34.16655
0002-05-06 14:00:00,-0.6456373,34.16657
0002-05-06 15:00:00,-0.6466003,34.166584
0002-05-06 16:00:00,-0.64758325,34.166603
0002-05-06 17:00:00,-0.64855766,34.16662
0002-05-06 18:00:00,-0.6495014,34.16663
0002-05-06 19:00:00,-0.65039843,34.166645
0002-05-06 20:00:00,-0.6512406,34.16666
0002-05-06 21:00:00,-0.6520285,34.166676
0002-05-06 22:00:00,-0.6527701,34.16669
0002-05-06 23:00:00,-0.6534773,34.166706
0002-05-07 00:00:00,-0.65416306,34.166725
0002-05-07 01:00:00,-0.65483886,34.16674
0002-05-07 02:00:00,-0.65551394,34.16676
0002-05-07 03:00:00,-0.65619487,34.166782
0002-05-07 04:00:00,-0.6568858,34.166805
0002-05-07 05:00:00,-0.65758926,34.16683
0002-05-07 06:00:00,-0.6583065,34.166855
0002-05-07 07:00:00,-0.6590371,34.16688
0002-05-07 08:00:00,-0.65978193,34.166916
0002-05-07 09:00:00,-0.6605396,34.16695
0002-05-07 10:00:00,-0.6613092,34.16699
0002-05-07 11:00:00,-0.66208875,34.167034
0002-05-07 12:00:00,-0.6628761,34.167084
0002-05-07 13:00:00,-0.663718,34.167133
0002-05-07 14:00:00,-0.6646242,34.167183
0002-05-07 15:00:00,-0.6655499,34.16723
0002-05-07 16:00:00,-0.66648734,34.16727
0002-05-07 17:00:00,-0.6674351,34.16731
0002-05-07 18:00:00,-0.6684013,34.167343
0002-05-07 19:00:00,-0.6693859,34.167377
0002-05-07 20:00:00,-0.6703825,34.167408
0002-05-07 21:00:00,-0.67138726,34.167435
0002-05-07 22:00:00,-0.67239785,34.167465
0002-05-07 23:00:00,-0.673413,34.167492
0002-05-08 00:00:00,-0.67443186,34.167522
0002-05-08 01:00:00,-0.6754541,34.16755
0002-05-08 02:00:00,-0.6764794,34.167576
0002-05-08 03:00:00,-0.67750764,34.1676
0002-05-08 04:00:00,-0.67853874,34.167625
0002-05-08 05:00:00,-0.67957246,34.167652
0002-05-08 06:00:00,-0.6806092,34.167675
0002-05-08 07:00:00,-0.68164873,34.167698
0002-05-08 08:00:00,-0.68269116,34.167725
0002-05-08 09:00:00,-0.6837363,34.167747
0002-05-08 10:00:00,-0.6847845,34.16777
0002-05-08 11:00:00,-0.6858358,34.167793
0002-05-08 12:00:00,-0.6868907,34.167816
0002-05-08 13:00:00,-0.6879916,34.16784
0002-05-08 14:00:00,-0.68915766,34.16786
0002-05-08 15:00:00,-0.6903639,34.167877
0002-05-08 16:00:00,-0.6916049,34.167896
0002-05-08 17:00:00,-0.6928842,34.167915
0002-05-08 18:00:00,-0.6942058,34.167934
0002-05-08 19:00:00,-0.6955731,34.16795
0002-05-08 20:00:00,-0.69698703,34.16797
0002-05-08 21:00:00,-0.69844216,34.167984
0002-05-08 22:00:00,-0.6999208,34.168
0002-05-08 23:00:00,-0.7013679,34.168015
0002-05-09 00:00:00,-0.70270383,34.16803
0002-05-09 01:00:00,-0.7038388,34.16805
0002-05-09 02:00:00,-0.7047295,34.168064
0002-05-09 03:00:00,-0.7054065,34.168083
0002-05-09 04:00:00,-0.7059421,34.168102
0002-05-09 05:00:00,-0.7064072,34.168125
0002-05-09 06:00:00,-0.7068484,34.168148
0002-05-09 07:00:00,-0.7073014,34.168167
0002-05-09 08:00:00,-0.70778257,34.16819
0002-05-09 09:00:00,-0.708299,34.168213
0002-05-09 10:00:00,-0.7088528,34.168236
0002-05-09 11:00:00,-0.70944214,34.16826
0002-05-09 12:00:00,-0.71006453,34.168285
0002-05-09 13:00:00,-0.7108207,34.168304
0002-05-09 14:00:00,-0.7117195,34.168324
0002-05-09 15:00:00,-0.7126674,34.16834
0002-05-09 16:00:00,-0.7136386,34.16835
0002-05-09 17:00:00,-0.71462315,34.16836
0002-05-09 18:00:00,-0.7156111,34.16837
0002-05-09 19:00:00,-0.7166009,34.168373
0002-05-09 20:00:00,-0.7175918,34.168377
0002-05-09 21:00:00,-0.7185835,34.16838
0002-05-09 22:00:00,-0.7195762,34.16838
0002-05-09 23:00:00,-0.7205702,34.16838
0002-05-10 00:00:00,-0.7215662,34.168377
0002-05-10 01:00:00,-0.7225647,34.168373
0002-05-10 02:00:00,-0.7235665,34.168365
0002-05-10 03:00:00,-0.7245745,34.168354
0002-05-10 04:00:00,-0.72558236,34.168346
0002-05-10 05:00:00,-0.72658974,34.16833
0002-05-10 06:00:00,-0.72759444,34.168316
0002-05-10 07:00:00,-0.7285933,34.1683
0002-05-10 08:00:00,-0.729578,34.16828
0002-05-10 09:00:00,-0.7305351,34.16826
0002-05-10 10:00:00,-0.73145795,34.168236
0002-05-10 11:00:00,-0.7323343,34.16821
0002-05-10 12:00:00,-0.7331528,34.168186
0002-05-10 13:00:00,-0.73398226,34.168163
0002-05-10 14:00:00,-0.73486286,34.168148
0002-05-10 15:00:00,-0.73574615,34.16814
0002-05-10 16:00:00,-0.7366204,34.168133
0002-05-10 17:00:00,-0.737479,34.16813
0002-05-10 18:00:00,-0.73831576,34.16813
0002-05-10 19:00:00,-0.7391264,34.16813
0002-05-10 20:00:00,-0.73990893,34.168133
0002-05-10 21:00:00,-0.74066454,34.16814
0002-05-10 22:00:00,-0.74139655,34.168148
0002-05-10 23:00:00,-0.74211,34.168156
0002-05-11 00:00:00,-0.74281067,34.168167
0002-05-11 01:00:00,-0.7435042,34.16818
0002-05-11 02:00:00,-0.74419606,34.16819
0002-05-11 03:00:00,-0.74489087,34.168205
0002-05-11 04:00:00,-0.74559253,34.168217
0002-05-11 05:00:00,-0.7463041,34.168232
0002-05-11 06:00:00,-0.74702793,34.16825
0002-05-11 07:00:00,-0.74776554,34.16827
0002-05-11 08:00:00,-0.7485178,34.16829
0002-05-11 09:00:00,-0.7492851,34.16831
0002-05-11 10:00:00,-0.7500675,34.16833
0002-05-11 11:00:00,-0.7508644,34.168354
0002-05-11 12:00:00,-0.7516753,34.168377
0002-05-11 13:00:00,-0.7524472,34.168396
0002-05-11 14:00:00,-0.7531503,34.168404
0002-05-11 15:00:00,-0.75381714,34.168404
0002-05-11 16:00:00,-0.75445896,34.168404
0002-05-11 17:00:00,-0.7550806,34.168396
0002-05-11 18:00:00,-0.75568444,34.168392
0002-05-11 19:00:00,-0.7562719,34.16838
0002-05-11 20:00:00,-0.756844,34.16837
0002-05-11 21:00:00,-0.75740206,34.168354
0002-05-11 22:00:00,-0.75794697,34.16834
0002-05-11 23:00:00,-0.75847965,34.16832
0002-05-12 00:00:00,-0.7589987,34.168297
0002-05-12 01:00:00,-0.7595082,34.16827
0002-05-12 02:00:00,-0.7600062,34.16824
0002-05-12 03:00:00,-0.76048696,34.16821
0002-05-12 04:00:00,-0.76095986,34.16818
0002-05-12 05:00:00,-0.76142544,34.168144
0002-05-12 06:00:00,-0.76186675,34.168106
0002-05-12 07:00:00,-0.76229143,34.168068
0002-05-12 08:00:00,-0.7626995,34.168026
0002-05-12 09:00:00,-0.76309276,34.167984
0002-05-12 10:00:00,-0.7634704,34.16794
0002-05-12 11:00:00,-0.7638336,34.167892
0002-05-12 12:00:00,-0.76418144,34.167847
0002-05-12 13:00:00,-0.7645631,34.167797
0002-05-12 14:00:00,-0.76499397,34.167744
0002-05-12 15:00:00,-0.76543635,34.167686
0002-05-12 16:00:00,-0.7658782,34.16763
0002-05-12 17:00:00,-0.76632226,34.167572
0002-05-12 18:00:00,-0.7667581,34.167507
0002-05-12 19:00:00,-0.76718545,34.167442
0002-05-12 20:00:00,-0.76760757,34.167374
0002-05-12 21:00:00,-0.76803726,34.1673
0002-05-12 22:00:00,-0.768455,34.16722
0002-05-12 23:00:00,-0.7688445,34.167145
0002-05-13 00:00:00,-0.7692562,34.167057
0002-05-13 01:00:00,-0.7696321,34.166973
0002-05-13 02:00:00,-0.7700326,34.166878
0002-05-13 03:00:00,-0.77043045,34.166775
0002-05-13 04:00:00,-0.7708356,34.166664
0002-05-13 05:00:00,-0.7712453,34.166546
0002-05-13 06:00:00,-0.7716688,34.166416
0002-05-13 07:00:00,-0.77210337,34.16628
0002-05-13 08:00:00,-0.7725534,34.166126
0002-05-13 09:00:00,-0.7730205,34.165962
0002-05-13 10:00:00,-0.773503,34.165783
0002-05-13 11:00:00,-0.77401114,34.16558
0002-05-13 12:00:00,-0.7745166,34.16537
0002-05-13 13:00:00,-0.77506477,34.165184
0002-05-13 14:00:00,-0.77571094,34.165028
0002-05-13 15:00:00,-0.7764179,34.16489
0002-05-13 16:00:00,-0.7771462,34.164776
0002-05-13 17:00:00,-0.77791965,34.164673
0002-05-13 18:00:00,-0.77872366,34.16458
0002-05-13 19:00:00,-0.77957296,34.164494
0002-05-13 20:00:00,-0.7803828,34.164433
0002-05-13 21:00:00,-0.7812323,34.16437
0002-05-13 22:00:00,-0.7820771,34.164326
0002-05-13 23:00:00,-0.78295165,34.164288
0002-05-14 00:00:00,-0.78377676,34.164265
0002-05-14 01:00:00,-0.7846335,34.164246
0002-05-14 02:00:00,-0.7855119,34.16423
0002-05-14 03:00:00,-0.78639543,34.164223
0002-05-14 04:00:00,-0.7872381,34.164227
0002-05-14 05:00:00,-0.78809243,34.164238
0002-05-14 06:00:00,-0.78896177,34.164253
0002-05-14 07:00:00,-0.78980386,34.164276
0002-05-14 08:00:00,-0.7905711,34.16431
0002-05-14 09:00:00,-0.7913819,34.164352
0002-05-14 10:00:00,-0.7921462,34.164402
0002-05-14 11:00:00,-0.7928675,34.164455
0002-05-14 12:00:00,-0.79358953,34.164516
0002-05-14 13:00:00,-0.7942825,34.164577
0002-05-14 14:00:00,-0.79495484,34.164627
0002-05-14 15:00:00,-0.7955966,34.164677
0002-05-14 16:00:00,-0.7962378,34.164726
0002-05-14 17:00:00,-0.79686314,34.164776
0002-05-14 18:00:00,-0.7974256,34.164825
0002-05-14 19:00:00,-0.7980091,34.16488
0002-05-14 20:00:00,-0.798525,34.16493
0002-05-14 21:00:00,-0.79896957,34.164986
0002-05-14 22:00:00,-0.7994426,34.165043
0002-05-14 23:00:00,-0.7999068,34.165096
0002-05-15 00:00:00,-0.80036366,34.16515
0002-05-15 01:00:00,-0.8008296,34.165203
0002-05-15 02:00:00,-0.8013257,34.165257
0002-05-15 03:00:00,-0.80184686,34.165306
0002-05-15 04:00:00,-0.8024222,34.16535
0002-05-15 05:00:00,-0.8030588,34.165398
0002-05-15 06:00:00,-0.8037489,34.165443
0002-05-15 07:00:00,-0.80446947,34.165493
0002-05-15 08:00:00,-0.8052055,34.16554
0002-05-15 09:00:00,-0.80595165,34.16559
0002-05-15 10:00:00,-0.8067126,34.165638
0002-05-15 11:00:00,-0.80748796,34.165684
0002-05-15 12:00:00,-0.80831116,34.16573
0002-05-15 13:00:00,-0.8091813,34.165768
0002-05-15 14:00:00,-0.8100787,34.165802
0002-05-15 15:00:00,-0.8109914,34.165836
0002-05-15 16:00:00,-0.81191134,34.165867
0002-05-15 17:00:00,-0.8128324,34.165897
0002-05-15 18:00:00,-0.8137508,34.165928
0002-05-15 19:00:00,-0.81466424,34.16596
0002-05-15 20:00:00,-0.81557155,34.16599
0002-05-15 21:00:00,-0.816472,34.166016
0002-05-15 22:00:00,-0.8173651,34.166046
0002-05-15 23:00:00,-0.8182508,34.166073
0002-05-16 00:00:00,-0.8191289,34.1661
0002-05-16 01:00:00,-0.81999916,34.166126
0002-05-16 02:00:00,-0.82086146,34.166153
0002-05-16 03:00:00,-0.82171625,34.166183
0002-05-16 04:00:00,-0.8225633,34.16621
0002-05-16 05:00:00,-0.82340246,34.166237
0002-05-16 06:00:00,-0.8242337,34.166264
0002-05-16 07:00:00,-0.8250571,34.16629
0002-05-16 08:00:00,-0.8258725,34.166317
0002-05-16 09:00:00,-0.8266798,34.16634
0002-05-16 10:00:00,-0.8274792,34.166367
0002-05-16 11:00:00,-0.82827044,34.166393
0002-05-16 12:00:00,-0.8290535,34.16642
0002-05-16 13:00:00,-0.8298018,34.166447
0002-05-16 14:00:00,-0.83050275,34.16647
0002-05-16 15:00:00,-0.8311741,34.16649
0002-05-16 16:00:00,-0.8318211,34.166508
0002-05-16 17:00:00,-0.832446,34.166527
0002-05-16 18:00:00,-0.8330498,34.166546
0002-05-16 19:00:00,-0.83363324,34.16656
0002-05-16 20:00:00,-0.8341972,34.166576
0002-05-16 21:00:00,-0.8347426,34.166588
0002-05-16 22:00:00,-0.83527005,34.1666
0002-05-16 23:00:00,-0.83578223,34.16661
0002-05-17 00:00:00,-0.83627844,34.166615
0002-05-17 01:00:00,-0.83675635,34.16662
0002-05-17 02:00:00,-0.83722156,34.166622
0002-05-17 03:00:00,-0.83767384,34.16662
0002-05-17 04:00:00,-0.8381128,34.166615
0002-05-17 05:00:00,-0.83853525,34.16661
0002-05-17 06:00:00,-0.8389423,34.166603
0002-05-17 07:00:00,-0.83933336,34.16659
0002-05-17 08:00:00,-0.83970803,34.16658
0002-05-17 09:00:00,-0.84006584,34.16657
0002-05-17 10:00:00,-0.8404066,34.166553
0002-05-17 11:00:00,-0.8407302,34.16654
0002-05-17 12:00:00,-0.84104234,34.16652
0002-05-17 13:00:00,-0.8414187,34.166504
0002-05-17 14:00:00,-0.8418829,34.166492
0002-05-17 15:00:00,-0.84238774,34.16649
0002-05-17 16:00:00,-0.84291977,34.166485
0002-05-17 17:00:00,-0.8434735,34.16648
0002-05-17 18:00:00,-0.84404665,34.16648
0002-05-17 19:00:00,-0.84463716,34.16648
0002-05-17 20:00:00,-0.8452441,34.16648
0002-05-17 21:00:00,-0.845866,34.166485
0002-05-17 22:00:00,-0.84650236,34.16649
0002-05-17 23:00:00,-0.8471543,34.166496
0002-05-18 00:00:00,-0.8478213,34.166504
0002-05-18 01:00:00,-0.8485029,34.16651
0002-05-18 02:00:00,-0.8491991,34.16652
0002-05-18 03:00:00,-0.8499104,34.16653
0002-05-18 04:00:00,-0.85063654,34.166546
0002-05-18 05:00:00,-0.8513785,34.166557
0002-05-18 06:00:00,-0.8521338,34.166573
0002-05-18 07:00:00,-0.8528887,34.166588
0002-05-18 08:00:00,-0.85366315,34.166607
0002-05-18 09:00:00,-0.8544595,34.166626
0002-05-18 10:00:00,-0.8552707,34.16665
0002-05-18 11:00:00,-0.8560978,34.16667
0002-05-18 12:00:00,-0.85694134,34.166695
0002-05-18 13:00:00,-0.8577681,34.166718
0002-05-18 14:00:00,-0.8585625,34.166737
0002-05-18 15:00:00,-0.8593473,34.16675
0002-05-18 16:00:00,-0.86012906,34.16677
0002-05-18 17:00:00,-0.8609108,34.166786
0002-05-18 18:00:00,-0.8616941,34.1668
0002-05-18 19:00:00,-0.86247987,34.16682
0002-05-18 20:00:00,-0.86326855,34.166836
0002-05-18 21:00:00,-0.86406046,34.16685
0002-05-18 22:00:00,-0.86485577,34.166866
0002-05-18 23:00:00,-0.86565447,34.16688
0002-05-19 00:00:00,-0.8664566,34.166897
0002-05-19 01:00:00,-0.8672623,34.166912
0002-05-19 02:00:00,-0.86807144,34.166927
0002-05-19 03:00:00,-0.86888415,34.166943
0002-05-19 04:00:00,-0.8697005,34.166954
0002-05-19 05:00:00,-0.87052053,34.16697
0002-05-19 06:00:00,-0.8713444,34.166985
0002-05-19 07:00:00,-0.8721721,34.167
0002-05-19 08:00:00,-0.8730037,34.167015
0002-05-19 09:00:00,-0.87383926,34.16703
0002-05-19 10:00:00,-0.87467873,34.167046
0002-05-19 11:00:00,-0.8755222,34.16706
0002-05-19 12:00:00,-0.87636954,34.167076
0002-05-19 13:00:00,-0.87719715,34.167088
0002-05-19 14:00:00,-0.87799484,34.167103
0002-05-19 15:00:00,-0.87878,34.167118
0002-05-19 16:00:00,-0.8795572,34.167133
0002-05-19 17:00:00,-0.8803287,34.16715
0002-05-19 18:00:00,-0.8810979,34.167164
0002-05-19 19:00:00,-0.8818651,34.16718
0002-05-19 20:00:00,-0.8826327,34.167194
0002-05-19 21:00:00,-0.8834011,34.16721
0002-05-19 22:00:00,-0.8841703,34.167225
0002-05-19 23:00:00,-0.88494027,34.16724
0002-05-20 00:00:00,-0.8857108,34.16726
0002-05-20 01:00:00,-0.8864817,34.167274
0002-05-20 02:00:00,-0.88725287,34.16729
0002-05-20 03:00:00,-0.88802415,34.167305
0002-05-20 04:00:00,-0.8887956,34.167316
0002-05-20 05:00:00,-0.88956714,34.16733
0002-05-20 06:00:00,-0.8903388,34.167347
0002-05-20 07:00:00,-0.89111066,34.167362
0002-05-20 08:00:00,-0.89188284,34.167377
0002-05-20 09:00:00,-0.89265525,34.167393
0002-05-20 10:00:00,-0.893428,34.167408
0002-05-20 11:00:00,-0.8942011,34.16742
0002-05-20 12:00:00,-0.8949745,34.167435
0002-05-20 13:00:00,-0.895723,34.16745
0002-05-20 14:00:00,-0.8964361,34.16746
0002-05-20 15:00:00,-0.8971313,34.167473
0002-05-20 16:00:00,-0.8978131,34.167484
0002-05-20 17:00:00,-0.89848393,34.167492
0002-05-20 18:00:00,-0.89914584,34.167503
0002-05-20 19:00:00,-0.89980066,34.167515
0002-05-20 20:00:00,-0.9004497,34.167522
0002-05-20 21:00:00,-0.9010941,34.16753
0002-05-20 22:00:00,-0.90173453,34.16754
0002-05-20 23:00:00,-0.9023714,34.16755
0002-05-21 00:00:00,-0.90300506,34.167557
0002-05-21 01:00:00,-0.9036356,34.16756
0002-05-21 02:00:00,-0.904263,34.16757
0002-05-21 03:00:00,-0.9048873,34.167576
0002-05-21 04:00:00,-0.9055085,34.16758
0002-05-21 05:00:00,-0.90612656,34.167587
0002-05-21 06:00:00,-0.9067415,34.16759
0002-05-21 07:00:00,-0.90735334,34.167595
0002-05-21 08:00:00,-0.9079614,34.1676
0002-05-21 09:00:00,-0.90856534,34.167603
0002-05-21 10:00:00,-0.9091668,34.167606
0002-05-21 11:00:00,-0.9097664,34.16761
0002-05-21 12:00:00,-0.9103653,34.16761
0002-05-21 13:00:00,-0.91095716,34.16761
0002-05-21 14:00:00,-0.91153425,34.167603
0002-05-21 15:00:00,-0.9120982,34.167595
0002-05-21 16:00:00,-0.9126496,34.167583
0002-05-21 17:00:00,-0.9131883,34.167572
0002-05-21 18:00:00,-0.9137144,34.16756
0002-05-21 19:00:00,-0.914228,34.167545
0002-05-21 20:00:00,-0.91472983,34.16753
0002-05-21 21:00:00,-0.9152208,34.16751
0002-05-21 22:00:00,-0.9157003,34.167492
0002-05-21 23:00:00,-0.91616595,34.167473
0002-05-22 00:00:00,-0.9166161,34.16745
0002-05-22 01:00:00,-0.9170512,34.167427
0002-05-22 02:00:00,-0.9174704,34.167404
0002-05-22 03:00:00,-0.91787714,34.16738
0002-05-22 04:00:00,-0.918267,34.16736
0002-05-22 05:00:00,-0.91864645,34.16733
0002-05-22 06:00:00,-0.9190088,34.167305
0002-05-22 07:00:00,-0.9193626,34.16728
0002-05-22 08:00:00,-0.9197466,34.167244
0002-05-22 09:00:00,-0.92007583,34.167213
0002-05-22 10:00:00,-0.9204,34.167183
0002-05-22 11:00:00,-0.92070645,34.16715
0002-05-22 12:00:00,-0.9209999,34.167114
0002-05-22 13:00:00,-0.92132986,34.16708
0002-05-22 14:00:00,-0.9217176,34.167038
0002-05-22 15:00:00,-0.9221296,34.166996
0002-05-22 16:00:00,-0.92255366,34.166954
0002-05-22 17:00:00,-0.9229962,34.166904
0002-05-22 18:00:00,-0.9234568,34.166855
0002-05-22 19:00:00,-0.92392915,34.1668
0002-05-22 20:00:00,-0.9244096,34.166744
0002-05-22 21:00:00,-0.92489636,34.166683
0002-05-22 22:00:00,-0.9253614,34.166626
0002-05-22 23:00:00,-0.92585516,34.16656
0002-05-23 00:00:00,-0.9263667,34.166492
0002-05-23 01:00:00,-0.9268872,34.16642
0002-05-23 02:00:00,-0.9274168,34.166344
0002-05-23 03:00:00,-0.92795616,34.166267
0002-05-23 04:00:00,-0.9285026,34.166183
0002-05-23 05:00:00,-0.9290573,34.1661
0002-05-23 06:00:00,-0.92961943,34.166008
0002-05-23 07:00:00,-0.93018264,34.16592
0002-05-23 08:00:00,-0.93075234,34.165825
0002-05-23 09:00:00,-0.93132764,34.16573
0002-05-23 10:00:00,-0.931897,34.16563
0002-05-23 11:00:00,-0.9324589,34.16553
0002-05-23 12:00:00,-0.93301415,34.165436
0002-05-23 13:00:00,-0.9335312,34.165344
0002-05-23 14:00:00,-0.9340013,34.165264
0002-05-23 15:00:00,-0.93444973,34.165188
0002-05-23 16:00:00,-0.9348776,34.165115
0002-05-23 17:00:00,-0.9352995,34.165043
0002-05-23 18:00:00,-0.9356885,34.164978
0002-05-23 19:00:00,-0.9360502,34.164917
0002-05-23 20:00:00,-0.93639386,34.16486
0002-05-23 21:00:00,-0.9367599,34.1648
0002-05-23 22:00:00,-0.9370941,34.164745
0002-05-23 23:00:00,-0.93740255,34.164692
0002-05-24 00:00:00,-0.93767637,34.164646
0002-05-24 01:00:00,-0.9379467,34.164604
0002-05-24 02:00:00,-0.938202,34.164562
0002-05-24 03:00:00,-0.9384702,34.164516
0002-05-24 04:00:00,-0.93872046,34.16448
0002-05-24 05:00:00,-0.9389583,34.16444
0002-05-24 06:00:00,-0.9391902,34.164406
0002-05-24 07:00:00,-0.9394266,34.164368
0002-05-24 08:00:00,-0.93966776,34.164333
0002-05-24 09:00:00,-0.9399055,34.164295
0002-05-24 10:00:00,-0.9401333,34.164265
0002-05-24 11:00:00,-0.9403634,34.164234
0002-05-24 12:00:00,-0.9405906,34.164204
0002-05-24 13:00:00,-0.94083124,34.16417
0002-05-24 14:00:00,-0.94110274,34.16413
0002-05-24 15:00:00,-0.941384,34.164093
0002-05-24 16:00:00,-0.94167054,34.16405
0002-05-24 17:00:00,-0.9419632,34.164013
0002-05-24 18:00:00,-0.94226104,34.163967
0002-05-24 19:00:00,-0.9425631,34.163925
0002-05-24 20:00:00,-0.9428708,34.16388
0002-05-24 21:00:00,-0.94318247,34.163834
0002-05-24 22:00:00,-0.94349873,34.163788
0002-05-24 23:00:00,-0.94382006,34.163742
0002-05-25 00:00:00,-0.9441449,34.163692
0002-05-25 01:00:00,-0.9444722,34.163643
0002-05-25 02:00:00,-0.94480133,34.163593
0002-05-25 03:00:00,-0.9451319,34.163544
0002-05-25 04:00:00,-0.94546306,34.163494
0002-05-25 05:00:00,-0.9457946,34.16344
0002-05-25 06:00:00,-0.946126,34.16339
0002-05-25 07:00:00,-0.9464572,34.163338
0002-05-25 08:00:00,-0.9467877,34.16329
0002-05-25 09:00:00,-0.9471176,34.163235
0002-05-25 10:00:00,-0.9474465,34.16318
0002-05-25 11:00:00,-0.94777465,34.16313
0002-05-25 12:00:00,-0.9481016,34.16308
0002-05-25 13:00:00,-0.9484583,34.163017
0002-05-25 14:00:00,-0.94885963,34.16295
0002-05-25 15:00:00,-0.9492848,34.162872
0002-05-25 16:00:00,-0.9497382,34.162785
0002-05-25 17:00:00,-0.9502202,34.162693
0002-05-25 18:00:00,-0.9507611,34.162586
0002-05-25 19:00:00,-0.9513668,34.162464
0002-05-25 20:00:00,-0.95205915,34.16232
0002-05-25 21:00:00,-0.95288247,34.162148
0002-05-25 22:00:00,-0.95391726,34.161926
0002-05-25 23:00:00,-0.9554095,34.161606
0002-05-26 00:00:00,-0.9578487,34.16108
0002-05-26 01:00:00,-0.9608953,34.160416
0002-05-26 02:00:00,-0.96200365,34.160164
0002-05-26 03:00:00,-0.96067125,34.16044
0002-05-26 04:00:00,-0.9597841,34.160618
0002-05-26 05:00:00,-0.9591464,34.16074
0002-05-26 06:00:00,-0.9587345,34.160816
0002-05-26 07:00:00,-0.95850873,34.16085
0002-05-26 08:00:00,-0.95841014,34.16086
0002-05-26 09:00:00,-0.95841026,34.160847
0002-05-26 10:00:00,-0.9584219,34.160828
0002-05-26 11:00:00,-0.9584182,34.160816
0002-05-26 12:00:00,-0.958459,34.160793
0002-05-26 13:00:00,-0.9585449,34.160778
0002-05-26 14:00:00,-0.9588043,34.160748
0002-05-26 15:00:00,-0.95908713,34.16073
0002-05-26 16:00:00,-0.9594581,34.1607
0002-05-26 17:00:00,-0.95985603,34.16068
0002-05-26 18:00:00,-0.9602999,34.160656
0002-05-26 19:00:00,-0.96079105,34.16063
0002-05-26 20:00:00,-0.9613184,34.160606
0002-05-26 21:00:00,-0.96187663,34.160583
0002-05-26 22:00:00,-0.9624651,34.160564
0002-05-26 23:00:00,-0.96308196,34.160545
0002-05-27 00:00:00,-0.96372426,34.16053
0002-05-27 01:00:00,-0.9643576,34.160522
0002-05-27 02:00:00,-0.9650337,34.16051
0002-05-27 03:00:00,-0.96572995,34.160507
0002-05-27 04:00:00,-0.96644336,34.160503
0002-05-27 05:00:00,-0.9671787,34.160503
0002-05-27 06:00:00,-0.96793413,34.160503
0002-05-27 07:00:00,-0.9687045,34.16051
0002-05-27 08:00:00,-0.969486,34.16052
0002-05-27 09:00:00,-0.9702155,34.160534
0002-05-27 10:00:00,-0.97100776,34.160553
0002-05-27 11:00:00,-0.97180855,34.160572
0002-05-27 12:00:00,-0.9726138,34.160595
0002-05-27 13:00:00,-0.9734173,34.160618
0002-05-27 14:00:00,-0.97421575,34.160633
0002-05-27 15:00:00,-0.97502077,34.16064
0002-05-27 16:00:00,-0.9758501,34.160652
0002-05-27 17:00:00,-0.97670305,34.160656
0002-05-27 18:00:00,-0.9775819,34.160664
0002-05-27 19:00:00,-0.97849417,34.160667
0002-05-27 20:00:00,-0.9794405,34.16067
0002-05-27 21:00:00,-0.9804223,34.160675
0002-05-27 22:00:00,-0.9814433,34.160675
0002-05-27 23:00:00,-0.9825093,34.16068
0002-05-28 00:00:00,-0.9836306,34.16068
0002-05-28 01:00:00,-0.984814,34.16068
0002-05-28 02:00:00,-0.98607457,34.16068
0002-05-28 03:00:00,-0.98743063,34.16068
0002-05-28 04:00:00,-0.98889726,34.16068
0002-05-28 05:00:00,-0.9904784,34.16068
0002-05-28 06:00:00,-0.9921167,34.16068
0002-05-28 07:00:00,-0.99362284,34.160683
0002-05-28 08:00:00,-0.9946746,34.16069
0002-05-28 09:00:00,-0.9951382,34.160706
0002-05-28 10:00:00,-0.9951721,34.160725
0002-05-28 11:00:00,-0.99501723,34.160744
0002-05-28 12:00:00,-0.9948301,34.160767
0002-05-28 13:00:00,-0.99470294,34.16079
0002-05-28 14:00:00,-0.9946629,34.16081
0002-05-28 15:00:00,-0.9947082,34.160824
0002-05-28 16:00:00,-0.9948462,34.16084
0002-05-28 17:00:00,-0.99507225,34.160854
0002-05-28 18:00:00,-0.9953766,34.16087
0002-05-28 19:00:00,-0.99574685,34.16088
0002-05-28 20:00:00,-0.99617153,34.160896
0002-05-28 21:00:00,-0.9966404,34.16091
0002-05-28 22:00:00,-0.9971449,34.160927
0002-05-28 23:00:00,-0.9976779,34.160942
0002-05-29 00:00:00,-0.99823344,34.16096
0002-05-29 01:00:00,-0.99880636,34.16098
0002-05-29 02:00:00,-0.9993923,34.161
0002-05-29 03:00:00,-0.99998665,34.161022
0002-05-29 04:00:00,-1.0005844,34.16105
0002-05-29 05:00:00,-1.0011829,34.161076
0002-05-29 06:00:00,-1.001778,34.161106
0002-05-29 07:00:00,-1.0023662,34.161144
0002-05-29 08:00:00,-1.0029486,34.161182
0002-05-29 09:00:00,-1.0035306,34.16122
0002-05-29 10:00:00,-1.0041233,34.16126
0002-05-29 11:00:00,-1.0047276,34.161297
0002-05-29 12:00:00,-1.0053627,34.16133
0002-05-29 13:00:00,-1.0060629,34.161366
0002-05-29 14:00:00,-1.0068363,34.1614
0002-05-29 15:00:00,-1.0076468,34.161434
0002-05-29 16:00:00,-1.008481,34.16147
0002-05-29 17:00:00,-1.0093312,34.161507
0002-05-29 18:00:00,-1.0101933,34.16154
0002-05-29 19:00:00,-1.0110651,34.16158
0002-05-29 20:00:00,-1.0119451,34.161613
0002-05-29 21:00:00,-1.0128329,34.161655
0002-05-29 22:00:00,-1.0137275,34.161694
0002-05-29 23:00:00,-1.0146285,34.161736
0002-05-30 00:00:00,-1.0155357,34.161777
0002-05-30 01:00:00,-1.0164487,34.16182
0002-05-30 02:00:00,-1.0173671,34.161865
0002-05-30 03:00:00,-1.0182905,34.16191
0002-05-30 04:00:00,-1.0192188,34.16196
0002-05-30 05:00:00,-1.0201516,34.16201
0002-05-30 06:00:00,-1.0210887,34.162064
0002-05-30 07:00:00,-1.0220294,34.162117
0002-05-30 08:00:00,-1.022973,34.16217
0002-05-30 09:00:00,-1.0239186,34.162228
0002-05-30 10:00:00,-1.0248652,34.16229
0002-05-30 11:00:00,-1.0258112,34.16235
0002-05-30 12:00:00,-1.0267557,34.162415
0002-05-30 13:00:00,-1.0276856,34.162483
0002-05-30 14:00:00,-1.0285875,34.162548
0002-05-30 15:00:00,-1.0294665,34.162617
0002-05-30 16:00:00,-1.0303286,34.16268
0002-05-30 17:00:00,-1.0311728,34.162746
0002-05-30 18:00:00,-1.0320106,34.162807
0002-05-30 19:00:00,-1.0328492,34.162865
0002-05-30 20:00:00,-1.0336907,34.162914
0002-05-30 21:00:00,-1.0345335,34.162964
0002-05-30 22:00:00,-1.0353743,34.163006
0002-05-30 23:00:00,-1.0362235,34.163048
0002-05-31 00:00:00,-1.0370835,34.163086
0002-05-31 01:00:00,-1.0379468,34.16312
0002-05-31 02:00:00,-1.0388087,34.163155
0002-05-31 03:00:00,-1.0396659,34.16319
0002-05-31 04:00:00,-1.0405169,34.16322
0002-05-31 05:00:00,-1.04136,34.16325
0002-05-31 06:00:00,-1.0421951,34.16328
0002-05-31 07:00:00,-1.0430213,34.16331
0002-05-31 08:00:00,-1.0438386,34.163338
0002-05-31 09:00:00,-1.0446466,34.16337
0002-05-31 10:00:00,-1.0454456,34.163395
0002-05-31 11:00:00,-1.0462353,34.16342
0002-05-31 12:00:00,-1.047016,34.163445
0002-05-31 13:00:00,-1.0478086,34.16347
0002-05-31 14:00:00,-1.048625,34.163498
0002-05-31 15:00:00,-1.0494525,34.16352
0002-05-31 16:00:00,-1.0502865,34.163548
0002-05-31 17:00:00,-1.0511252,34.16357
0002-05-31 18:00:00,-1.0519676,34.163597
0002-05-31 19:00:00,-1.0528134,34.16362
0002-05-31 20:00:00,-1.0536622,34.163647
0002-05-31 21:00:00,-1.0545139,34.16367
0002-05-31 22:00:00,-1.0553682,34.163696
0002-05-31 23:00:00,-1.0562251,34.16372
0002-06-01 00:00:00,-1.0570843,34.163742
0002-06-01 01:00:00,-1.057946,34.16377
0002-06-01 02:00:00,-1.0588099,34.16379
0002-06-01 03:00:00,-1.059676,34.163815
0002-06-01 04:00:00,-1.0605446,34.16384
0002-06-01 05:00:00,-1.061415,34.163864
0002-06-01 06:00:00,-1.0622865,34.163887
0002-06-01 07:00:00,-1.0631595,34.163914
0002-06-01 08:00:00,-1.0640337,34.163937
0002-06-01 09:00:00,-1.0649092,34.16396
0002-06-01 10:00:00,-1.0657858,34.163986
0002-06-01 11:00:00,-1.0666633,34.16401
0002-06-01 12:00:00,-1.0675417,34.164032
0002-06-01 13:00:00,-1.068446,34.164055
0002-06-01 14:00:00,-1.0693833,34.164078
0002-06-01 15:00:00,-1.0703326,34.164093
0002-06-01 16:00:00,-1.071294,34.164112
0002-06-01 17:00:00,-1.0722623,34.164127
0002-06-01 18:00:00,-1.0732358,34.16414
0002-06-01 19:00:00,-1.0742126,34.16415
0002-06-01 20:00:00,-1.075189,34.16416
0002-06-01 21:00:00,-1.0761594,34.164173
0002-06-01 22:00:00,-1.0771155,34.16418
0002-06-01 23:00:00,-1.0780463,34.16419
0002-06-02 00:00:00,-1.0789372,34.164192
0002-06-02 01:00:00,-1.0797719,34.1642
0002-06-02 02:00:00,-1.0805353,34.164204
0002-06-02 03:00:00,-1.0812169,34.164207
0002-06-02 04:00:00,-1.081814,34.164215
0002-06-02 05:00:00,-1.0823325,34.16422
0002-06-02 06:00:00,-1.082785,34.164227
0002-06-02 07:00:00,-1.0831867,34.164234
0002-06-02 08:00:00,-1.0835526,34.16424
0002-06-02 09:00:00,-1.0838954,34.164246
0002-06-02 10:00:00,-1.0842253,34.164253
0002-06-02 11:00:00,-1.0845497,34.16426
0002-06-02 12:00:00,-1.0848738,34.16427
0002-06-02 13:00:00,-1.085365,34.164272
0002-06-02 14:00:00,-1.0860003,34.164272
0002-06-02 15:00:00,-1.0865706,34.164272
0002-06-02 16:00:00,-1.0870131,34.164276
0002-06-02 17:00:00,-1.087341,34.16428
0002-06-02 18:00:00,-1.0876012,34.16429
0002-06-02 19:00:00,-1.0878408,34.164303
0002-06-02 20:00:00,-1.0880806,34.164318
0002-06-02 21:00:00,-1.08835,34.164337
0002-06-02 22:00:00,-1.0886562,34.164364
0002-06-02 23:00:00,-1.0889932,34.164394
0002-06-03 00:00:00,-1.0893518,34.164433
0002-06-03 01:00:00,-1.0897217,34.164482
0002-06-03 02:00:00,-1.0900939,34.16454
0002-06-03 03:00:00,-1.0904609,34.164604
0002-06-03 04:00:00,-1.0908159,34.16469
0002-06-03 05:00:00,-1.0911523,34.164783
0002-06-03 06:00:00,-1.0914634,34.164894
0002-06-03 07:00:00,-1.0917355,34.16503
0002-06-03 08:00:00,-1.0920056,34.165184
0002-06-03 09:00:00,-1.0922047,34.16537
0002-06-03 10:00:00,-1.0923634,34.16558
0002-06-03 11:00:00,-1.09252,34.165802
0002-06-03 12:00:00,-1.0927072,34.16602
0002-06-03 13:00:00,-1.092988,34.166214
0002-06-03 14:00:00,-1.0934033,34.166378
0002-06-03 15:00:00,-1.0938526,34.16653
0002-06-03 16:00:00,-1.0943171,34.16667
0002-06-03 17:00:00,-1.0947882,34.1668
0002-06-03 18:00:00,-1.0952624,34.166924
0002-06-03 19:00:00,-1.0957384,34.167038
0002-06-03 20:00:00,-1.0962151,34.16714
0002-06-03 21:00:00,-1.0966924,34.16724
0002-06-03 22:00:00,-1.0971694,34.16733
0002-06-03 23:00:00,-1.0976462,34.16742
0002-06-04 00:00:00,-1.0981228,34.167496
0002-06-04 01:00:00,-1.0985984,34.167572
0002-06-04 02:00:00,-1.0990733,34.167637
0002-06-04 03:00:00,-1.0995476,34.1677
0002-06-04 04:00:00,-1.1000215,34.167755
0002-06-04 05:00:00,-1.100495,34.167805
0002-06-04 06:00:00,-1.1009679,34.167847
0002-06-04 07:00:00,-1.1014404,34.167885
0002-06-04 08:00:00,-1.1019123,34.16792
0002-06-04 09:00:00,-1.102383,34.167946
0002-06-04 10:00:00,-1.1028671,34.167965
0002-06-04 11:00:00,-1.1033329,34.16798
0002-06-04 12:00:00,-1.1038042,34.167988
0002-06-04 13:00:00,-1.1042721,34.16799
0002-06-04 14:00:00,-1.1047432,34.16799
0002-06-04 15:00:00,-1.1052217,34.167988
0002-06-04 16:00:00,-1.1057023,34.167973
0002-06-04 17:00:00,-1.1061862,34.167953
0002-06-04 18:00:00,-1.1066742,34.16793
0002-06-04 19:00:00,-1.1071659,34.167896
0002-06-04 20:00:00,-1.1076604,34.167862
0002-06-04 21:00:00,-1.1081618,34.16782
0002-06-04 22:00:00,-1.1087086,34.167767
0002-06-04 23:00:00,-1.1092327,34.167713
0002-06-05 00:00:00,-1.1097624,34.167656
0002-06-05 01:00:00,-1.1103041,34.16759
0002-06-05 02:00:00,-1.1108552,34.16752
0002-06-05 03:00:00,-1.1114267,34.167442
0002-06-05 04:00:00,-1.112098,34.167347
0002-06-05 05:00:00,-1.1127648,34.167248
0002-06-05 06:00:00,-1.1135573,34.16712
0002-06-05 07:00:00,-1.1144981,34.16697
0002-06-05 08:00:00,-1.1157072,34.166767
0002-06-05 09:00:00,-1.1175383,34.16646
0002-06-05 10:00:00,-1.1211777,34.165836
0002-06-05 11:00:00,-1.1282334,34.16461
0002-06-05 12:00:00,-1.1278616,34.164646
0002-06-05 13:00:00,-1.127229,34.16474
0002-06-05 14:00:00,-1.1258913,34.164978
0002-06-05 15:00:00,-1.1245083,34.165234
0002-06-05 16:00:00,-1.1239254,34.16536
0002-06-05 17:00:00,-1.1237472,34.16542
0002-06-05 18:00:00,-1.1238247,34.165443
0002-06-05 19:00:00,-1.1240882,34.16544
0002-06-05 20:00:00,-1.1244179,34.16543
0002-06-05 21:00:00,-1.1247438,34.165417
0002-06-05 22:00:00,-1.1250976,34.1654
0002-06-05 23:00:00,-1.1254733,34.16539
0002-06-06 00:00:00,-1.1257979,34.165382
0002-06-06 01:00:00,-1.1261119,34.16538
0002-06-06 02:00:00,-1.1263369,34.16539
0002-06-06 03:00:00,-1.1264769,34.165417
0002-06-06 04:00:00,-1.1265224,34.16546
0002-06-06 05:00:00,-1.1265727,34.1655
0002-06-06 06:00:00,-1.1266419,34.16554
0002-06-06 07:00:00,-1.1267589,34.165573
0002-06-06 08:00:00,-1.1269044,34.165604
0002-06-06 09:00:00,-1.127101,34.16563
0002-06-06 10:00:00,-1.1272721,34.165657
0002-06-06 11:00:00,-1.1274977,34.16568
0002-06-06 12:00:00,-1.1277282,34.165707
0002-06-06 13:00:00,-1.1279811,34.16572
0002-06-06 14:00:00,-1.128309,34.16572
0002-06-06 15:00:00,-1.1286789,34.165714
0002-06-06 16:00:00,-1.1290928,34.1657
0002-06-06 17:00:00,-1.1295438,34.165676
0002-06-06 18:00:00,-1.130024,34.16565
0002-06-06 19:00:00,-1.1305277,34.165615
0002-06-06 20:00:00,-1.1310483,34.165577
0002-06-06 21:00:00,-1.1315813,34.16553
0002-06-06 22:00:00,-1.1321098,34.165485
0002-06-06 23:00:00,-1.1326653,34.165436
0002-06-07 00:00:00,-1.1332483,34.165375
0002-06-07 01:00:00,-1.1338501,34.165314
0002-06-07 02:00:00,-1.1344762,34.16524
0002-06-07 03:00:00,-1.1351346,34.165165
0002-06-07 04:00:00,-1.1358378,34.165077
0002-06-07 05:00:00,-1.1365952,34.164978
0002-06-07 06:00:00,-1.1374322,34.164867
0002-06-07 07:00:00,-1.1383758,34.164738
0002-06-07 08:00:00,-1.1394705,34.164585
0002-06-07 09:00:00,-1.1407986,34.1644
0002-06-07 10:00:00,-1.1425207,34.164146
0002-06-07 11:00:00,-1.1451255,34.16377
0002-06-07 12:00:00,-1.1490916,34.163177
0002-06-07 13:00:00,-1.1546814,34.16233
0002-06-07 14:00:00,-1.1607879,34.161377
0002-06-07 15:00:00,-1.1665773,34.160446
0002-06-07 16:00:00,-1.1713337,34.159653
0002-06-07 17:00:00,-1.1744493,34.1591
0002-06-07 18:00:00,-1.1754129,34.158886
0002-06-07 19:00:00,-1.175707,34.15878
0002-06-07 20:00:00,-1.1776074,34.158398
0002-06-07 21:00:00,-1.1783378,34.1582
0002-06-07 22:00:00,-1.1788398,34.158035
0002-06-07 23:00:00,-1.1787056,34.157974
0002-06-08 00:00:00,-1.1783177,34.157963
0002-06-08 01:00:00,-1.1789019,34.157784
0002-06-08 02:00:00,-1.179787,34.157543
0002-06-08 03:00:00,-1.1805776,34.157314
0002-06-08 04:00:00,-1.1810479,34.15714
0002-06-08 05:00:00,-1.1810162,34.157055
0002-06-08 06:00:00,-1.180674,34.15703
0002-06-08 07:00:00,-1.1806669,34.156944
0002-06-08 08:00:00,-1.1805391,34.15687
0002-06-08 09:00:00,-1.1804363,34.156796
0002-06-08 10:00:00,-1.1803411,34.156715
0002-06-08 11:00:00,-1.180198,34.156647
0002-06-08 12:00:00,-1.1799961,34.156593
0002-06-08 13:00:00,-1.1800896,34.156487
0002-06-08 14:00:00,-1.1805456,34.15632
0002-06-08 15:00:00,-1.1811411,34.15613
0002-06-08 16:00:00,-1.1817262,34.15595
0002-06-08 17:00:00,-1.1822622,34.15578
0002-06-08 18:00:00,-1.1827908,34.155617
0002-06-08 19:00:00,-1.18332,34.155457
0002-06-08 20:00:00,-1.1838812,34.155296
0002-06-08 21:00:00,-1.1844884,34.15513
0002-06-08 22:00:00,-1.1851473,34.154953
0002-06-08 23:00:00,-1.1858485,34.15477
0002-06-09 00:00:00,-1.1865829,34.154587
0002-06-09 01:00:00,-1.1873457,34.154396
0002-06-09 02:00:00,-1.1881155,34.154205
0002-06-09 03:00:00,-1.188905,34.154015
0002-06-09 04:00:00,-1.1897094,34.15382
0002-06-09 05:00:00,-1.1905187,34.15363
0002-06-09 06:00:00,-1.1913323,34.153435
0002-06-09 07:00:00,-1.1921493,34.153244
0002-06-09 08:00:00,-1.1929197,34.153065
0002-06-09 09:00:00,-1.1937106,34.15288
0002-06-09 10:00:00,-1.1945225,34.152695
0002-06-09 11:00:00,-1.1953028,34.15252
0002-06-09 12:00:00,-1.1961,34.152336
0002-06-09 13:00:00,-1.1968327,34.15217
0002-06-09 14:00:00,-1.1975226,34.152
0002-06-09 15:00:00,-1.1981883,34.151833
0002-06-09 16:00:00,-1.1988263,34.151665
0002-06-09 17:00:00,-1.199449,34.1515
0002-06-09 18:00:00,-1.2000514,34.151337
0002-06-09 19:00:00,-1.2006294,34.151173
0002-06-09 20:00:00,-1.2011813,34.151012
0002-06-09 21:00:00,-1.2017063,34.150856
0002-06-09 22:00:00,-1.2022045,34.150703
0002-06-09 23:00:00,-1.2026757,34.15055
0002-06-10 00:00:00,-1.2031202,34.150402
0002-06-10 01:00:00,-1.2035383,34.150253
0002-06-10 02:00:00,-1.2039295,34.15011
0002-06-10 03:00:00,-1.2042936,34.149967
0002-06-10 04:00:00,-1.2046301,34.14983
0002-06-10 05:00:00,-1.2049394,34.149696
0002-06-10 06:00:00,-1.2052201,34.149563
0002-06-10 07:00:00,-1.2054718,34.149437
0002-06-10 08:00:00,-1.2057159,34.149307
0002-06-10 09:00:00,-1.2058485,34.1492
0002-06-10 10:00:00,-1.2058896,34.149113
0002-06-10 11:00:00,-1.2058731,34.149036
0002-06-10 12:00:00,-1.2058053,34.14897
0002-06-10 13:00:00,-1.2057941,34.14891
0002-06-10 14:00:00,-1.2058803,34.14886
0002-06-10 15:00:00,-1.2060275,34.14882
0002-06-10 16:00:00,-1.206245,34.14878
0002-06-10 17:00:00,-1.206534,34.14874
0002-06-10 18:00:00,-1.2068989,34.148697
0002-06-10 19:00:00,-1.2073264,34.14866
0002-06-10 20:00:00,-1.2078077,34.148613
0002-06-10 21:00:00,-1.2084162,34.148556
0002-06-10 22:00:00,-1.2090855,34.1485
0002-06-10 23:00:00,-1.2097998,34.148445
0002-06-11 00:00:00,-1.2105552,34.1484
0002-06-11 01:00:00,-1.2113482,34.148357
0002-06-11 02:00:00,-1.2121778,34.14832
0002-06-11 03:00:00,-1.2130431,34.14829
0002-06-11 04:00:00,-1.2139432,34.148266
0002-06-11 05:00:00,-1.2148775,34.148247
0002-06-11 06:00:00,-1.2158446,34.148235
0002-06-11 07:00:00,-1.2168442,34.148228
0002-06-11 08:00:00,-1.2178745,34.148228
0002-06-11 09:00:00,-1.2189339,34.148235
0002-06-11 10:00:00,-1.2200205,34.148247
0002-06-11 11:00:00,-1.2211323,34.14827
0002-06-11 12:00:00,-1.2222672,34.148296
0002-06-11 13:00:00,-1.2233313,34.148327
0002-06-11 14:00:00,-1.2242693,34.148365
0002-06-11 15:00:00,-1.2251192,34.148415
0002-06-11 16:00:00,-1.2258013,34.148483
0002-06-11 17:00:00,-1.2264742,34.148556
0002-06-11 18:00:00,-1.2269794,34.148647
0002-06-11 19:00:00,-1.22731,34.148754
0002-06-11 20:00:00,-1.2276807,34.148846
0002-06-11 21:00:00,-1.2282307,34.148922
0002-06-11 22:00:00,-1.2288123,34.148994
0002-06-11 23:00:00,-1.2293683,34.149075
0002-06-12 00:00:00,-1.2298747,34.149162
0002-06-12 01:00:00,-1.2303138,34.14926
0002-06-12 02:00:00,-1.2304581,34.149406
0002-06-12 03:00:00,-1.2303798,34.149582
0002-06-12 04:00:00,-1.2304587,34.14973
0002-06-12 05:00:00,-1.2304289,34.149887
0002-06-12 06:00:00,-1.2303758,34.150032
0002-06-12 07:00:00,-1.2304952,34.150158
0002-06-12 08:00:00,-1.2307035,34.15027
0002-06-12 09:00:00,-1.230894,34.150387
0002-06-12 10:00:00,-1.2310693,34.15051
0002-06-12 11:00:00,-1.2310895,34.150654
0002-06-12 12:00:00,-1.2308991,34.150826
0002-06-12 13:00:00,-1.2306948,34.151
0002-06-12 14:00:00,-1.2306354,34.15116
0002-06-12 15:00:00,-1.230672,34.151306
0002-06-12 16:00:00,-1.2309217,34.151417
0002-06-12 17:00:00,-1.231407,34.151505
0002-06-12 18:00:00,-1.2320113,34.15158
0002-06-12 19:00:00,-1.2326856,34.151653
0002-06-12 20:00:00,-1.2334131,34.151722
0002-06-12 21:00:00,-1.2341849,34.151783
0002-06-12 22:00:00,-1.2349979,34.151848
0002-06-12 23:00:00,-1.2358397,34.15191
0002-06-13 00:00:00,-1.2367039,34.15197
0002-06-13 01:00:00,-1.2375591,34.15204
0002-06-13 02:00:00,-1.2384509,34.152103
0002-06-13 03:00:00,-1.2393742,34.15217
0002-06-13 04:00:00,-1.2403382,34.152225
0002-06-13 05:00:00,-1.2413278,34.152287
0002-06-13 06:00:00,-1.2423433,34.15234
0002-06-13 07:00:00,-1.2433736,34.152393
0002-06-13 08:00:00,-1.2444671,34.152443
0002-06-13 09:00:00,-1.2456155,34.152493
0002-06-13 10:00:00,-1.2468463,34.152534
0002-06-13 11:00:00,-1.2481434,34.152576
0002-06-13 12:00:00,-1.2494899,34.152615
0002-06-13 13:00:00,-1.250853,34.152653
0002-06-13 14:00:00,-1.2522203,34.15269
0002-06-13 15:00:00,-1.253606,34.15272
0002-06-13 16:00:00,-1.2550145,34.152756
0002-06-13 17:00:00,-1.2564495,34.152786
0002-06-13 18:00:00,-1.2579143,34.152817
0002-06-13 19:00:00,-1.2594136,34.152847
0002-06-13 20:00:00,-1.2609524,34.152874
0002-06-13 21:00:00,-1.2625371,34.152905
0002-06-13 22:00:00,-1.2641758,34.15293
0002-06-13 23:00:00,-1.2658781,34.152958
0002-06-14 00:00:00,-1.267656,34.152985
0002-06-14 01:00:00,-1.2695236,34.15301
0002-06-14 02:00:00,-1.2714957,34.153034
0002-06-14 03:00:00,-1.2735817,34.15306
0002-06-14 04:00:00,-1.2757663,34.153084
0002-06-14 05:00:00,-1.2779436,34.15311
0002-06-14 06:00:00,-1.2797492,34.153137
0002-06-14 07:00:00,-1.2808043,34.153168
0002-06-14 08:00:00,-1.2812681,34.1532
0002-06-14 09:00:00,-1.2814592,34.153236
0002-06-14 10:00:00,-1.281572,34.153275
0002-06-14 11:00:00,-1.2816978,34.153313
0002-06-14 12:00:00,-1.2818667,34.153355
0002-06-14 13:00:00,-1.282262,34.153393
0002-06-14 14:00:00,-1.2828655,34.153435
0002-06-14 15:00:00,-1.2834834,34.153477
0002-06-14 16:00:00,-1.2840377,34.153522
0002-06-14 17:00:00,-1.2844622,34.153572
0002-06-14 18:00:00,-1.2847956,34.15362
0002-06-14 19:00:00,-1.2851375,34.15367
0002-06-14 20:00:00,-1.285527,34.153717
0002-06-14 21:00:00,-1.2859608,34.15376
0002-06-14 22:00:00,-1.2864345,34.1538
0002-06-14 23:00:00,-1.2869387,34.153843
0002-06-15 00:00:00,-1.2874628,34.153885
0002-06-15 01:00:00,-1.2879981,34.153923
0002-06-15 02:00:00,-1.2885363,34.153965
0002-06-15 03:00:00,-1.2890692,34.15401
0002-06-15 04:00:00,-1.2895876,34.154053
0002-06-15 05:00:00,-1.2900814,34.154102
0002-06-15 06:00:00,-1.2905351,34.154152
0002-06-15 07:00:00,-1.2909313,34.154205
0002-06-15 08:00:00,-1.2912608,34.154263
0002-06-15 09:00:00,-1.2915076,34.154327
0002-06-15 10:00:00,-1.2916576,34.154396
0002-06-15 11:00:00,-1.2917442,34.154465
0002-06-15 12:00:00,-1.2918398,34.154533
0002-06-15 13:00:00,-1.2920667,34.1546
0002-06-15 14:00:00,-1.2924386,34.15465
0002-06-15 15:00:00,-1.2928778,34.154705
0002-06-15 16:00:00,-1.2933521,34.15475
0002-06-15 17:00:00,-1.2938424,34.154797
0002-06-15 18:00:00,-1.2943379,34.154842
0002-06-15 19:00:00,-1.294832,34.15488
0002-06-15 20:00:00,-1.2953209,34.154922
0002-06-15 21:00:00,-1.2958022,34.154957
0002-06-15 22:00:00,-1.2962737,34.154995
0002-06-15 23:00:00,-1.2967336,34.15503
0002-06-16 00:00:00,-1.2971796,34.15506
0002-06-16 01:00:00,-1.2976122,34.15509
0002-06-16 02:00:00,-1.2980343,34.15512
0002-06-16 03:00:00,-1.2984325,34.155148
0002-06-16 04:00:00,-1.2988299,34.15517
0002-06-16 05:00:00,-1.2992345,34.155193
0002-06-16 06:00:00,-1.2996639,34.15521
0002-06-16 07:00:00,-1.3001282,34.155224
0002-06-16 08:00:00,-1.3006189,34.155235
0002-06-16 09:00:00,-1.3011247,34.155243
0002-06-16 10:00:00,-1.3016359,34.155247
0002-06-16 11:00:00,-1.3021454,34.15525
0002-06-16 12:00:00,-1.3026476,34.15525
0002-06-16 13:00:00,-1.3031347,34.155254
0002-06-16 14:00:00,-1.3035976,34.155262
0002-06-16 15:00:00,-1.304034,34.155273
0002-06-16 16:00:00,-1.304443,34.155285
0002-06-16 17:00:00,-1.3048239,34.1553
0002-06-16 18:00:00,-1.3051765,34.155315
0002-06-16 19:00:00,-1.3055003,34.15533
0002-06-16 20:00:00,-1.3057945,34.15535
0002-06-16 21:00:00,-1.3060583,34.155373
0002-06-16 22:00:00,-1.3062897,34.155396
0002-06-16 23:00:00,-1.3064855,34.15542
0002-06-17 00:00:00,-1.3066422,34.155445
0002-06-17 01:00:00,-1.3067532,34.15548
0002-06-17 02:00:00,-1.306814,34.155514
0002-06-17 03:00:00,-1.3068229,34.15555
0002-06-17 04:00:00,-1.306784,34.15559
0002-06-17 05:00:00,-1.30671,34.155632
0002-06-17 06:00:00,-1.306609,34.155678
0002-06-17 07:00:00,-1.306518,34.15572
0002-06-17 08:00:00,-1.3064642,34.15576
0002-06-17 09:00:00,-1.3064363,34.155804
0002-06-17 10:00:00,-1.3064296,34.155846
0002-06-17 11:00:00,-1.3064399,34.155888
0002-06-17 12:00:00,-1.3064512,34.15593
0002-06-17 13:00:00,-1.3065236,34.155968
0002-06-17 14:00:00,-1.3066874,34.156006
0002-06-17 15:00:00,-1.3069001,34.15604
0002-06-17 16:00:00,-1.3071553,34.156075
0002-06-17 17:00:00,-1.3074514,34.1561
0002-06-17 18:00:00,-1.3077898,34.156128
0002-06-17 19:00:00,-1.3081722,34.15615
0002-06-17 20:00:00,-1.3086001,34.15617
0002-06-17 21:00:00,-1.3090755,34.15619
0002-06-17 22:00:00,-1.3095994,34.1562
0002-06-17 23:00:00,-1.3101745,34.15621
0002-06-18 00:00:00,-1.3108047,34.15622
0002-06-18 01:00:00,-1.3114967,34.156223
0002-06-18 02:00:00,-1.3122609,34.156227
0002-06-18 03:00:00,-1.3131131,34.156223
0002-06-18 04:00:00,-1.3140789,34.15622
0002-06-18 05:00:00,-1.3152006,34.15621
0002-06-18 06:00:00,-1.3165501,34.1562
0002-06-18 07:00:00,-1.3182527,34.15618
0002-06-18 08:00:00,-1.3204254,34.15615
0002-06-18 09:00:00,-1.3216757,34.156136
0002-06-18 10:00:00,-1.3212831,34.156147
0002-06-18 11:00:00,-1.3205217,34.156166
0002-06-18 12:00:00,-1.319787,34.156185
0002-06-18 13:00:00,-1.3196263,34.156193
0002-06-18 14:00:00,-1.3202382,34.156185
0002-06-18 15:00:00,-1.3214363,34.156162
0002-06-18 16:00:00,-1.3233224,34.156128
0002-06-18 17:00:00,-1.3248949,34.156094
0002-06-18 18:00:00,-1.3246304,34.156097
0002-06-18 19:00:00,-1.3238926,34.15611
0002-06-18 20:00:00,-1.3231758,34.156124
0002-06-18 21:00:00,-1.3225921,34.156136
0002-06-18 22:00:00,-1.3221588,34.156143
0002-06-18 23:00:00,-1.3218578,34.156155
0002-06-19 00:00:00,-1.3216642,34.15616
0002-06-19 01:00:00,-1.3215543,34.156162
0002-06-19 02:00:00,-1.3215082,34.156166
0002-06-19 03:00:00,-1.3215092,34.15617
0002-06-19 04:00:00,-1.3215442,34.156174
0002-06-19 05:00:00,-1.3216044,34.156178
0002-06-19 06:00:00,-1.3216816,34.15618
0002-06-19 07:00:00,-1.3217627,34.156185
0002-06-19 08:00:00,-1.3218275,34.156193
0002-06-19 09:00:00,-1.3218666,34.156204
0002-06-19 10:00:00,-1.3218578,34.15622
0002-06-19 11:00:00,-1.3218055,34.15624
0002-06-19 12:00:00,-1.3217022,34.15626
0002-06-19 13:00:00,-1.3216009,34.15629
0002-06-19 14:00:00,-1.3215532,34.15631
0002-06-19 15:00:00,-1.3215854,34.156334
0002-06-19 16:00:00,-1.3216646,34.156353
0002-06-19 17:00:00,-1.3217826,34.156372
0002-06-19 18:00:00,-1.3219416,34.156387
0002-06-19 19:00:00,-1.3221364,34.1564
0002-06-19 20:00:00,-1.3223095,34.156414
0002-06-19 21:00:00,-1.3225409,34.156425
0002-06-19 22:00:00,-1.3227895,34.156433
0002-06-19 23:00:00,-1.3230517,34.156445
0002-06-20 00:00:00,-1.3233246,34.156452
0002-06-20 01:00:00,-1.3236068,34.15646
0002-06-20 02:00:00,-1.3238971,34.15647
0002-06-20 03:00:00,-1.3241953,34.15648
0002-06-20 04:00:00,-1.3245007,34.156483
0002-06-20 05:00:00,-1.3248132,34.15649
0002-06-20 06:00:00,-1.3251328,34.156498
0002-06-20 07:00:00,-1.3254594,34.1565
0002-06-20 08:00:00,-1.3257927,34.15651
0002-06-20 09:00:00,-1.3261327,34.156513
0002-06-20 10:00:00,-1.3264792,34.15652
0002-06-20 11:00:00,-1.3268322,34.156525
0002-06-20 12:00:00,-1.3271915,34.15653
0002-06-20 13:00:00,-1.3275286,34.156532
0002-06-20 14:00:00,-1.3278304,34.156536
0002-06-20 15:00:00,-1.3281147,34.15654
0002-06-20 16:00:00,-1.3283834,34.156548
0002-06-20 17:00:00,-1.3286368,34.15655
0002-06-20 18:00:00,-1.3288746,34.156555
0002-06-20 19:00:00,-1.3290975,34.156563
0002-06-20 20:00:00,-1.3293087,34.15657
0002-06-20 21:00:00,-1.3295112,34.156574
0002-06-20 22:00:00,-1.3297064,34.156586
0002-06-20 23:00:00,-1.3298955,34.156593
0002-06-21 00:00:00,-1.3300787,34.1566
0002-06-21 01:00:00,-1.3302557,34.156612
0002-06-21 02:00:00,-1.3304262,34.15662
0002-06-21 03:00:00,-1.3305895,34.15663
0002-06-21 04:00:00,-1.3307449,34.156647
0002-06-21 05:00:00,-1.3308918,34.15666
0002-06-21 06:00:00,-1.3310299,34.156673
0002-06-21 07:00:00,-1.3311584,34.15669
0002-06-21 08:00:00,-1.3312768,34.156704
0002-06-21 09:00:00,-1.3313841,34.156723
0002-06-21 10:00:00,-1.3314794,34.156742
0002-06-21 11:00:00,-1.3315623,34.15676
0002-06-21 12:00:00,-1.3316314,34.156784
0002-06-21 13:00:00,-1.3317639,34.156807
0002-06-21 14:00:00,-1.3320013,34.156822
0002-06-21 15:00:00,-1.3323009,34.156837
0002-06-21 16:00:00,-1.3326533,34.15685
0002-06-21 17:00:00,-1.3330516,34.156857
0002-06-21 18:00:00,-1.3334903,34.156864
0002-06-21 19:00:00,-1.3339626,34.156868
0002-06-21 20:00:00,-1.334456,34.15687
0002-06-21 21:00:00,-1.3349481,34.156876
0002-06-21 22:00:00,-1.3354105,34.15688
0002-06-21 23:00:00,-1.3358165,34.156883
0002-06-22 00:00:00,-1.3361517,34.15689
0002-06-22 01:00:00,-1.3364214,34.1569
0002-06-22 02:00:00,-1.3366402,34.15691
0002-06-22 03:00:00,-1.3368237,34.15692
0002-06-22 04:00:00,-1.3369807,34.156937
0002-06-22 05:00:00,-1.3371282,34.15695
0002-06-22 06:00:00,-1.3372669,34.15697
0002-06-22 07:00:00,-1.3373973,34.156994
0002-06-22 08:00:00,-1.3375121,34.157017
0002-06-22 09:00:00,-1.3375983,34.157043
0002-06-22 10:00:00,-1.3376365,34.15708
0002-06-22 11:00:00,-1.337609,34.157127
0002-06-22 12:00:00,-1.3375244,34.15718
0002-06-22 13:00:00,-1.3374734,34.157238
0002-06-22 14:00:00,-1.3375158,34.15729
0002-06-22 15:00:00,-1.337611,34.15735
0002-06-22 16:00:00,-1.3377851,34.1574
0002-06-22 17:00:00,-1.3380288,34.157444
0002-06-22 18:00:00,-1.3383219,34.157486
0002-06-22 19:00:00,-1.338654,34.15753
0002-06-22 20:00:00,-1.3390179,34.157574
0002-06-22 21:00:00,-1.3394043,34.157616
0002-06-22 22:00:00,-1.339807,34.15766
0002-06-22 23:00:00,-1.340222,34.157707
0002-06-23 00:00:00,-1.3406467,34.157753
0002-06-23 01:00:00,-1.3410795,34.157803
0002-06-23 02:00:00,-1.3415204,34.157856
0002-06-23 03:00:00,-1.341969,34.15791
0002-06-23 04:00:00,-1.342425,34.157963
0002-06-23 05:00:00,-1.3428879,34.15802
0002-06-23 06:00:00,-1.3433573,34.158077
0002-06-23 07:00:00,-1.3438325,34.15814
0002-06-23 08:00:00,-1.3443118,34.1582
0002-06-23 09:00:00,-1.3447942,34.158264
0002-06-23 10:00:00,-1.3452767,34.158333
0002-06-23 11:00:00,-1.3457565,34.1584
0002-06-23 12:00:00,-1.3462313,34.158478
0002-06-23 13:00:00,-1.3467039,34.15855
0002-06-23 14:00:00,-1.3471725,34.158627
0002-06-23 15:00:00,-1.3476368,34.1587
0002-06-23 16:00:00,-1.3481071,34.158768
0002-06-23 17:00:00,-1.3485903,34.158836
0002-06-23 18:00:00,-1.3490899,34.1589
0002-06-23 19:00:00,-1.349603,34.158962
0002-06-23 20:00:00,-1.350141,34.159023
0002-06-23 21:00:00,-1.3507109,34.159073
0002-06-23 22:00:00,-1.3513134,34.159122
0002-06-23 23:00:00,-1.351951,34.159164
0002-06-24 00:00:00,-1.3526183,34.159203
0002-06-24 01:00:00,-1.3533179,34.159237
0002-06-24 02:00:00,-1.3540422,34.159267
0002-06-24 03:00:00,-1.3547902,34.159294
0002-06-24 04:00:00,-1.355558,34.159317
0002-06-24 05:00:00,-1.3563422,34.15934
0002-06-24 06:00:00,-1.3571395,34.159363
0002-06-24 07:00:00,-1.3579466,34.15938
0002-06-24 08:00:00,-1.3587632,34.1594
0002-06-24 09:00:00,-1.3595918,34.15942
0002-06-24 10:00:00,-1.3604339,34.159435
0002-06-24 11:00:00,-1.3612845,34.15945
0002-06-24 12:00:00,-1.3621444,34.159466
0002-06-24 13:00:00,-1.362885,34.159477
0002-06-24 14:00:00,-1.3634576,34.159477
0002-06-24 15:00:00,-1.3639642,34.15947
0002-06-24 16:00:00,-1.3644357,34.159462
0002-06-24 17:00:00,-1.3648831,34.15945
0002-06-24 18:00:00,-1.3653271,34.15944
0002-06-24 19:00:00,-1.3657691,34.15942
0002-06-24 20:00:00,-1.3662074,34.159397
0002-06-24 21:00:00,-1.3666401,34.159374
0002-06-24 22:00:00,-1.3670595,34.15935
0002-06-24 23:00:00,-1.367462,34.159325
0002-06-25 00:00:00,-1.3678478,34.159298
0002-06-25 01:00:00,-1.3682275,34.159267
0002-06-25 02:00:00,-1.3686025,34.159237
0002-06-25 03:00:00,-1.3689523,34.159206
0002-06-25 04:00:00,-1.3692845,34.159172
0002-06-25 05:00:00,-1.3696009,34.159138
0002-06-25 06:00:00,-1.3699018,34.1591
0002-06-25 07:00:00,-1.3701891,34.159065
0002-06-25 08:00:00,-1.3704623,34.159023
0002-06-25 09:00:00,-1.3707223,34.15898
0002-06-25 10:00:00,-1.370969,34.15894
0002-06-25 11:00:00,-1.3712023,34.158897
0002-06-25 12:00:00,-1.3714224,34.15885
0002-06-25 13:00:00,-1.3717153,34.158806
0002-06-25 14:00:00,-1.3721194,34.158768
0002-06-25 15:00:00,-1.3725761,34.15873
0002-06-25 16:00:00,-1.3730724,34.15869
0002-06-25 17:00:00,-1.3736006,34.158653
0002-06-25 18:00:00,-1.3741574,34.158615
0002-06-25 19:00:00,-1.3747417,34.158577
0002-06-25 20:00:00,-1.3753567,34.15854
0002-06-25 21:00:00,-1.3760005,34.158504
0002-06-25 22:00:00,-1.3766772,34.158466
0002-06-25 23:00:00,-1.377392,34.15843
0002-06-26 00:00:00,-1.3781637,34.158386
0002-06-26 01:00:00,-1.3789737,34.158344
0002-06-26 02:00:00,-1.3798202,34.158306
0002-06-26 03:00:00,-1.3806674,34.158268
0002-06-26 04:00:00,-1.3815863,34.158226
0002-06-26 05:00:00,-1.3825815,34.158184
0002-06-26 06:00:00,-1.3836471,34.15814
0002-06-26 07:00:00,-1.3847928,34.158092
0002-06-26 08:00:00,-1.3860157,34.158047
0002-06-26 09:00:00,-1.3873409,34.157997
0002-06-26 10:00:00,-1.3887814,34.157948
0002-06-26 11:00:00,-1.3903472,34.157894
0002-06-26 12:00:00,-1.3920511,34.157837
0002-06-26 13:00:00,-1.393568,34.157787
0002-06-26 14:00:00,-1.3946775,34.15775
0002-06-26 15:00:00,-1.395544,34.157715
0002-06-26 16:00:00,-1.3962576,34.15769
0002-06-26 17:00:00,-1.3968234,34.157665
0002-06-26 18:00:00,-1.3972993,34.157646
0002-06-26 19:00:00,-1.3976768,34.15763
0002-06-26 20:00:00,-1.3980075,34.157616
0002-06-26 21:00:00,-1.3982866,34.157604
0002-06-26 22:00:00,-1.3985592,34.157593
0002-06-26 23:00:00,-1.398833,34.15758
0002-06-27 00:00:00,-1.3991094,34.15757
0002-06-27 01:00:00,-1.3993866,34.157562
0002-06-27 02:00:00,-1.3996673,34.15755
0002-06-27 03:00:00,-1.3999553,34.15754
0002-06-27 04:00:00,-1.400252,34.157528
0002-06-27 05:00:00,-1.4005573,34.157516
0002-06-27 06:00:00,-1.4008743,34.157505
0002-06-27 07:00:00,-1.4012026,34.157494
0002-06-27 08:00:00,-1.4015497,34.157482
0002-06-27 09:00:00,-1.4019109,34.15747
0002-06-27 10:00:00,-1.4022847,34.15746
0002-06-27 11:00:00,-1.4026674,34.15745
0002-06-27 12:00:00,-1.4031056,34.157436
0002-06-27 13:00:00,-1.4035503,34.157417
0002-06-27 14:00:00,-1.4040102,34.157387
0002-06-27 15:00:00,-1.4044819,34.157352
0002-06-27 16:00:00,-1.4049608,34.15731
0002-06-27 17:00:00,-1.4054431,34.157265
0002-06-27 18:00:00,-1.4059265,34.157215
0002-06-27 19:00:00,-1.406409,34.157166
0002-06-27 20:00:00,-1.4068911,34.15711
0002-06-27 21:00:00,-1.4073716,34.15705
0002-06-27 22:00:00,-1.4078498,34.156986
0002-06-27 23:00:00,-1.4083245,34.15692
0002-06-28 00:00:00,-1.4087955,34.156853
0002-06-28 01:00:00,-1.409263,34.156784
0002-06-28 02:00:00,-1.4097277,34.156708
0002-06-28 03:00:00,-1.4101901,34.15663
0002-06-28 04:00:00,-1.4106494,34.15655
0002-06-28 05:00:00,-1.4111054,34.156467
0002-06-28 06:00:00,-1.411558,34.15638
0002-06-28 07:00:00,-1.4120072,34.15629
0002-06-28 08:00:00,-1.4124529,34.156197
0002-06-28 09:00:00,-1.4128954,34.1561
0002-06-28 10:00:00,-1.4133346,34.156002
0002-06-28 11:00:00,-1.4137721,34.1559
0002-06-28 12:00:00,-1.4142065,34.155792
0002-06-28 13:00:00,-1.414719,34.155693
0002-06-28 14:00:00,-1.4153451,34.155605
0002-06-28 15:00:00,-1.4160353,34.15553
0002-06-28 16:00:00,-1.4167733,34.155453
0002-06-28 17:00:00,-1.4175695,34.155384
0002-06-28 18:00:00,-1.418421,34.155315
0002-06-28 19:00:00,-1.4193203,34.15525
0002-06-28 20:00:00,-1.4202626,34.15519
0002-06-28 21:00:00,-1.421226,34.155136
0002-06-28 22:00:00,-1.4222101,34.15509
0002-06-28 23:00:00,-1.4232974,34.155045
0002-06-29 00:00:00,-1.4244418,34.155
0002-06-29 01:00:00,-1.42564,34.15496
0002-06-29 02:00:00,-1.4268893,34.154926
0002-06-29 03:00:00,-1.428193,34.1549
0002-06-29 04:00:00,-1.4295592,34.154877
0002-06-29 05:00:00,-1.4309766,34.15486
0002-06-29 06:00:00,-1.4324191,34.154854
0002-06-29 07:00:00,-1.4338543,34.154854
0002-06-29 08:00:00,-1.4352676,34.154865
0002-06-29 09:00:00,-1.4366359,34.154892
0002-06-29 10:00:00,-1.4379338,34.154926
0002-06-29 11:00:00,-1.4391,34.154972
0002-06-29 12:00:00,-1.440125,34.155025
0002-06-29 13:00:00,-1.4413072,34.155075
0002-06-29 14:00:00,-1.44295,34.155106
0002-06-29 15:00:00,-1.4450761,34.155132
0002-06-29 16:00:00,-1.4479493,34.155148
0002-06-29 17:00:00,-1.451156,34.15516
0002-06-29 18:00:00,-1.4514915,34.15518
0002-06-29 19:00:00,-1.4505147,34.155205
0002-06-29 20:00:00,-1.4495242,34.155228
0002-06-29 21:00:00,-1.4487753,34.155254
0002-06-29 22:00:00,-1.4482785,34.15528
0002-06-29 23:00:00,-1.4479852,34.155308
0002-06-30 00:00:00,-1.4478397,34.15534
0002-06-30 01:00:00,-1.4477954,34.15537
0002-06-30 02:00:00,-1.4478536,34.1554
0002-06-30 03:00:00,-1.4480289,34.15543
0002-06-30 04:00:00,-1.4483029,34.15546
0002-06-30 05:00:00,-1.4486518,34.15549
0002-06-30 06:00:00,-1.4490532,34.155525
0002-06-30 07:00:00,-1.4494866,34.15556
0002-06-30 08:00:00,-1.4499353,34.155598
0002-06-30 09:00:00,-1.450384,34.15564
0002-06-30 10:00:00,-1.45082,34.15569
0002-06-30 11:00:00,-1.4512326,34.15574
0002-06-30 12:00:00,-1.4516103,34.1558
0002-06-30 13:00:00,-1.4520369,34.155865
0002-06-30 14:00:00,-1.4525418,34.155933
0002-06-30 15:00:00,-1.4530549,34.156002
0002-06-30 16:00:00,-1.4535758,34.15607
0002-06-30 17:00:00,-1.4540955,34.15614
0002-06-30 18:00:00,-1.4546218,34.156204
0002-06-30 19:00:00,-1.4551505,34.156265
0002-06-30 20:00:00,-1.4556794,34.156322
0002-06-30 21:00:00,-1.4562609,34.156376
0002-06-30 22:00:00,-1.4568686,34.156425
0002-06-30 23:00:00,-1.4574887,34.15647
0002-07-01 00:00:00,-1.4581176,34.156513
0002-07-01 01:00:00,-1.4587522,34.15656
0002-07-01 02:00:00,-1.4593848,34.156605
0002-07-01 03:00:00,-1.4600103,34.15665
0002-07-01 04:00:00,-1.4606261,34.156696
0002-07-01 05:00:00,-1.4612299,34.156746
0002-07-01 06:00:00,-1.4618199,34.156796
0002-07-01 07:00:00,-1.4623955,34.156853
0002-07-01 08:00:00,-1.4629555,34.15691
0002-07-01 09:00:00,-1.463498,34.15697
0002-07-01 10:00:00,-1.4640223,34.157036
0002-07-01 11:00:00,-1.4645264,34.157104
0002-07-01 12:00:00,-1.4650081,34.157177
0002-07-01 13:00:00,-1.4654995,34.157257
0002-07-01 14:00:00,-1.4660094,34.157333
0002-07-01 15:00:00,-1.4665115,34.157413
0002-07-01 16:00:00,-1.4670027,34.157497
0002-07-01 17:00:00,-1.467479,34.157578
0002-07-01 18:00:00,-1.4679384,34.15766
0002-07-01 19:00:00,-1.4683771,34.15775
0002-07-01 20:00:00,-1.4687887,34.15784
0002-07-01 21:00:00,-1.4691716,34.157932
0002-07-01 22:00:00,-1.4695202,34.15803
0002-07-01 23:00:00,-1.4698358,34.15813
0002-07-02 00:00:00,-1.4701412,34.158237
0002-07-02 01:00:00,-1.4704305,34.158344
0002-07-02 02:00:00,-1.4706986,34.15845
0002-07-02 03:00:00,-1.4709466,34.158558
0002-07-02 04:00:00,-1.4711791,34.15867
0002-07-02 05:00:00,-1.4714371,34.158768
0002-07-02 06:00:00,-1.4716837,34.158863
0002-07-02 07:00:00,-1.4720325,34.15895
0002-07-02 08:00:00,-1.472429,34.159035
0002-07-02 09:00:00,-1.4728476,34.15912
0002-07-02 10:00:00,-1.4732699,34.159203
0002-07-02 11:00:00,-1.4736857,34.159286
0002-07-02 12:00:00,-1.4740896,34.159374
0002-07-02 13:00:00,-1.4744524,34.15947
0002-07-02 14:00:00,-1.4747617,34.15957
0002-07-02 15:00:00,-1.4750329,34.159676
0002-07-02 16:00:00,-1.4752643,34.15979
0002-07-02 17:00:00,-1.4754524,34.159916
0002-07-02 18:00:00,-1.4755929,34.160053
0002-07-02 19:00:00,-1.4756813,34.160202
0002-07-02 20:00:00,-1.475715,34.160362
0002-07-02 21:00:00,-1.4756894,34.160538
0002-07-02 22:00:00,-1.4755924,34.16073
0002-07-02 23:00:00,-1.4754294,34.160942
0002-07-03 00:00:00,-1.4750915,34.16119
0002-07-03 01:00:00,-1.4746478,34.161465
0002-07-03 02:00:00,-1.4741603,34.161747
0002-07-03 03:00:00,-1.4736772,34.162033
0002-07-03 04:00:00,-1.4732636,34.1623
0002-07-03 05:00:00,-1.4729561,34.16255
0002-07-03 06:00:00,-1.4728035,34.16279
0002-07-03 07:00:00,-1.472667,34.163033
0002-07-03 08:00:00,-1.4725072,34.163284
0002-07-03 09:00:00,-1.4723026,34.163555
0002-07-03 10:00:00,-1.4720405,34.16384
0002-07-03 11:00:00,-1.471622,34.164177
0002-07-03 12:00:00,-1.4710186,34.164574
0002-07-03 13:00:00,-1.4703766,34.164986
0002-07-03 14:00:00,-1.469632,34.16543
0002-07-03 15:00:00,-1.4688679,34.165874
0002-07-03 16:00:00,-1.4681529,34.166313
0002-07-03 17:00:00,-1.4674973,34.166733
0002-07-03 18:00:00,-1.4670306,34.1671
0002-07-03 19:00:00,-1.4667845,34.16743
0002-07-03 20:00:00,-1.4665978,34.16776
0002-07-03 21:00:00,-1.4664133,34.16809
0002-07-03 22:00:00,-1.4662077,34.16843
0002-07-03 23:00:00,-1.4659709,34.168785
0002-07-04 00:00:00,-1.4656988,34.169155
0002-07-04 01:00:00,-1.4653059,34.169582
0002-07-04 02:00:00,-1.4648412,34.17005
0002-07-04 03:00:00,-1.4642332,34.170574
0002-07-04 04:00:00,-1.4636028,34.171116
0002-07-04 05:00:00,-1.4629956,34.171654
0002-07-04 06:00:00,-1.4624516,34.17217
0002-07-04 07:00:00,-1.4619956,34.17265
0002-07-04 08:00:00,-1.461715,34.173065
0002-07-04 09:00:00,-1.4616091,34.173447
0002-07-04 10:00:00,-1.461544,34.173824
0002-07-04 11:00:00,-1.4614812,34.174206
0002-07-04 12:00:00,-1.4614056,34.174595
0002-07-04 13:00:00,-1.4613557,34.174984
0002-07-04 14:00:00,-1.4613554,34.175354
0002-07-04 15:00:00,-1.4613886,34.1757
0002-07-04 16:00:00,-1.461434,34.176056
0002-07-04 17:00:00,-1.4614122,34.176453
0002-07-04 18:00:00,-1.4614244,34.17683
0002-07-04 19:00:00,-1.4614573,34.177193
0002-07-04 20:00:00,-1.4615239,34.17753
0002-07-04 21:00:00,-1.4616046,34.17786
0002-07-04 22:00:00,-1.4616663,34.178226
0002-07-04 23:00:00,-1.4617687,34.178528
0002-07-05 00:00:00,-1.4619722,34.178787
0002-07-05 01:00:00,-1.4621904,34.179028
0002-07-05 02:00:00,-1.4624358,34.17925
0002-07-05 03:00:00,-1.4627105,34.179455
0002-07-05 04:00:00,-1.4630059,34.17965
0002-07-05 05:00:00,-1.4633384,34.17981
0002-07-05 06:00:00,-1.463714,34.17994
0002-07-05 07:00:00,-1.4641283,34.180042
0002-07-05 08:00:00,-1.4645113,34.18013
0002-07-05 09:00:00,-1.464971,34.180202
0002-07-05 10:00:00,-1.4654508,34.180264
0002-07-05 11:00:00,-1.4659475,34.180313
0002-07-05 12:00:00,-1.4664589,34.180363
0002-07-05 13:00:00,-1.4669724,34.1804
0002-07-05 14:00:00,-1.4674829,34.180435
0002-07-05 15:00:00,-1.4679999,34.18046
0002-07-05 16:00:00,-1.4685264,34.18048
0002-07-05 17:00:00,-1.4690635,34.1805
0002-07-05 18:00:00,-1.4696132,34.18051
0002-07-05 19:00:00,-1.4701798,34.18052
0002-07-05 20:00:00,-1.4707979,34.180523
0002-07-05 21:00:00,-1.4714355,34.18052
0002-07-05 22:00:00,-1.4720781,34.180515
0002-07-05 23:00:00,-1.4727381,34.180504
0002-07-06 00:00:00,-1.4734552,34.18049
0002-07-06 01:00:00,-1.474219,34.180466
0002-07-06 02:00:00,-1.4750094,34.18044
0002-07-06 03:00:00,-1.4759678,34.180397
0002-07-06 04:00:00,-1.4770534,34.180347
0002-07-06 05:00:00,-1.4784023,34.18028
0002-07-06 06:00:00,-1.4802164,34.18018
0002-07-06 07:00:00,-1.4829606,34.180023
0002-07-06 08:00:00,-1.4846656,34.179916
0002-07-06 09:00:00,-1.4840841,34.179935
0002-07-06 10:00:00,-1.4832953,34.17997
0002-07-06 11:00:00,-1.4826442,34.179996
0002-07-06 12:00:00,-1.4821798,34.180016
0002-07-06 13:00:00,-1.4820672,34.18002
0002-07-06 14:00:00,-1.4822885,34.18001
0002-07-06 15:00:00,-1.4826516,34.18
0002-07-06 16:00:00,-1.4830965,34.17999
0002-07-06 17:00:00,-1.4835955,34.179977
0002-07-06 18:00:00,-1.4841294,34.179966
0002-07-06 19:00:00,-1.4846882,34.179955
0002-07-06 20:00:00,-1.4852618,34.179943
0002-07-06 21:00:00,-1.4858474,34.179935
0002-07-06 22:00:00,-1.4864422,34.179924
0002-07-06 23:00:00,-1.4870445,34.179916
0002-07-07 00:00:00,-1.4876528,34.179913
0002-07-07 01:00:00,-1.4882653,34.179905
0002-07-07 02:00:00,-1.4888791,34.1799
0002-07-07 03:00:00,-1.4894936,34.1799
0002-07-07 04:00:00,-1.4901088,34.179897
0002-07-07 05:00:00,-1.4907248,34.1799
0002-07-07 06:00:00,-1.4913393,34.1799
0002-07-07 07:00:00,-1.4919548,34.179905
0002-07-07 08:00:00,-1.492571,34.17991
0002-07-07 09:00:00,-1.4931893,34.179913
0002-07-07 10:00:00,-1.493806,34.17992
0002-07-07 11:00:00,-1.4944247,34.179928
0002-07-07 12:00:00,-1.4950445,34.17994
0002-07-07 13:00:00,-1.4956642,34.179947
0002-07-07 14:00:00,-1.4962834,34.179947
0002-07-07 15:00:00,-1.4969045,34.17995
0002-07-07 16:00:00,-1.4975302,34.17995
0002-07-07 17:00:00,-1.4981608,34.179947
0002-07-07 18:00:00,-1.4987961,34.179947
0002-07-07 19:00:00,-1.4994361,34.179943
0002-07-07 20:00:00,-1.5000807,34.17994
0002-07-07 21:00:00,-1.5007299,34.179935
0002-07-07 22:00:00,-1.5013837,34.17993
0002-07-07 23:00:00,-1.5020418,34.179928
0002-07-08 00:00:00,-1.5027041,34.179924
0002-07-08 01:00:00,-1.5033705,34.17992
0002-07-08 02:00:00,-1.5040408,34.179913
0002-07-08 03:00:00,-1.5047148,34.17991
0002-07-08 04:00:00,-1.5053924,34.1799
0002-07-08 05:00:00,-1.5060732,34.179897
0002-07-08 06:00:00,-1.5067573,34.17989
0002-07-08 07:00:00,-1.5074441,34.179886
0002-07-08 08:00:00,-1.5081339,34.17988
0002-07-08 09:00:00,-1.5088263,34.17987
0002-07-08 10:00:00,-1.5095212,34.179863
0002-07-08 11:00:00,-1.5102186,34.17986
0002-07-08 12:00:00,-1.5109185,34.17985
0002-07-08 13:00:00,-1.5115255,34.179836
0002-07-08 14:00:00,-1.5119982,34.179817
0002-07-08 15:00:00,-1.5124055,34.179794
0002-07-08 16:00:00,-1.512768,34.179768
0002-07-08 17:00:00,-1.5130988,34.17974
0002-07-08 18:00:00,-1.5134089,34.179707
0002-07-08 19:00:00,-1.513704,34.179676
0002-07-08 20:00:00,-1.5139858,34.179638
0002-07-08 21:00:00,-1.5142543,34.179604
0002-07-08 22:00:00,-1.5145127,34.179565
0002-07-08 23:00:00,-1.5147583,34.179523
0002-07-09 00:00:00,-1.5149907,34.17948
0002-07-09 01:00:00,-1.5152099,34.17944
0002-07-09 02:00:00,-1.515415,34.179398
0002-07-09 03:00:00,-1.5156077,34.17935
0002-07-09 04:00:00,-1.5157893,34.179306
0002-07-09 05:00:00,-1.5159575,34.17926
0002-07-09 06:00:00,-1.5161152,34.179214
0002-07-09 07:00:00,-1.516261,34.179165
0002-07-09 08:00:00,-1.5163954,34.179115
0002-07-09 09:00:00,-1.5165194,34.17906
0002-07-09 10:00:00,-1.5166317,34.179012
0002-07-09 11:00:00,-1.516734,34.17896
0002-07-09 12:00:00,-1.5168242,34.1789
0002-07-09 13:00:00,-1.5169863,34.178852
0002-07-09 14:00:00,-1.5172529,34.178802
0002-07-09 15:00:00,-1.5175719,34.178757
0002-07-09 16:00:00,-1.5179251,34.17871
0002-07-09 17:00:00,-1.5183082,34.178665
0002-07-09 18:00:00,-1.5187155,34.17862
0002-07-09 19:00:00,-1.5191445,34.178574
0002-07-09 20:00:00,-1.519595,34.17853
0002-07-09 21:00:00,-1.5200689,34.178486
0002-07-09 22:00:00,-1.5205605,34.178444
0002-07-09 23:00:00,-1.5210688,34.1784
0002-07-10 00:00:00,-1.5215955,34.178356
0002-07-10 01:00:00,-1.5221424,34.17831
0002-07-10 02:00:00,-1.5227075,34.17827
0002-07-10 03:00:00,-1.5232878,34.178226
0002-07-10 04:00:00,-1.5238857,34.178185
0002-07-10 05:00:00,-1.5245032,34.178143
0002-07-10 06:00:00,-1.5251387,34.178104
0002-07-10 07:00:00,-1.5257897,34.178062
0002-07-10 08:00:00,-1.5264555,34.178024
0002-07-10 09:00:00,-1.5271379,34.177986
0002-07-10 10:00:00,-1.527839,34.177948
0002-07-10 11:00:00,-1.5285555,34.177914
0002-07-10 12:00:00,-1.5292841,34.177876
0002-07-10 13:00:00,-1.5299984,34.17785
0002-07-10 14:00:00,-1.5306889,34.177822
0002-07-10 15:00:00,-1.5313673,34.177803
0002-07-10 16:00:00,-1.5320294,34.177788
0002-07-10 17:00:00,-1.532681,34.177773
0002-07-10 18:00:00,-1.5333241,34.177765
0002-07-10 19:00:00,-1.5339628,34.177757
0002-07-10 20:00:00,-1.5345912,34.177753
0002-07-10 21:00:00,-1.5352166,34.17775
0002-07-10 22:00:00,-1.5358326,34.17775
0002-07-10 23:00:00,-1.5364429,34.177753
0002-07-11 00:00:00,-1.5370437,34.177757
0002-07-11 01:00:00,-1.5376318,34.177765
0002-07-11 02:00:00,-1.538209,34.177773
0002-07-11 03:00:00,-1.5387709,34.177784
0002-07-11 04:00:00,-1.5393254,34.1778
0002-07-11 05:00:00,-1.5398728,34.177814
0002-07-11 06:00:00,-1.5404059,34.17783
0002-07-11 07:00:00,-1.5409298,34.17785
0002-07-11 08:00:00,-1.5414505,34.177868
0002-07-11 09:00:00,-1.5419701,34.17789
0002-07-11 10:00:00,-1.5424918,34.177914
0002-07-11 11:00:00,-1.5430244,34.177937
0002-07-11 12:00:00,-1.5435724,34.177963
0002-07-11 13:00:00,-1.5441308,34.177982
0002-07-11 14:00:00,-1.5446951,34.177998
0002-07-11 15:00:00,-1.5452664,34.17801
0002-07-11 16:00:00,-1.5458436,34.178017
0002-07-11 17:00:00,-1.5464247,34.17802
0002-07-11 18:00:00,-1.5470079,34.17803
0002-07-11 19:00:00,-1.5475919,34.178032
0002-07-11 20:00:00,-1.5481757,34.178036
0002-07-11 21:00:00,-1.5487587,34.178036
0002-07-11 22:00:00,-1.5493407,34.178036
0002-07-11 23:00:00,-1.5499218,34.17804
0002-07-12 00:00:00,-1.5505022,34.178036
0002-07-12 01:00:00,-1.5510824,34.178036
0002-07-12 02:00:00,-1.5516627,34.178032
0002-07-12 03:00:00,-1.552243,34.178032
0002-07-12 04:00:00,-1.5528233,34.17803
0002-07-12 05:00:00,-1.5534071,34.17802
0002-07-12 06:00:00,-1.5539951,34.178017
0002-07-12 07:00:00,-1.5545874,34.17801
0002-07-12 08:00:00,-1.5551835,34.178
0002-07-12 09:00:00,-1.5557826,34.177994
0002-07-12 10:00:00,-1.556384,34.177982
0002-07-12 11:00:00,-1.5569862,34.17797
0002-07-12 12:00:00,-1.5575883,34.177963
0002-07-12 13:00:00,-1.558178,34.17795
0002-07-12 14:00:00,-1.5587491,34.177948
0002-07-12 15:00:00,-1.5593097,34.177944
0002-07-12 16:00:00,-1.5598636,34.177944
0002-07-12 17:00:00,-1.5604156,34.177944
0002-07-12 18:00:00,-1.5609689,34.177944
0002-07-12 19:00:00,-1.5615257,34.177944
0002-07-12 20:00:00,-1.5620878,34.177948
0002-07-12 21:00:00,-1.5626553,34.177948
0002-07-12 22:00:00,-1.5632275,34.17795
0002-07-12 23:00:00,-1.5638056,34.17795
0002-07-13 00:00:00,-1.5643896,34.177956
0002-07-13 01:00:00,-1.5649793,34.17796
0002-07-13 02:00:00,-1.565575,34.177963
0002-07-13 03:00:00,-1.5661767,34.177967
0002-07-13 04:00:00,-1.5667844,34.17797
0002-07-13 05:00:00,-1.5673987,34.177975
0002-07-13 06:00:00,-1.5680196,34.177982
0002-07-13 07:00:00,-1.5686474,34.177986
0002-07-13 08:00:00,-1.5692809,34.177994
0002-07-13 09:00:00,-1.5699215,34.177998
0002-07-13 10:00:00,-1.5705693,34.178005
0002-07-13 11:00:00,-1.5712246,34.178013
0002-07-13 12:00:00,-1.5718868,34.17802
0002-07-13 13:00:00,-1.5726631,34.177998
0002-07-13 14:00:00,-1.5736176,34.17793
0002-07-13 15:00:00,-1.5747097,34.17783
0002-07-13 16:00:00,-1.5759159,34.177696
0002-07-13 17:00:00,-1.5772327,34.17753
0002-07-13 18:00:00,-1.57869,34.177326
0002-07-13 19:00:00,-1.5803051,34.177082
0002-07-13 20:00:00,-1.5822698,34.176777
0002-07-13 21:00:00,-1.5839009,34.17647
0002-07-13 22:00:00,-1.5852002,34.176178
0002-07-13 23:00:00,-1.5863245,34.175877
0002-07-14 00:00:00,-1.5871038,34.175602
0002-07-14 01:00:00,-1.5875977,34.17535
0002-07-14 02:00:00,-1.5880307,34.17509
0002-07-14 03:00:00,-1.5882806,34.174847
0002-07-14 04:00:00,-1.588369,34.174618
0002-07-14 05:00:00,-1.5884824,34.17437
0002-07-14 06:00:00,-1.5883803,34.174156
0002-07-14 07:00:00,-1.5884353,34.173897
0002-07-14 08:00:00,-1.5883907,34.173656
0002-07-14 09:00:00,-1.5883077,34.17342
0002-07-14 10:00:00,-1.5882859,34.173157
0002-07-14 11:00:00,-1.5881792,34.17291
0002-07-14 12:00:00,-1.5880433,34.17267
0002-07-14 13:00:00,-1.5880661,34.172432
0002-07-14 14:00:00,-1.5881835,34.172264
0002-07-14 15:00:00,-1.5883662,34.172127
0002-07-14 16:00:00,-1.5886042,34.17201
0002-07-14 17:00:00,-1.5888919,34.171906
0002-07-14 18:00:00,-1.5892102,34.171825
0002-07-14 19:00:00,-1.5895528,34.17176
0002-07-14 20:00:00,-1.5899712,34.171696
0002-07-14 21:00:00,-1.5904061,34.171646
0002-07-14 22:00:00,-1.5908465,34.171616
0002-07-14 23:00:00,-1.5913061,34.171597
0002-07-15 00:00:00,-1.5917677,34.171593
0002-07-15 01:00:00,-1.5922543,34.1716
0002-07-15 02:00:00,-1.5927411,34.17162
0002-07-15 03:00:00,-1.5932205,34.17165
0002-07-15 04:00:00,-1.5937027,34.171696
0002-07-15 05:00:00,-1.5941985,34.17175
0002-07-15 06:00:00,-1.59466,34.17182
0002-07-15 07:00:00,-1.5951471,34.171898
0002-07-15 08:00:00,-1.5956472,34.17198
0002-07-15 09:00:00,-1.5961052,34.172077
0002-07-15 10:00:00,-1.5965815,34.172184
0002-07-15 11:00:00,-1.5970852,34.172295
0002-07-15 12:00:00,-1.597572,34.172413
0002-07-15 13:00:00,-1.5980264,34.17252
0002-07-15 14:00:00,-1.5985044,34.172607
0002-07-15 15:00:00,-1.5989702,34.17268
0002-07-15 16:00:00,-1.5994598,34.172745
0002-07-15 17:00:00,-1.5999447,34.172802
0002-07-15 18:00:00,-1.6004679,34.172855
0002-07-15 19:00:00,-1.6010199,34.1729
0002-07-15 20:00:00,-1.6015838,34.172947
0002-07-15 21:00:00,-1.6021569,34.17299
0002-07-15 22:00:00,-1.6027379,34.17303
0002-07-15 23:00:00,-1.6033255,34.173065
0002-07-16 00:00:00,-1.6039186,34.173103
0002-07-16 01:00:00,-1.6045161,34.173138
0002-07-16 02:00:00,-1.6051185,34.17317
0002-07-16 03:00:00,-1.6057265,34.1732
0002-07-16 04:00:00,-1.606337,34.173225
0002-07-16 05:00:00,-1.6069548,34.173252
0002-07-16 06:00:00,-1.6075771,34.17328
0002-07-16 07:00:00,-1.6082256,34.1733
0002-07-16 08:00:00,-1.608893,34.17332
0002-07-16 09:00:00,-1.6095638,34.17334
0002-07-16 10:00:00,-1.6102439,34.173355
0002-07-16 11:00:00,-1.6109258,34.173367
0002-07-16 12:00:00,-1.611649,34.173378
0002-07-16 13:00:00,-1.6123625,34.17338
0002-07-16 14:00:00,-1.6130571,34.173363
0002-07-16 15:00:00,-1.6137617,34.173336
0002-07-16 16:00:00,-1.614493,34.173294
0002-07-16 17:00:00,-1.6152687,34.173244
0002-07-16 18:00:00,-1.6161007,34.17318
0002-07-16 19:00:00,-1.6169834,34.173103
0002-07-16 20:00:00,-1.6179295,34.173008
0002-07-16 21:00:00,-1.6189504,34.172894
0002-07-16 22:00:00,-1.6199934,34.172764
0002-07-16 23:00:00,-1.6208913,34.172623
0002-07-17 00:00:00,-1.6214206,34.172497
0002-07-17 01:00:00,-1.6215543,34.172394
0002-07-17 02:00:00,-1.6214281,34.17231
0002-07-17 03:00:00,-1.6211874,34.172234
0002-07-17 04:00:00,-1.6208891,34.17216
0002-07-17 05:00:00,-1.6205913,34.17209
0002-07-17 06:00:00,-1.6203034,34.172012
0002-07-17 07:00:00,-1.6200273,34.171936
0002-07-17 08:00:00,-1.6197641,34.171856
0002-07-17 09:00:00,-1.619506,34.171776
0002-07-17 10:00:00,-1.6192471,34.17169
0002-07-17 11:00:00,-1.618979,34.171608
0002-07-17 12:00:00,-1.6187336,34.171513
0002-07-17 13:00:00,-1.618519,34.171436
0002-07-17 14:00:00,-1.6184434,34.171356
0002-07-17 15:00:00,-1.6183956,34.17129
0002-07-17 16:00:00,-1.6183953,34.171223
0002-07-17 17:00:00,-1.6184076,34.171165
0002-07-17 18:00:00,-1.6184436,34.171104
0002-07-17 19:00:00,-1.6184949,34.171047
0002-07-17 20:00:00,-1.6185579,34.17099
0002-07-17 21:00:00,-1.6186318,34.170937
0002-07-17 22:00:00,-1.6187148,34.170883
0002-07-17 23:00:00,-1.6188009,34.170834
0002-07-18 00:00:00,-1.6189024,34.170784
0002-07-18 01:00:00,-1.618998,34.17074
0002-07-18 02:00:00,-1.6190935,34.170696
0002-07-18 03:00:00,-1.6191934,34.170654
0002-07-18 04:00:00,-1.6193023,34.170612
0002-07-18 05:00:00,-1.6194116,34.170574
0002-07-18 06:00:00,-1.6195188,34.170536
0002-07-18 07:00:00,-1.619625,34.1705
0002-07-18 08:00:00,-1.6197299,34.170467
0002-07-18 09:00:00,-1.6198429,34.170437
0002-07-18 10:00:00,-1.619961,34.170403
0002-07-18 11:00:00,-1.6200775,34.170372
0002-07-18 12:00:00,-1.6201954,34.170345
0002-07-18 13:00:00,-1.6203519,34.170307
0002-07-18 14:00:00,-1.6205666,34.170254
0002-07-18 15:00:00,-1.6208174,34.170197
0002-07-18 16:00:00,-1.6210996,34.17013
0002-07-18 17:00:00,-1.6214103,34.170063
0002-07-18 18:00:00,-1.6217427,34.169994
0002-07-18 19:00:00,-1.6221176,34.169914
0002-07-18 20:00:00,-1.6225252,34.169827
0002-07-18 21:00:00,-1.6229587,34.16974
0002-07-18 22:00:00,-1.6234117,34.169647
0002-07-18 23:00:00,-1.6238796,34.169556
0002-07-19 00:00:00,-1.6243938,34.169456
0002-07-19 01:00:00,-1.6249378,34.16935
0002-07-19 02:00:00,-1.6255063,34.169243
0002-07-19 03:00:00,-1.6260914,34.169132
0002-07-19 04:00:00,-1.6266882,34.16902
0002-07-19 05:00:00,-1.6272858,34.168915
0002-07-19 06:00:00,-1.6278926,34.168808
0002-07-19 07:00:00,-1.6284887,34.168705
0002-07-19 08:00:00,-1.6290654,34.168606
0002-07-19 09:00:00,-1.6296694,34.168503
0002-07-19 10:00:00,-1.6302032,34.168415
0002-07-19 11:00:00,-1.6307257,34.16833
0002-07-19 12:00:00,-1.6312572,34.168247
0002-07-19 13:00:00,-1.6318012,34.168175
0002-07-19 14:00:00,-1.6324325,34.1681
0002-07-19 15:00:00,-1.6330699,34.16803
0002-07-19 16:00:00,-1.6336823,34.167973
0002-07-19 17:00:00,-1.6342474,34.16793
0002-07-19 18:00:00,-1.6347609,34.1679
0002-07-19 19:00:00,-1.6352235,34.16788
0002-07-19 20:00:00,-1.6356171,34.167877
0002-07-19 21:00:00,-1.6359651,34.16788
0002-07-19 22:00:00,-1.6362655,34.167896
0002-07-19 23:00:00,-1.6365024,34.167923
0002-07-20 00:00:00,-1.6367242,34.167957
0002-07-20 01:00:00,-1.6369047,34.168
0002-07-20 02:00:00,-1.6370825,34.16805
0002-07-20 03:00:00,-1.6372186,34.168106
0002-07-20 04:00:00,-1.6373992,34.168167
0002-07-20 05:00:00,-1.6375862,34.16823
0002-07-20 06:00:00,-1.6377598,34.1683
0002-07-20 07:00:00,-1.637966,34.16838
0002-07-20 08:00:00,-1.6381367,34.168472
0002-07-20 09:00:00,-1.6382022,34.16859
0002-07-20 10:00:00,-1.6382794,34.168716
0002-07-20 11:00:00,-1.6383377,34.16885
0002-07-20 12:00:00,-1.6383917,34.168983
0002-07-20 13:00:00,-1.638539,34.16911
0002-07-20 14:00:00,-1.6387988,34.169216
0002-07-20 15:00:00,-1.6390781,34.169315
0002-07-20 16:00:00,-1.6393795,34.16941
0002-07-20 17:00:00,-1.6396984,34.1695
0002-07-20 18:00:00,-1.6400359,34.16958
0002-07-20 19:00:00,-1.640379,34.16966
0002-07-20 20:00:00,-1.6407346,34.169735
0002-07-20 21:00:00,-1.6411021,34.169804
0002-07-20 22:00:00,-1.641484,34.169872
0002-07-20 23:00:00,-1.6418753,34.169937
0002-07-21 00:00:00,-1.642275,34.17
0002-07-21 01:00:00,-1.6426849,34.170055
0002-07-21 02:00:00,-1.6430981,34.17011
0002-07-21 03:00:00,-1.6435181,34.170162
0002-07-21 04:00:00,-1.6439425,34.17021
0002-07-21 05:00:00,-1.6443738,34.170258
0002-07-21 06:00:00,-1.6448152,34.1703
0002-07-21 07:00:00,-1.6452624,34.17034
0002-07-21 08:00:00,-1.6457143,34.17038
0002-07-21 09:00:00,-1.6461698,34.170418
0002-07-21 10:00:00,-1.6466275,34.17045
0002-07-21 11:00:00,-1.647086,34.170483
0002-07-21 12:00:00,-1.6475434,34.170513
0002-07-21 13:00:00,-1.6479827,34.170536
0002-07-21 14:00:00,-1.6483997,34.17055
0002-07-21 15:00:00,-1.6488075,34.170555
0002-07-21 16:00:00,-1.6492084,34.17056
0002-07-21 17:00:00,-1.649602,34.170555
0002-07-21 18:00:00,-1.649986,34.170547
0002-07-21 19:00:00,-1.6503608,34.170536
0002-07-21 20:00:00,-1.650726,34.17052
0002-07-21 21:00:00,-1.651116,34.1705
0002-07-21 22:00:00,-1.6514851,34.170475
0002-07-21 23:00:00,-1.6518317,34.17045
0002-07-22 00:00:00,-1.6521682,34.170414
0002-07-22 01:00:00,-1.652495,34.170376
0002-07-22 02:00:00,-1.6528127,34.170334
0002-07-22 03:00:00,-1.6531204,34.170284
0002-07-22 04:00:00,-1.6534156,34.170235
0002-07-22 05:00:00,-1.6536973,34.170177
0002-07-22 06:00:00,-1.6539568,34.17012
0002-07-22 07:00:00,-1.6542274,34.170055
0002-07-22 08:00:00,-1.6544882,34.169983
0002-07-22 09:00:00,-1.6547472,34.169907
0002-07-22 10:00:00,-1.6549968,34.169827
0002-07-22 11:00:00,-1.6552325,34.169743
0002-07-22 12:00:00,-1.6554549,34.16965
0002-07-22 13:00:00,-1.6556839,34.169567
0002-07-22 14:00:00,-1.655894,34.169495
0002-07-22 15:00:00,-1.6561534,34.16941
0002-07-22 16:00:00,-1.6564227,34.16933
0002-07-22 17:00:00,-1.6566985,34.169247
0002-07-22 18:00:00,-1.6569763,34.169163
0002-07-22 19:00:00,-1.6572591,34.169075
0002-07-22 20:00:00,-1.6575427,34.168987
0002-07-22 21:00:00,-1.6578263,34.168896
0002-07-22 22:00:00,-1.6581107,34.168804
0002-07-22 23:00:00,-1.6583947,34.168713
0002-07-23 00:00:00,-1.6586778,34.168617
0002-07-23 01:00:00,-1.6589594,34.16852
0002-07-23 02:00:00,-1.6592438,34.168423
0002-07-23 03:00:00,-1.6595281,34.16832
0002-07-23 04:00:00,-1.6598115,34.16822
0002-07-23 05:00:00,-1.6600947,34.168114
0002-07-23 06:00:00,-1.6603751,34.168007
0002-07-23 07:00:00,-1.6606619,34.1679
0002-07-23 08:00:00,-1.6609572,34.16778
0002-07-23 09:00:00,-1.6612529,34.167664
0002-07-23 10:00:00,-1.661546,34.167545
0002-07-23 11:00:00,-1.6618373,34.167423
0002-07-23 12:00:00,-1.6621258,34.1673
0002-07-23 13:00:00,-1.6624194,34.167187
0002-07-23 14:00:00,-1.6627814,34.167065
0002-07-23 15:00:00,-1.6631677,34.166946
0002-07-23 16:00:00,-1.6635745,34.166832
0002-07-23 17:00:00,-1.6640002,34.166714
0002-07-23 18:00:00,-1.6644396,34.1666
0002-07-23 19:00:00,-1.6648945,34.166485
0002-07-23 20:00:00,-1.6653666,34.16637
0002-07-23 21:00:00,-1.6658522,34.16626
0002-07-23 22:00:00,-1.6663567,34.166145
0002-07-23 23:00:00,-1.6668804,34.166035
0002-07-24 00:00:00,-1.6674267,34.16592
0002-07-24 01:00:00,-1.6679899,34.165806
0002-07-24 02:00:00,-1.6685693,34.16569
0002-07-24 03:00:00,-1.6691638,34.16558
0002-07-24 04:00:00,-1.6697977,34.165466
0002-07-24 05:00:00,-1.6704352,34.16535
0002-07-24 06:00:00,-1.6710663,34.16525
0002-07-24 07:00:00,-1.6717399,34.16514
0002-07-24 08:00:00,-1.6724262,34.165028
0002-07-24 09:00:00,-1.6731322,34.16492
0002-07-24 10:00:00,-1.6738604,34.164814
0002-07-24 11:00:00,-1.6746088,34.16471
0002-07-24 12:00:00,-1.6754048,34.1646
0002-07-24 13:00:00,-1.6762117,34.164494
0002-07-24 14:00:00,-1.6770324,34.164383
0002-07-24 15:00:00,-1.6779065,34.16427
0002-07-24 16:00:00,-1.6788169,34.16415
0002-07-24 17:00:00,-1.6797583,34.164032
0002-07-24 18:00:00,-1.6807346,34.16391
0002-07-24 19:00:00,-1.6817384,34.163788
0002-07-24 20:00:00,-1.6828121,34.16366
0002-07-24 21:00:00,-1.6839074,34.16353
0002-07-24 22:00:00,-1.685013,34.1634
0002-07-24 23:00:00,-1.6861643,34.16327
0002-07-25 00:00:00,-1.6873224,34.163143
0002-07-25 01:00:00,-1.6885216,34.163013
0002-07-25 02:00:00,-1.689747,34.162884
0002-07-25 03:00:00,-1.6909912,34.162754
0002-07-25 04:00:00,-1.6922556,34.16263
0002-07-25 05:00:00,-1.693535,34.1625
0002-07-25 06:00:00,-1.6948212,34.162373
0002-07-25 07:00:00,-1.6961162,34.16225
0002-07-25 08:00:00,-1.697397,34.162132
0002-07-25 09:00:00,-1.6986778,34.162018
0002-07-25 10:00:00,-1.6999545,34.161903
0002-07-25 11:00:00,-1.7012261,34.161793
0002-07-25 12:00:00,-1.7024937,34.161686
0002-07-25 13:00:00,-1.70377,34.16158
0002-07-25 14:00:00,-1.7050964,34.161472
0002-07-25 15:00:00,-1.706452,34.16136
0002-07-25 16:00:00,-1.7078218,34.161255
0002-07-25 17:00:00,-1.7092066,34.161144
0002-07-25 18:00:00,-1.7105962,34.16104
0002-07-25 19:00:00,-1.7119882,34.160934
0002-07-25 20:00:00,-1.71338,34.160835
0002-07-25 21:00:00,-1.7147694,34.160736
0002-07-25 22:00:00,-1.7161635,34.16064
0002-07-25 23:00:00,-1.717555,34.160545
0002-07-26 00:00:00,-1.7189432,34.160454
0002-07-26 01:00:00,-1.7203263,34.160366
0002-07-26 02:00:00,-1.7217144,34.16028
0002-07-26 03:00:00,-1.7231034,34.160194
0002-07-26 04:00:00,-1.7244925,34.16011
0002-07-26 05:00:00,-1.7258757,34.160034
0002-07-26 06:00:00,-1.7272505,34.159958
0002-07-26 07:00:00,-1.7286192,34.15988
0002-07-26 08:00:00,-1.7299811,34.159813
0002-07-26 09:00:00,-1.7313256,34.159744
0002-07-26 10:00:00,-1.7326763,34.15968
0002-07-26 11:00:00,-1.7340131,34.15962
0002-07-26 12:00:00,-1.7353408,34.159557
0002-07-26 13:00:00,-1.7366133,34.159504
0002-07-26 14:00:00,-1.7378029,34.159466
0002-07-26 15:00:00,-1.7388937,34.15944
0002-07-26 16:00:00,-1.7399963,34.159412
0002-07-26 17:00:00,-1.7410711,34.159393
0002-07-26 18:00:00,-1.7421176,34.159378
0002-07-26 19:00:00,-1.7431655,34.15937
0002-07-26 20:00:00,-1.7441928,34.159363
0002-07-26 21:00:00,-1.7451999,34.15936
0002-07-26 22:00:00,-1.7462462,34.15936
0002-07-26 23:00:00,-1.747264,34.159367
0002-07-27 00:00:00,-1.7482305,34.159378
0002-07-27 01:00:00,-1.749167,34.159397
0002-07-27 02:00:00,-1.7500249,34.159428
0002-07-27 03:00:00,-1.7508088,34.15946
0002-07-27 04:00:00,-1.7514838,34.1595
0002-07-27 05:00:00,-1.7521244,34.159542
0002-07-27 06:00:00,-1.7528867,34.159584
0002-07-27 07:00:00,-1.7536668,34.159626
0002-07-27 08:00:00,-1.7544072,34.159676
0002-07-27 09:00:00,-1.7550784,34.159733
0002-07-27 10:00:00,-1.7557298,34.159798
0002-07-27 11:00:00,-1.7562989,34.159863
0002-07-27 12:00:00,-1.756783,34.159935
0002-07-27 13:00:00,-1.7572521,34.16
0002-07-27 14:00:00,-1.7578449,34.16006
0002-07-27 15:00:00,-1.7584527,34.16012
0002-07-27 16:00:00,-1.759036,34.16018
0002-07-27 17:00:00,-1.759578,34.160236
0002-07-27 18:00:00,-1.7600977,34.160294
0002-07-27 19:00:00,-1.7606428,34.160347
0002-07-27 20:00:00,-1.7611189,34.1604
0002-07-27 21:00:00,-1.7616616,34.16045
0002-07-27 22:00:00,-1.7622497,34.160496
0002-07-27 23:00:00,-1.7628427,34.16054
0002-07-28 00:00:00,-1.7634082,34.16059
0002-07-28 01:00:00,-1.7639266,34.160637
0002-07-28 02:00:00,-1.7643813,34.16069
0002-07-28 03:00:00,-1.7647947,34.160744
0002-07-28 04:00:00,-1.7652243,34.160793
0002-07-28 05:00:00,-1.7656323,34.16084
0002-07-28 06:00:00,-1.766062,34.160885
0002-07-28 07:00:00,-1.7665466,34.16093
0002-07-28 08:00:00,-1.7670354,34.160973
0002-07-28 09:00:00,-1.7675129,34.161015
0002-07-28 10:00:00,-1.7679386,34.16106
0002-07-28 11:00:00,-1.7683122,34.16111
0002-07-28 12:00:00,-1.7686331,34.16116
0002-07-28 13:00:00,-1.7689447,34.161205
0002-07-28 14:00:00,-1.7692761,34.161247
0002-07-28 15:00:00,-1.7696228,34.161285
0002-07-28 16:00:00,-1.7699889,34.16132
0002-07-28 17:00:00,-1.7703708,34.161354
0002-07-28 18:00:00,-1.770752,34.161385
0002-07-28 19:00:00,-1.771117,34.161415
0002-07-28 20:00:00,-1.7714534,34.161446
0002-07-28 21:00:00,-1.771751,34.161472
0002-07-28 22:00:00,-1.7720071,34.161503
0002-07-28 23:00:00,-1.7722135,34.161533
0002-07-29 00:00:00,-1.7723837,34.161564
0002-07-29 01:00:00,-1.7725611,34.16159
0002-07-29 02:00:00,-1.772751,34.161617
0002-07-29 03:00:00,-1.7729342,34.16164
0002-07-29 04:00:00,-1.773103,34.161663
0002-07-29 05:00:00,-1.7732563,34.161686
0002-07-29 06:00:00,-1.7733845,34.16171
0002-07-29 07:00:00,-1.7734779,34.16173
0002-07-29 08:00:00,-1.7735288,34.16176
0002-07-29 09:00:00,-1.7735333,34.161785
0002-07-29 10:00:00,-1.773484,34.16181
0002-07-29 11:00:00,-1.7734003,34.16184
0002-07-29 12:00:00,-1.773293,34.16187
0002-07-29 13:00:00,-1.7732699,34.161896
0002-07-29 14:00:00,-1.7733693,34.161922
0002-07-29 15:00:00,-1.773536,34.161945
0002-07-29 16:00:00,-1.7737461,34.161972
0002-07-29 17:00:00,-1.7739849,34.162
0002-07-29 18:00:00,-1.7742441,34.162025
0002-07-29 19:00:00,-1.7745196,34.16205
0002-07-29 20:00:00,-1.7748098,34.162075
0002-07-29 21:00:00,-1.7751135,34.1621
0002-07-29 22:00:00,-1.7754306,34.16213
0002-07-29 23:00:00,-1.7757616,34.162155
0002-07-30 00:00:00,-1.7761074,34.16218
0002-07-30 01:00:00,-1.7764679,34.16221
0002-07-30 02:00:00,-1.776829,34.162235
0002-07-30 03:00:00,-1.777214,34.162262
0002-07-30 04:00:00,-1.7776372,34.162285
0002-07-30 05:00:00,-1.7780948,34.16231
0002-07-30 06:00:00,-1.7785786,34.162334
0002-07-30 07:00:00,-1.779087,34.162357
0002-07-30 08:00:00,-1.77962,34.16238
0002-07-30 09:00:00,-1.7801753,34.162403
0002-07-30 10:00:00,-1.7807504,34.162426
0002-07-30 11:00:00,-1.7813432,34.162453
0002-07-30 12:00:00,-1.7819523,34.162476
0002-07-30 13:00:00,-1.7825509,34.1625
0002-07-30 14:00:00,-1.7831248,34.16252
0002-07-30 15:00:00,-1.7836894,34.162544
0002-07-30 16:00:00,-1.7842478,34.162567
0002-07-30 17:00:00,-1.784801,34.162586
0002-07-30 18:00:00,-1.7853491,34.16261
0002-07-30 19:00:00,-1.7858915,34.162632
0002-07-30 20:00:00,-1.7864273,34.16265
0002-07-30 21:00:00,-1.7869552,34.162674
0002-07-30 22:00:00,-1.7874738,34.162697
0002-07-30 23:00:00,-1.7879812,34.16272
0002-07-31 00:00:00,-1.788472,34.162743
0002-07-31 01:00:00,-1.7889633,34.16277
0002-07-31 02:00:00,-1.7894762,34.16279
0002-07-31 03:00:00,-1.7900156,34.16281
0002-07-31 04:00:00,-1.7905805,34.16283
0002-07-31 05:00:00,-1.7911675,34.16285
0002-07-31 06:00:00,-1.7917722,34.16287
0002-07-31 07:00:00,-1.7923907,34.162888
0002-07-31 08:00:00,-1.7930195,34.162907
0002-07-31 09:00:00,-1.7936556,34.162926
0002-07-31 10:00:00,-1.7942964,34.162945
0002-07-31 11:00:00,-1.7949398,34.16296
0002-07-31 12:00:00,-1.795584,34.16298
0002-07-31 13:00:00,-1.7962539,34.163
0002-07-31 14:00:00,-1.7969593,34.163017
0002-07-31 15:00:00,-1.7976795,34.163033
0002-07-31 16:00:00,-1.7984078,34.16305
0002-07-31 17:00:00,-1.7991385,34.163067
0002-07-31 18:00:00,-1.7998663,34.163086
0002-07-31 19:00:00,-1.800585,34.163105
0002-07-31 20:00:00,-1.8012881,34.16312
0002-07-31 21:00:00,-1.8019689,34.16314
0002-07-31 22:00:00,-1.8026205,34.163155
0002-07-31 23:00:00,-1.8032361,34.163174
0002-08-01 00:00:00,-1.8038093,34.163193
0002-08-01 01:00:00,-1.8043337,34.16321
0002-08-01 02:00:00,-1.8048018,34.163235
0002-08-01 03:00:00,-1.8052099,34.163254
0002-08-01 04:00:00,-1.8055621,34.163277
0002-08-01 05:00:00,-1.8058866,34.1633
0002-08-01 06:00:00,-1.8061979,34.16332
0002-08-01 07:00:00,-1.8065052,34.16334
0002-08-01 08:00:00,-1.8068137,34.16336
0002-08-01 09:00:00,-1.8071243,34.16338
0002-08-01 10:00:00,-1.8074383,34.1634
0002-08-01 11:00:00,-1.807757,34.163418
0002-08-01 12:00:00,-1.8080804,34.163433
0002-08-01 13:00:00,-1.808356,34.163452
0002-08-01 14:00:00,-1.8085698,34.16347
0002-08-01 15:00:00,-1.8087639,34.16349
0002-08-01 16:00:00,-1.8089508,34.16351
0002-08-01 17:00:00,-1.8091362,34.16353
0002-08-01 18:00:00,-1.809324,34.163548
0002-08-01 19:00:00,-1.8095165,34.163567
0002-08-01 20:00:00,-1.8097147,34.163586
0002-08-01 21:00:00,-1.809918,34.163605
0002-08-01 22:00:00,-1.8101252,34.163624
0002-08-01 23:00:00,-1.8103343,34.163647
0002-08-02 00:00:00,-1.8105422,34.16367
0002-08-02 01:00:00,-1.8107458,34.163692
0002-08-02 02:00:00,-1.8109417,34.163715
0002-08-02 03:00:00,-1.8111265,34.16374
0002-08-02 04:00:00,-1.8112974,34.163765
0002-08-02 05:00:00,-1.8114518,34.16379
0002-08-02 06:00:00,-1.8115882,34.16382
0002-08-02 07:00:00,-1.8117064,34.16385
0002-08-02 08:00:00,-1.8118113,34.16388
0002-08-02 09:00:00,-1.8119148,34.16391
0002-08-02 10:00:00,-1.812033,34.16394
0002-08-02 11:00:00,-1.812164,34.163967
0002-08-02 12:00:00,-1.8123274,34.163994
0002-08-02 13:00:00,-1.8125243,34.16402
0002-08-02 14:00:00,-1.8127495,34.164043
0002-08-02 15:00:00,-1.8129996,34.16407
0002-08-02 16:00:00,-1.8132669,34.164093
0002-08-02 17:00:00,-1.8135438,34.164116
0002-08-02 18:00:00,-1.8138247,34.16414
0002-08-02 19:00:00,-1.8141049,34.164165
0002-08-02 20:00:00,-1.8143806,34.16419
0002-08-02 21:00:00,-1.8146491,34.164215
0002-08-02 22:00:00,-1.8149081,34.16424
0002-08-02 23:00:00,-1.8151555,34.16427
0002-08-03 00:00:00,-1.8153893,34.1643
0002-08-03 01:00:00,-1.8156078,34.16433
0002-08-03 02:00:00,-1.8158088,34.164364
0002-08-03 03:00:00,-1.8159903,34.1644
0002-08-03 04:00:00,-1.8161507,34.164433
0002-08-03 05:00:00,-1.8162879,34.16447
0002-08-03 06:00:00,-1.8164012,34.16451
0002-08-03 07:00:00,-1.8164889,34.16455
0002-08-03 08:00:00,-1.8165495,34.164593
0002-08-03 09:00:00,-1.8165848,34.16464
0002-08-03 10:00:00,-1.8165994,34.16469
0002-08-03 11:00:00,-1.8166026,34.164734
0002-08-03 12:00:00,-1.8166066,34.164783
0002-08-03 13:00:00,-1.8167087,34.16483
0002-08-03 14:00:00,-1.8169558,34.16487
0002-08-03 15:00:00,-1.8173027,34.164906
0002-08-03 16:00:00,-1.8177482,34.164936
0002-08-03 17:00:00,-1.8182837,34.164963
0002-08-03 18:00:00,-1.8188999,34.164986
0002-08-03 19:00:00,-1.8195891,34.165005
0002-08-03 20:00:00,-1.8203475,34.16502
0002-08-03 21:00:00,-1.8211756,34.16503
0002-08-03 22:00:00,-1.8220772,34.165043
0002-08-03 23:00:00,-1.8230594,34.165054
0002-08-04 00:00:00,-1.824131,34.16506
0002-08-04 01:00:00,-1.8253117,34.165062
0002-08-04 02:00:00,-1.8266281,34.165066
0002-08-04 03:00:00,-1.8281153,34.165066
0002-08-04 04:00:00,-1.8298099,34.165066
0002-08-04 05:00:00,-1.8317127,34.165062
0002-08-04 06:00:00,-1.8336543,34.16506
0002-08-04 07:00:00,-1.8351729,34.165054
0002-08-04 08:00:00,-1.8358852,34.165054
0002-08-04 09:00:00,-1.8359156,34.165062
0002-08-04 10:00:00,-1.8356135,34.165073
0002-08-04 11:00:00,-1.8352436,34.165085
0002-08-04 12:00:00,-1.8349235,34.165096
0002-08-04 13:00:00,-1.8349347,34.16511
0002-08-04 14:00:00,-1.8353137,34.165123
0002-08-04 15:00:00,-1.8358415,34.165134
0002-08-04 16:00:00,-1.836443,34.165146
0002-08-04 17:00:00,-1.8370674,34.165157
0002-08-04 18:00:00,-1.8376788,34.16517
0002-08-04 19:00:00,-1.8382457,34.16518
0002-08-04 20:00:00,-1.8387489,34.16519
0002-08-04 21:00:00,-1.8391818,34.165207
0002-08-04 22:00:00,-1.8395497,34.16522
0002-08-04 23:00:00,-1.8398647,34.165234
0002-08-05 00:00:00,-1.8401415,34.16525
0002-08-05 01:00:00,-1.8403922,34.165264
0002-08-05 02:00:00,-1.8406283,34.16528
0002-08-05 03:00:00,-1.8408604,34.165295
0002-08-05 04:00:00,-1.8410946,34.165314
0002-08-05 05:00:00,-1.8413324,34.16533
0002-08-05 06:00:00,-1.8415794,34.165348
0002-08-05 07:00:00,-1.8418363,34.165367
0002-08-05 08:00:00,-1.842103,34.165386
0002-08-05 09:00:00,-1.8423783,34.165405
0002-08-05 10:00:00,-1.8426608,34.165424
0002-08-05 11:00:00,-1.8429483,34.165447
0002-08-05 12:00:00,-1.843239,34.16547
0002-08-05 13:00:00,-1.8435909,34.165493
0002-08-05 14:00:00,-1.8440175,34.165516
0002-08-05 15:00:00,-1.8444695,34.16554
0002-08-05 16:00:00,-1.8449365,34.165558
0002-08-05 17:00:00,-1.8449413,34.16558
0002-08-05 18:00:00,-1.8449423,34.1656
0002-08-05 19:00:00,-1.8449434,34.16562
0002-08-05 20:00:00,-1.8449442,34.165634
0002-08-05 21:00:00,-1.8449452,34.165653
0002-08-05 22:00:00,-1.844946,34.16567
0002-08-05 23:00:00,-1.8449469,34.165684
0002-08-06 00:00:00,-1.8449476,34.165695
0002-08-06 01:00:00,-1.8449483,34.16571
0002-08-06 02:00:00,-1.844949,34.16572
0002-08-06 03:00:00,-1.8449496,34.165733
0002-08-06 04:00:00,-1.8449502,34.165745
0002-08-06 05:00:00,-1.8449508,34.165756
0002-08-06 06:00:00,-1.8449513,34.165764
0002-08-06 07:00:00,-1.8449519,34.165775
0002-08-06 08:00:00,-1.8449523,34.165783
0002-08-06 09:00:00,-1.8449528,34.165794
0002-08-06 10:00:00,-1.8449533,34.165802
0002-08-06 11:00:00,-1.8449538,34.16581
0002-08-06 12:00:00,-1.8449543,34.165817
0002-08-06 13:00:00,-1.8449546,34.165825
0002-08-06 14:00:00,-1.8449548,34.16583
0002-08-06 15:00:00,-1.8449551,34.165836
0002-08-06 16:00:00,-1.8449553,34.16584
0002-08-06 17:00:00,-1.8449558,34.165848
0002-08-06 18:00:00,-1.8449564,34.16586
0002-08-06 19:00:00,-1.8449572,34.165874
0002-08-06 20:00:00,-1.8449582,34.165894
0002-08-06 21:00:00,-1.8449594,34.165913
0002-08-06 22:00:00,-1.8449607,34.16594
0002-08-06 23:00:00,-1.8449622,34.165966
0002-08-07 00:00:00,-1.8449638,34.165997
0002-08-07 01:00:00,-1.8449657,34.16603
0002-08-07 02:00:00,-1.8449678,34.16607
0002-08-07 03:00:00,-1.8449702,34.166115
0002-08-07 04:00:00,-1.844973,34.16617
0002-08-07 05:00:00,-1.8449762,34.166225
0002-08-07 06:00:00,-1.8449798,34.16629
0002-08-07 07:00:00,-1.8447504,34.166363
0002-08-07 08:00:00,-1.8443751,34.166447
0002-08-07 09:00:00,-1.8439153,34.166534
0002-08-07 10:00:00,-1.8433768,34.166634
0002-08-07 11:00:00,-1.8427602,34.16674
0002-08-07 12:00:00,-1.8420273,34.166862
0002-08-07 13:00:00,-1.841318,34.16699
0002-08-07 14:00:00,-1.840698,34.16711
0002-08-07 15:00:00,-1.8402026,34.16722
0002-08-07 16:00:00,-1.8397954,34.167324
0002-08-07 17:00:00,-1.8395048,34.16742
0002-08-07 18:00:00,-1.8392807,34.16751
0002-08-07 19:00:00,-1.8390948,34.1676
0002-08-07 20:00:00,-1.8389283,34.16769
0002-08-07 21:00:00,-1.8387713,34.16778
0002-08-07 22:00:00,-1.8386184,34.167873
0002-08-07 23:00:00,-1.838466,34.16797
0002-08-08 00:00:00,-1.8383114,34.168064
0002-08-08 01:00:00,-1.8381665,34.168163
0002-08-08 02:00:00,-1.8380181,34.168266
0002-08-08 03:00:00,-1.8378788,34.168365
0002-08-08 04:00:00,-1.8377403,34.168472
0002-08-08 05:00:00,-1.837601,34.168575
0002-08-08 06:00:00,-1.8374608,34.168686
0002-08-08 07:00:00,-1.8373175,34.168797
0002-08-08 08:00:00,-1.8371694,34.168907
0002-08-08 09:00:00,-1.8370155,34.169025
0002-08-08 10:00:00,-1.8368522,34.169144
0002-08-08 11:00:00,-1.8366089,34.169277
0002-08-08 12:00:00,-1.8363422,34.16942
0002-08-08 13:00:00,-1.8360815,34.169563
0002-08-08 14:00:00,-1.8358302,34.169697
0002-08-08 15:00:00,-1.8356065,34.169827
0002-08-08 16:00:00,-1.8354516,34.169945
0002-08-08 17:00:00,-1.8353643,34.170048
0002-08-08 18:00:00,-1.8353928,34.170135
0002-08-08 19:00:00,-1.8354152,34.170208
0002-08-08 20:00:00,-1.8355595,34.17027
0002-08-08 21:00:00,-1.8357478,34.17032
0002-08-08 22:00:00,-1.8359703,34.170364
0002-08-08 23:00:00,-1.8362162,34.170406
0002-08-09 00:00:00,-1.8364791,34.170444
0002-08-09 01:00:00,-1.8367534,34.170475
0002-08-09 02:00:00,-1.8370413,34.170506
0002-08-09 03:00:00,-1.8373412,34.17053
0002-08-09 04:00:00,-1.8376522,34.17055
0002-08-09 05:00:00,-1.8379709,34.170574
0002-08-09 06:00:00,-1.8382977,34.17059
0002-08-09 07:00:00,-1.8386328,34.170605
0002-08-09 08:00:00,-1.8389947,34.17062
0002-08-09 09:00:00,-1.8393579,34.170628
0002-08-09 10:00:00,-1.839721,34.17064
0002-08-09 11:00:00,-1.8400903,34.170643
0002-08-09 12:00:00,-1.8404636,34.170647
0002-08-09 13:00:00,-1.840829,34.17065
0002-08-09 14:00:00,-1.8411667,34.17065
0002-08-09 15:00:00,-1.8414748,34.17065
0002-08-09 16:00:00,-1.8417602,34.17065
0002-08-09 17:00:00,-1.8419948,34.170647
0002-08-09 18:00:00,-1.8422602,34.170643
0002-08-09 19:00:00,-1.8425157,34.170635
0002-08-09 20:00:00,-1.8427641,34.170628
0002-08-09 21:00:00,-1.8430057,34.17062
0002-08-09 22:00:00,-1.8432404,34.17061
0002-08-09 23:00:00,-1.8434693,34.170593
0002-08-10 00:00:00,-1.8436897,34.170578
0002-08-10 01:00:00,-1.8439025,34.170563
0002-08-10 02:00:00,-1.8441082,34.170544
0002-08-10 03:00:00,-1.8443075,34.17052
0002-08-10 04:00:00,-1.8444995,34.170498
0002-08-10 05:00:00,-1.8446826,34.17047
0002-08-10 06:00:00,-1.8448577,34.170444
0002-08-10 07:00:00,-1.8450227,34.170414
0002-08-10 08:00:00,-1.8451741,34.170383
0002-08-10 09:00:00,-1.8451989,34.17035
0002-08-10 10:00:00,-1.8451971,34.170315
0002-08-10 11:00:00,-1.845195,34.17028
0002-08-10 12:00:00,-1.8451931,34.170242
0002-08-10 13:00:00,-1.8451914,34.17021
0002-08-10 14:00:00,-1.8451898,34.17018
0002-08-10 15:00:00,-1.8451884,34.170155
0002-08-10 16:00:00,-1.8451871,34.17013
0002-08-10 17:00:00,-1.8451858,34.170105
0002-08-10 18:00:00,-1.8451846,34.170086
0002-08-10 19:00:00,-1.8451834,34.170063
0002-08-10 20:00:00,-1.8451823,34.170044
0002-08-10 21:00:00,-1.8451813,34.170025
0002-08-10 22:00:00,-1.8451805,34.17001
0002-08-10 23:00:00,-1.8451797,34.169994
0002-08-11 00:00:00,-1.845179,34.16998
0002-08-11 01:00:00,-1.8451782,34.169968
0002-08-11 02:00:00,-1.8451777,34.169956
0002-08-11 03:00:00,-1.8451772,34.16995
0002-08-11 04:00:00,-1.8451767,34.169937
0002-08-11 05:00:00,-1.8451763,34.16993
0002-08-11 06:00:00,-1.845176,34.169926
0002-08-11 07:00:00,-1.8451757,34.16992
0002-08-11 08:00:00,-1.8451755,34.169918
0002-08-11 09:00:00,-1.8451754,34.169914
0002-08-11 10:00:00,-1.8451754,34.169914
0002-08-11 11:00:00,-1.8451754,34.169914
0002-08-11 12:00:00,-1.8451755,34.169918
0002-08-11 13:00:00,-1.8451755,34.169918
0002-08-11 14:00:00,-1.8451753,34.169914
0002-08-11 15:00:00,-1.845175,34.16991
0002-08-11 16:00:00,-1.8451748,34.169903
0002-08-11 17:00:00,-1.8451744,34.169895
0002-08-11 18:00:00,-1.8451741,34.16989
0002-08-11 19:00:00,-1.8451736,34.169884
0002-08-11 20:00:00,-1.8451732,34.169876
0002-08-11 21:00:00,-1.8451728,34.169865
0002-08-11 22:00:00,-1.8451723,34.169857
0002-08-11 23:00:00,-1.8451718,34.16985
0002-08-12 00:00:00,-1.8451713,34.16984
0002-08-12 01:00:00,-1.8451709,34.16983
0002-08-12 02:00:00,-1.8451704,34.169823
0002-08-12 03:00:00,-1.8451699,34.16981
0002-08-12 04:00:00,-1.8451694,34.169804
0002-08-12 05:00:00,-1.8451688,34.169792
0002-08-12 06:00:00,-1.8451684,34.169785
0002-08-12 07:00:00,-1.8451678,34.169773
0002-08-12 08:00:00,-1.8451673,34.16976
0002-08-12 09:00:00,-1.8451667,34.169754
0002-08-12 10:00:00,-1.8451661,34.169743
0002-08-12 11:00:00,-1.8451655,34.16973
0002-08-12 12:00:00,-1.8451649,34.16972
0002-08-12 13:00:00,-1.8451644,34.169712
0002-08-12 14:00:00,-1.845164,34.169704
0002-08-12 15:00:00,-1.8451636,34.169697
0002-08-12 16:00:00,-1.8451632,34.16969
0002-08-12 17:00:00,-1.8451629,34.16968
0002-08-12 18:00:00,-1.8451625,34.169678
0002-08-12 19:00:00,-1.8451622,34.16967
0002-08-12 20:00:00,-1.8451619,34.169666
0002-08-12 21:00:00,-1.8451617,34.16966
0002-08-12 22:00:00,-1.8451614,34.169655
0002-08-12 23:00:00,-1.8451612,34.16965
0002-08-13 00:00:00,-1.845161,34.169647
0002-08-13 01:00:00,-1.8451607,34.169643
0002-08-13 02:00:00,-1.8451606,34.16964
0002-08-13 03:00:00,-1.8451605,34.16964
0002-08-13 04:00:00,-1.8451604,34.169636
0002-08-13 05:00:00,-1.8451602,34.169636
0002-08-13 06:00:00,-1.8451602,34.169632
0002-08-13 07:00:00,-1.8451601,34.169632
0002-08-13 08:00:00,-1.8451601,34.169632
0002-08-13 09:00:00,-1.8451601,34.169632
0002-08-13 10:00:00,-1.8451601,34.169632
0002-08-13 11:00:00,-1.8451602,34.169632
0002-08-13 12:00:00,-1.8451602,34.169636
0002-08-13 13:00:00,-1.8451604,34.169636
0002-08-13 14:00:00,-1.8451604,34.169636
0002-08-13 15:00:00,-1.8451605,34.16964
0002-08-13 16:00:00,-1.8451605,34.16964
0002-08-13 17:00:00,-1.8451605,34.16964
0002-08-13 18:00:00,-1.8451606,34.16964
0002-08-13 19:00:00,-1.8451606,34.169643
0002-08-13 20:00:00,-1.8451607,34.169643
0002-08-13 21:00:00,-1.8451608,34.169643
0002-08-13 22:00:00,-1.845161,34.169647
0002-08-13 23:00:00,-1.8451611,34.16965
0002-08-14 00:00:00,-1.8451613,34.169655
0002-08-14 01:00:00,-1.8451616,34.16966
0002-08-14 02:00:00,-1.8451618,34.169662
0002-08-14 03:00:00,-1.845162,34.169666
0002-08-14 04:00:00,-1.8451624,34.169674
0002-08-14 05:00:00,-1.8451627,34.16968
0002-08-14 06:00:00,-1.8451631,34.169685
0002-08-14 07:00:00,-1.8451636,34.169697
0002-08-14 08:00:00,-1.8451641,34.169704
0002-08-14 09:00:00,-1.8451645,34.169712
0002-08-14 10:00:00,-1.8451651,34.169724
0002-08-14 11:00:00,-1.8451657,34.169735
0002-08-14 12:00:00,-1.8451663,34.169746
0002-08-14 13:00:00,-1.8451669,34.169758
0002-08-14 14:00:00,-1.8451675,34.16977
0002-08-14 15:00:00,-1.845168,34.169777
0002-08-14 16:00:00,-1.8451685,34.16979
0002-08-14 17:00:00,-1.845169,34.169796
0002-08-14 18:00:00,-1.8451693,34.169804
0002-08-14 19:00:00,-1.8451697,34.169807
0002-08-14 20:00:00,-1.84517,34.169815
0002-08-14 21:00:00,-1.8451703,34.16982
0002-08-14 22:00:00,-1.8451704,34.169823
0002-08-14 23:00:00,-1.8451705,34.169827
0002-08-15 00:00:00,-1.8451706,34.169827
0002-08-15 01:00:00,-1.8451707,34.16983
0002-08-15 02:00:00,-1.8451709,34.16983
0002-08-15 03:00:00,-1.8451709,34.16983
0002-08-15 04:00:00,-1.8451707,34.16983
0002-08-15 05:00:00,-1.8451707,34.169827
0002-08-15 06:00:00,-1.8451706,34.169827
0002-08-15 07:00:00,-1.8451705,34.169823
0002-08-15 08:00:00,-1.8451703,34.16982
0002-08-15 09:00:00,-1.84517,34.169815
0002-08-15 10:00:00,-1.8451698,34.16981
0002-08-15 11:00:00,-1.8451695,34.169807
0002-08-15 12:00:00,-1.8451692,34.1698
0002-08-15 13:00:00,-1.8451688,34.169792
0002-08-15 14:00:00,-1.8451682,34.169785
0002-08-15 15:00:00,-1.8451676,34.16977
0002-08-15 16:00:00,-1.8451669,34.169758
0002-08-15 17:00:00,-1.8451661,34.169743
0002-08-15 18:00:00,-1.8451653,34.169727
0002-08-15 19:00:00,-1.8451643,34.16971
0002-08-15 20:00:00,-1.8451632,34.16969
0002-08-15 21:00:00,-1.8451622,34.16967
0002-08-15 22:00:00,-1.845161,34.169647
0002-08-15 23:00:00,-1.8451598,34.169624
0002-08-16 00:00:00,-1.8451585,34.1696
0002-08-16 01:00:00,-1.845157,34.169575
0002-08-16 02:00:00,-1.8451556,34.169548
0002-08-16 03:00:00,-1.845154,34.16952
0002-08-16 04:00:00,-1.8451525,34.16949
0002-08-16 05:00:00,-1.8451508,34.16946
0002-08-16 06:00:00,-1.845149,34.169426
0002-08-16 07:00:00,-1.8451473,34.16939
0002-08-16 08:00:00,-1.8451452,34.169357
0002-08-16 09:00:00,-1.8451432,34.16932
0002-08-16 10:00:00,-1.8451412,34.16928
0002-08-16 11:00:00,-1.8451389,34.16924
0002-08-16 12:00:00,-1.8451366,34.169197
0002-08-16 13:00:00,-1.845134,34.169147
0002-08-16 14:00:00,-1.8451312,34.169094
0002-08-16 15:00:00,-1.845128,34.169037
0002-08-16 16:00:00,-1.8451248,34.16898
0002-08-16 17:00:00,-1.8451216,34.16892
0002-08-16 18:00:00,-1.8451183,34.168858
0002-08-16 19:00:00,-1.845115,34.168797
0002-08-16 20:00:00,-1.8451115,34.16873
0002-08-16 21:00:00,-1.8451082,34.16867
0002-08-16 22:00:00,-1.8451048,34.168606
0002-08-16 23:00:00,-1.8451014,34.168545
0002-08-17 00:00:00,-1.845098,34.16848
0002-08-17 01:00:00,-1.8450946,34.16842
0002-08-17 02:00:00,-1.8450912,34.168358
0002-08-17 03:00:00,-1.8450879,34.168293
0002-08-17 04:00:00,-1.8450843,34.16823
0002-08-17 05:00:00,-1.8450811,34.168167
0002-08-17 06:00:00,-1.8450778,34.168106
0002-08-17 07:00:00,-1.845074,34.168037
0002-08-17 08:00:00,-1.8450707,34.167976
0002-08-17 09:00:00,-1.8450675,34.167915
0002-08-17 10:00:00,-1.8450638,34.16785
0002-08-17 11:00:00,-1.8450605,34.167786
0002-08-17 12:00:00,-1.845057,34.167725
0002-08-17 13:00:00,-1.8450539,34.167667
0002-08-17 14:00:00,-1.845051,34.167614
0002-08-17 15:00:00,-1.8450488,34.16757
0002-08-17 16:00:00,-1.8450465,34.16753
0002-08-17 17:00:00,-1.8450445,34.167492
0002-08-17 18:00:00,-1.8450426,34.167458
0002-08-17 19:00:00,-1.8450409,34.167423
0002-08-17 20:00:00,-1.8450394,34.167397
0002-08-17 21:00:00,-1.8450377,34.167366
0002-08-17 22:00:00,-1.8450364,34.16734
0002-08-17 23:00:00,-1.8450352,34.167316
0002-08-18 00:00:00,-1.8450341,34.167297
0002-08-18 01:00:00,-1.8450332,34.167282
0002-08-18 02:00:00,-1.8450325,34.167267
0002-08-18 03:00:00,-1.8450317,34.167255
0002-08-18 04:00:00,-1.845031,34.16724
0002-08-18 05:00:00,-1.8450304,34.167233
0002-08-18 06:00:00,-1.8450301,34.167225
0002-08-18 07:00:00,-1.8450297,34.167217
0002-08-18 08:00:00,-1.8450295,34.167213
0002-08-18 09:00:00,-1.8450294,34.16721
0002-08-18 10:00:00,-1.8450294,34.16721
0002-08-18 11:00:00,-1.8450295,34.167213
0002-08-18 12:00:00,-1.8450298,34.16722
0002-08-18 13:00:00,-1.8450297,34.167217
0002-08-18 14:00:00,-1.8450291,34.167206
0002-08-18 15:00:00,-1.845028,34.167187
0002-08-18 16:00:00,-1.8450269,34.167164
0002-08-18 17:00:00,-1.8450254,34.167137
0002-08-18 18:00:00,-1.8450239,34.167107
0002-08-18 19:00:00,-1.8450221,34.167076
0002-08-18 20:00:00,-1.8450203,34.16704
0002-08-18 21:00:00,-1.8450185,34.167007
0002-08-18 22:00:00,-1.8450165,34.166973
0002-08-18 23:00:00,-1.8450146,34.166935
0002-08-19 00:00:00,-1.8450125,34.166897
0002-08-19 01:00:00,-1.8450105,34.16686
0002-08-19 02:00:00,-1.8450084,34.166824
0002-08-19 03:00:00,-1.8450063,34.166786
0002-08-19 04:00:00,-1.8450043,34.166748
0002-08-19 05:00:00,-1.8450023,34.16671
0002-08-19 06:00:00,-1.8450003,34.16667
0002-08-19 07:00:00,-1.8449982,34.166634
0002-08-19 08:00:00,-1.8449963,34.1666
0002-08-19 09:00:00,-1.8449944,34.166565
0002-08-19 10:00:00,-1.8449926,34.16653
0002-08-19 11:00:00,-1.8449908,34.166496
0002-08-19 12:00:00,-1.8449891,34.166466
0002-08-19 13:00:00,-1.8449875,34.166435
0002-08-19 14:00:00,-1.8449861,34.16641
0002-08-19 15:00:00,-1.8449848,34.166386
0002-08-19 16:00:00,-1.8449835,34.16636
0002-08-19 17:00:00,-1.8449823,34.166336
0002-08-19 18:00:00,-1.8449812,34.166317
0002-08-19 19:00:00,-1.84498,34.166298
0002-08-19 20:00:00,-1.8449789,34.166275
0002-08-19 21:00:00,-1.8449779,34.166256
0002-08-19 22:00:00,-1.8449768,34.166237
0002-08-19 23:00:00,-1.8449757,34.166214
0002-08-20 00:00:00,-1.8449745,34.166195
0002-08-20 01:00:00,-1.8449733,34.166172
0002-08-20 02:00:00,-1.8449721,34.16615
0002-08-20 03:00:00,-1.844971,34.166126
0002-08-20 04:00:00,-1.8449696,34.166103
0002-08-20 05:00:00,-1.8449684,34.16608
0002-08-20 06:00:00,-1.8449671,34.166058
0002-08-20 07:00:00,-1.8449657,34.16603
0002-08-20 08:00:00,-1.8449644,34.166008
0002-08-20 09:00:00,-1.844963,34.16598
0002-08-20 10:00:00,-1.8449616,34.16596
0002-08-20 11:00:00,-1.8449606,34.165936
0002-08-20 12:00:00,-1.8449591,34.16591
0002-08-20 13:00:00,-1.8449577,34.165886
0002-08-20 14:00:00,-1.844956,34.16585
0002-08-20 15:00:00,-1.844954,34.165817
0002-08-20 16:00:00,-1.844952,34.16578
0002-08-20 17:00:00,-1.8449498,34.165737
0002-08-20 18:00:00,-1.8449476,34.165695
0002-08-20 19:00:00,-1.8449452,34.16565
0002-08-20 20:00:00,-1.8449427,34.165607
0002-08-20 21:00:00,-1.8449402,34.165558
0002-08-20 22:00:00,-1.8449376,34.165512
0002-08-20 23:00:00,-1.844935,34.165462
0002-08-21 00:00:00,-1.8449324,34.165417
0002-08-21 01:00:00,-1.8449299,34.16537
0002-08-21 02:00:00,-1.8449275,34.165325
0002-08-21 03:00:00,-1.8449253,34.165283
0002-08-21 04:00:00,-1.8449231,34.165245
0002-08-21 05:00:00,-1.8449212,34.165207
0002-08-21 06:00:00,-1.8449194,34.165173
0002-08-21 07:00:00,-1.8449178,34.165142
0002-08-21 08:00:00,-1.8449161,34.165115
0002-08-21 09:00:00,-1.8449147,34.165085
0002-08-21 10:00:00,-1.8449134,34.165062
0002-08-21 11:00:00,-1.844912,34.16504
0002-08-21 12:00:00,-1.844911,34.165016
0002-08-21 13:00:00,-1.8449097,34.164993
0002-08-21 14:00:00,-1.8449081,34.164963
0002-08-21 15:00:00,-1.8449064,34.164932
0002-08-21 16:00:00,-1.8449045,34.164898
0002-08-21 17:00:00,-1.8449028,34.164867
0002-08-21 18:00:00,-1.844901,34.164833
0002-08-21 19:00:00,-1.844899,34.1648
0002-08-21 20:00:00,-1.8448973,34.164764
0002-08-21 21:00:00,-1.8448954,34.16473
0002-08-21 22:00:00,-1.8448935,34.164696
0002-08-21 23:00:00,-1.8448917,34.16466
0002-08-22 00:00:00,-1.8448898,34.164627
0002-08-22 01:00:00,-1.844888,34.164593
0002-08-22 02:00:00,-1.8448861,34.16456
0002-08-22 03:00:00,-1.8448842,34.164524
0002-08-22 04:00:00,-1.8448824,34.164486
0002-08-22 05:00:00,-1.8448805,34.16445
0002-08-22 06:00:00,-1.8448786,34.164417
0002-08-22 07:00:00,-1.8448766,34.164383
0002-08-22 08:00:00,-1.8448747,34.16435
0002-08-22 09:00:00,-1.8448728,34.164314
0002-08-22 10:00:00,-1.8448708,34.164272
0002-08-22 11:00:00,-1.8448689,34.164238
0002-08-22 12:00:00,-1.844867,34.164204
0002-08-22 13:00:00,-1.8448651,34.164165
0002-08-22 14:00:00,-1.844863,34.16413
0002-08-22 15:00:00,-1.8448611,34.164097
0002-08-22 16:00:00,-1.8448592,34.16406
0002-08-22 17:00:00,-1.8448575,34.16403
0002-08-22 18:00:00,-1.8448555,34.163994
0002-08-22 19:00:00,-1.8448536,34.163956
0002-08-22 20:00:00,-1.8448517,34.16392
0002-08-22 21:00:00,-1.8448498,34.163887
0002-08-22 22:00:00,-1.8448479,34.16385
0002-08-22 23:00:00,-1.8448459,34.163815
0002-08-23 00:00:00,-1.844844,34.163776
0002-08-23 01:00:00,-1.8448421,34.163742
0002-08-23 02:00:00,-1.8448402,34.163708
0002-08-23 03:00:00,-1.8448381,34.16367
0002-08-23 04:00:00,-1.8448362,34.163635
0002-08-23 05:00:00,-1.8448343,34.163597
0002-08-23 06:00:00,-1.8448324,34.163563
0002-08-23 07:00:00,-1.8448305,34.16353
0002-08-23 08:00:00,-1.8448287,34.163494
0002-08-23 09:00:00,-1.8448268,34.16346
0002-08-23 10:00:00,-1.844825,34.163425
0002-08-23 11:00:00,-1.8448232,34.163395
0002-08-23 12:00:00,-1.8448215,34.16336
0002-08-23 13:00:00,-1.8448198,34.16333
0002-08-23 14:00:00,-1.8448182,34.1633
0002-08-23 15:00:00,-1.8448168,34.163273
0002-08-23 16:00:00,-1.8448154,34.163246
0002-08-23 17:00:00,-1.8448141,34.163223
0002-08-23 18:00:00,-1.8448129,34.1632
0002-08-23 19:00:00,-1.8448119,34.16318
0002-08-23 20:00:00,-1.844811,34.163166
0002-08-23 21:00:00,-1.8448101,34.16315
0002-08-23 22:00:00,-1.8448094,34.16314
0002-08-23 23:00:00,-1.8448088,34.163128
0002-08-24 00:00:00,-1.8448085,34.16312
0002-08-24 01:00:00,-1.8448081,34.163113
0002-08-24 02:00:00,-1.8448079,34.16311
0002-08-24 03:00:00,-1.8448079,34.16311
0002-08-24 04:00:00,-1.8448079,34.16311
0002-08-24 05:00:00,-1.844808,34.163113
0002-08-24 06:00:00,-1.8448082,34.163116
0002-08-24 07:00:00,-1.8448086,34.16312
0002-08-24 08:00:00,-1.844809,34.16313
0002-08-24 09:00:00,-1.8448095,34.16314
0002-08-24 10:00:00,-1.8448101,34.16315
0002-08-24 11:00:00,-1.8448108,34.163162
0002-08-24 12:00:00,-1.8448116,34.163177
0002-08-24 13:00:00,-1.8448123,34.16319
0002-08-24 14:00:00,-1.8448128,34.1632
0002-08-24 15:00:00,-1.8448132,34.163208
0002-08-24 16:00:00,-1.8448137,34.163216
0002-08-24 17:00:00,-1.8448141,34.163223
0002-08-24 18:00:00,-1.8448147,34.163235
0002-08-24 19:00:00,-1.8448151,34.163246
0002-08-24 20:00:00,-1.8448157,34.163254
0002-08-24 21:00:00,-1.8448163,34.163265
0002-08-24 22:00:00,-1.8448169,34.163277
0002-08-24 23:00:00,-1.8448176,34.163292
0002-08-25 00:00:00,-1.8448185,34.163303
0002-08-25 01:00:00,-1.8448193,34.163322
0002-08-25 02:00:00,-1.8448204,34.16334
0002-08-25 03:00:00,-1.8448215,34.16336
0002-08-25 04:00:00,-1.8448225,34.16338
0002-08-25 05:00:00,-1.8448237,34.163403
0002-08-25 06:00:00,-1.844825,34.163425
0002-08-25 07:00:00,-1.8448263,34.16345
0002-08-25 08:00:00,-1.8448275,34.16347
0002-08-25 09:00:00,-1.8448288,34.163498
0002-08-25 10:00:00,-1.8448302,34.16352
0002-08-25 11:00:00,-1.8448316,34.163548
0002-08-25 12:00:00,-1.8448331,34.163574
0002-08-25 13:00:00,-1.8448349,34.16361
0002-08-25 14:00:00,-1.844837,34.163647
0002-08-25 15:00:00,-1.8448392,34.16369
0002-08-25 16:00:00,-1.8448417,34.163734
0002-08-25 17:00:00,-1.8448443,34.163784
0002-08-25 18:00:00,-1.8448471,34.163837
0002-08-25 19:00:00,-1.8448502,34.16389
0002-08-25 20:00:00,-1.8448532,34.163948
0002-08-25 21:00:00,-1.844856,34.164
0002-08-25 22:00:00,-1.8448588,34.16405
0002-08-25 23:00:00,-1.8448613,34.164097
0002-08-26 00:00:00,-1.8448637,34.164143
0002-08-26 01:00:00,-1.8448662,34.16419
0002-08-26 02:00:00,-1.8448687,34.164234
0002-08-26 03:00:00,-1.8448712,34.16428
0002-08-26 04:00:00,-1.8448738,34.16433
0002-08-26 05:00:00,-1.8448766,34.164383
0002-08-26 06:00:00,-1.8448795,34.164436
0002-08-26 07:00:00,-1.8448826,34.164494
0002-08-26 08:00:00,-1.8448858,34.16455
0002-08-26 09:00:00,-1.8448892,34.164616
0002-08-26 10:00:00,-1.8448926,34.164677
0002-08-26 11:00:00,-1.8448962,34.164745
0002-08-26 12:00:00,-1.8449,34.164814
0002-08-26 13:00:00,-1.8449038,34.164886
0002-08-26 14:00:00,-1.8449076,34.164955
0002-08-26 15:00:00,-1.8449116,34.165028
0002-08-26 16:00:00,-1.8449156,34.165104
0002-08-26 17:00:00,-1.8449202,34.165188
0002-08-26 18:00:00,-1.8449246,34.16527
0002-08-26 19:00:00,-1.8449291,34.165356
0002-08-26 20:00:00,-1.8449336,34.165436
0002-08-26 21:00:00,-1.8449379,34.165516
0002-08-26 22:00:00,-1.8449419,34.165592
0002-08-26 23:00:00,-1.8449454,34.165657
0002-08-27 00:00:00,-1.8449486,34.165714
0002-08-27 01:00:00,-1.8449515,34.16577
0002-08-27 02:00:00,-1.8449544,34.16582
0002-08-27 03:00:00,-1.844957,34.16587
0002-08-27 04:00:00,-1.8449596,34.16592
0002-08-27 05:00:00,-1.8449622,34.165966
0002-08-27 06:00:00,-1.8449649,34.166016
0002-08-27 07:00:00,-1.8449675,34.166065
0002-08-27 08:00:00,-1.84497,34.16611
0002-08-27 09:00:00,-1.8449726,34.16616
0002-08-27 10:00:00,-1.8449752,34.166206
0002-08-27 11:00:00,-1.8449779,34.166256
0002-08-27 12:00:00,-1.8449805,34.166306
0002-08-27 13:00:00,-1.844983,34.16635
0002-08-27 14:00:00,-1.8449854,34.166393
0002-08-27 15:00:00,-1.8449875,34.166435
0002-08-27 16:00:00,-1.8449894,34.16647
0002-08-27 17:00:00,-1.8449912,34.166504
0002-08-27 18:00:00,-1.8449928,34.16653
0002-08-27 19:00:00,-1.8449941,34.166557
0002-08-27 20:00:00,-1.8449953,34.16658
0002-08-27 21:00:00,-1.8449963,34.1666
0002-08-27 22:00:00,-1.8449973,34.16662
0002-08-27 23:00:00,-1.8449981,34.166634
0002-08-28 00:00:00,-1.844999,34.166645
0002-08-28 01:00:00,-1.8449996,34.16666
0002-08-28 02:00:00,-1.8450001,34.166668
0002-08-28 03:00:00,-1.8450006,34.16668
0002-08-28 04:00:00,-1.845001,34.166683
0002-08-28 05:00:00,-1.8450012,34.16669
0002-08-28 06:00:00,-1.8450015,34.16669
0002-08-28 07:00:00,-1.8450015,34.166695
0002-08-28 08:00:00,-1.8450015,34.166695
0002-08-28 09:00:00,-1.8450017,34.1667
0002-08-28 10:00:00,-1.845002,34.166702
0002-08-28 11:00:00,-1.8450023,34.16671
0002-08-28 12:00:00,-1.8450027,34.166718
0002-08-28 13:00:00,-1.845003,34.16672
0002-08-28 14:00:00,-1.8450032,34.166725
0002-08-28 15:00:00,-1.8450035,34.166733
0002-08-28 16:00:00,-1.8450037,34.166737
0002-08-28 17:00:00,-1.8450041,34.16674
0002-08-28 18:00:00,-1.8450043,34.166748
0002-08-28 19:00:00,-1.8450047,34.166756
0002-08-28 20:00:00,-1.8450052,34.16676
0002-08-28 21:00:00,-1.8450055,34.16677
0002-08-28 22:00:00,-1.8450061,34.16678
0002-08-28 23:00:00,-1.8450066,34.16679
0002-08-29 00:00:00,-1.8450073,34.1668
0002-08-29 01:00:00,-1.845008,34.166817
0002-08-29 02:00:00,-1.845009,34.166832
0002-08-29 03:00:00,-1.84501,34.16685
0002-08-29 04:00:00,-1.8450112,34.166874
0002-08-29 05:00:00,-1.8450125,34.1669
0002-08-29 06:00:00,-1.845014,34.166927
0002-08-29 07:00:00,-1.8450155,34.166954
0002-08-29 08:00:00,-1.8450172,34.166985
0002-08-29 09:00:00,-1.8450189,34.167015
0002-08-29 10:00:00,-1.8450205,34.167046
0002-08-29 11:00:00,-1.8450222,34.16708
0002-08-29 12:00:00,-1.8450241,34.167114
0002-08-29 13:00:00,-1.845026,34.16715
0002-08-29 14:00:00,-1.8450274,34.167175
0002-08-29 15:00:00,-1.8450286,34.1672
0002-08-29 16:00:00,-1.8450295,34.167213
0002-08-29 17:00:00,-1.8450301,34.167225
0002-08-29 18:00:00,-1.8450304,34.167233
0002-08-29 19:00:00,-1.8450307,34.167233
0002-08-29 20:00:00,-1.8450304,34.167233
0002-08-29 21:00:00,-1.8450301,34.167225
0002-08-29 22:00:00,-1.8450296,34.167213
0002-08-29 23:00:00,-1.8450288,34.1672
0002-08-30 00:00:00,-1.8450278,34.167183
0002-08-30 01:00:00,-1.8450265,34.167156
0002-08-30 02:00:00,-1.845025,34.16713
0002-08-30 03:00:00,-1.8450233,34.167095
0002-08-30 04:00:00,-1.8450212,34.16706
0002-08-30 05:00:00,-1.8450191,34.167023
0002-08-30 06:00:00,-1.845017,34.16698
0002-08-30 07:00:00,-1.8450149,34.166943
0002-08-30 08:00:00,-1.8450129,34.166904
0002-08-30 09:00:00,-1.8450112,34.166874
0002-08-30 10:00:00,-1.8450096,34.166843
0002-08-30 11:00:00,-1.8450081,34.166817
0002-08-30 12:00:00,-1.845007,34.166794
0002-08-30 13:00:00,-1.8450058,34.166775
0002-08-30 14:00:00,-1.8450044,34.166748
0002-08-30 15:00:00,-1.8450034,34.16673
0002-08-30 16:00:00,-1.8450022,34.166706
0002-08-30 17:00:00,-1.8450011,34.166687
0002-08-30 18:00:00,-1.845,34.166668
0002-08-30 19:00:00,-1.844999,34.166645
0002-08-30 20:00:00,-1.8449979,34.16663
0002-08-30 21:00:00,-1.8449969,34.16661
0002-08-30 22:00:00,-1.8449961,34.166595
0002-08-30 23:00:00,-1.8449953,34.166576
0002-08-31 00:00:00,-1.8449944,34.166565
0002-08-31 01:00:00,-1.8449937,34.16655
0002-08-31 02:00:00,-1.844993,34.16654
0002-08-31 03:00:00,-1.8449924,34.166527
0002-08-31 04:00:00,-1.8449918,34.166515
0002-08-31 05:00:00,-1.8449913,34.166504
0002-08-31 06:00:00,-1.8449908,34.166496
0002-08-31 07:00:00,-1.8449904,34.16649
0002-08-31 08:00:00,-1.84499,34.16648
0002-08-31 09:00:00,-1.8449898,34.166477
0002-08-31 10:00:00,-1.8449895,34.166473
0002-08-31 11:00:00,-1.8449894,34.166473
0002-08-31 12:00:00,-1.8449894,34.16647
0002-08-31 13:00:00,-1.8449894,34.16647
0002-08-31 14:00:00,-1.8449895,34.166473
0002-08-31 15:00:00,-1.8449897,34.166477
0002-08-31 16:00:00,-1.8449899,34.16648
0002-08-31 17:00:00,-1.8449901,34.166485
0002-08-31 18:00:00,-1.8449905,34.166492
0002-08-31 19:00:00,-1.8449908,34.166496
0002-08-31 20:00:00,-1.8449913,34.166504
0002-08-31 21:00:00,-1.8449918,34.166515
0002-08-31 22:00:00,-1.8449924,34.166523
0002-08-31 23:00:00,-1.844993,34.166534
0002-09-01 00:00:00,-1.8449936,34.16655
0002-09-01 01:00:00,-1.8449944,34.16656
0002-09-01 02:00:00,-1.8449953,34.166576
0002-09-01 03:00:00,-1.8449961,34.166595
0002-09-01 04:00:00,-1.8449972,34.166615
0002-09-01 05:00:00,-1.8449982,34.166634
0002-09-01 06:00:00,-1.8449994,34.166656
0002-09-01 07:00:00,-1.8450005,34.166676
0002-09-01 08:00:00,-1.8450017,34.1667
0002-09-01 09:00:00,-1.845003,34.16672
0002-09-01 10:00:00,-1.8450043,34.166748
0002-09-01 11:00:00,-1.8450058,34.16677
0002-09-01 12:00:00,-1.8450071,34.166798
0002-09-01 13:00:00,-1.8450084,34.16682
0002-09-01 14:00:00,-1.8450094,34.166843
0002-09-01 15:00:00,-1.8450104,34.16686
0002-09-01 16:00:00,-1.8450114,34.166878
0002-09-01 17:00:00,-1.8450122,34.166893
0002-09-01 18:00:00,-1.8450129,34.166904
0002-09-01 19:00:00,-1.8450135,34.166916
0002-09-01 20:00:00,-1.8450141,34.166927
0002-09-01 21:00:00,-1.8450146,34.166935
0002-09-01 22:00:00,-1.845015,34.166946
0002-09-01 23:00:00,-1.8450154,34.16695
0002-09-02 00:00:00,-1.8450156,34.166958
0002-09-02 01:00:00,-1.8450159,34.16696
0002-09-02 02:00:00,-1.845016,34.16696
0002-09-02 03:00:00,-1.845016,34.166965
0002-09-02 04:00:00,-1.845016,34.166965
0002-09-02 05:00:00,-1.845016,34.16696
0002-09-02 06:00:00,-1.8450158,34.166958
0002-09-02 07:00:00,-1.8450154,34.166954
0002-09-02 08:00:00,-1.845015,34.166946
0002-09-02 09:00:00,-1.8450147,34.16694
0002-09-02 10:00:00,-1.8450141,34.166927
0002-09-02 11:00:00,-1.8450134,34.166916
0002-09-02 12:00:00,-1.8450125,34.1669
0002-09-02 13:00:00,-1.8450118,34.166885
0002-09-02 14:00:00,-1.8450111,34.166874
0002-09-02 15:00:00,-1.8450105,34.166862
0002-09-02 16:00:00,-1.8450099,34.16685
0002-09-02 17:00:00,-1.8450094,34.16684
0002-09-02 18:00:00,-1.8450089,34.166832
0002-09-02 19:00:00,-1.8450083,34.16682
0002-09-02 20:00:00,-1.8450078,34.16681
0002-09-02 21:00:00,-1.8450072,34.1668
0002-09-02 22:00:00,-1.8450067,34.16679
0002-09-02 23:00:00,-1.8450061,34.16678
0002-09-03 00:00:00,-1.8450056,34.16677
0002-09-03 01:00:00,-1.845005,34.16676
0002-09-03 02:00:00,-1.8450046,34.16675
0002-09-03 03:00:00,-1.8450041,34.16674
0002-09-03 04:00:00,-1.8450035,34.166733
0002-09-03 05:00:00,-1.845003,34.16672
0002-09-03 06:00:00,-1.8450025,34.166714
0002-09-03 07:00:00,-1.845002,34.166702
0002-09-03 08:00:00,-1.8450016,34.166695
0002-09-03 09:00:00,-1.8450011,34.166687
0002-09-03 10:00:00,-1.8450005,34.166676
0002-09-03 11:00:00,-1.8450001,34.166668
0002-09-03 12:00:00,-1.8449997,34.16666
0002-09-03 13:00:00,-1.8449992,34.166653
0002-09-03 14:00:00,-1.8449988,34.166645
0002-09-03 15:00:00,-1.8449986,34.16664
0002-09-03 16:00:00,-1.8449985,34.166637
0002-09-03 17:00:00,-1.8449982,34.166634
0002-09-03 18:00:00,-1.8449982,34.166634
0002-09-03 19:00:00,-1.8449981,34.166634
0002-09-03 20:00:00,-1.8449981,34.166634
0002-09-03 21:00:00,-1.8449982,34.166634
0002-09-03 22:00:00,-1.8449984,34.166637
0002-09-03 23:00:00,-1.8449986,34.16664
0002-09-04 00:00:00,-1.8449987,34.166645
0002-09-04 01:00:00,-1.8449991,34.16665
0002-09-04 02:00:00,-1.8449993,34.166656
0002-09-04 03:00:00,-1.8449997,34.16666
0002-09-04 04:00:00,-1.8450001,34.166668
0002-09-04 05:00:00,-1.8450006,34.166676
0002-09-04 06:00:00,-1.8450011,34.166687
0002-09-04 07:00:00,-1.8450016,34.1667
0002-09-04 08:00:00,-1.8450022,34.166706
0002-09-04 09:00:00,-1.8450029,34.16672
0002-09-04 10:00:00,-1.8450036,34.166733
0002-09-04 11:00:00,-1.8450043,34.166744
0002-09-04 12:00:00,-1.845005,34.16676
0002-09-04 13:00:00,-1.8450058,34.166775
0002-09-04 14:00:00,-1.8450065,34.166786
0002-09-04 15:00:00,-1.8450071,34.166798
0002-09-04 16:00:00,-1.8450077,34.16681
0002-09-04 17:00:00,-1.8450081,34.166817
0002-09-04 18:00:00,-1.8450086,34.16683
0002-09-04 19:00:00,-1.8450091,34.166836
0002-09-04 20:00:00,-1.8450096,34.166843
0002-09-04 21:00:00,-1.8450099,34.16685
0002-09-04 22:00:00,-1.8450103,34.16686
0002-09-04 23:00:00,-1.8450106,34.166862
0002-09-05 00:00:00,-1.8450109,34.166866
0002-09-05 01:00:00,-1.8450111,34.166874
0002-09-05 02:00:00,-1.8450114,34.166878
0002-09-05 03:00:00,-1.8450115,34.166878
0002-09-05 04:00:00,-1.8450116,34.16688
0002-09-05 05:00:00,-1.8450117,34.166885
0002-09-05 06:00:00,-1.8450118,34.166885
0002-09-05 07:00:00,-1.8450118,34.166885
0002-09-05 08:00:00,-1.845012,34.166885
0002-09-05 09:00:00,-1.845012,34.16689
0002-09-05 10:00:00,-1.8450121,34.16689
0002-09-05 11:00:00,-1.8450122,34.166893
0002-09-05 12:00:00,-1.8450122,34.166893
0002-09-05 13:00:00,-1.8450123,34.166897
0002-09-05 14:00:00,-1.8450124,34.166897
0002-09-05 15:00:00,-1.8450125,34.166897
0002-09-05 16:00:00,-1.8450125,34.1669
0002-09-05 17:00:00,-1.8450127,34.1669
0002-09-05 18:00:00,-1.8450128,34.166904
0002-09-05 19:00:00,-1.8450129,34.166904
0002-09-05 20:00:00,-1.845013,34.16691
0002-09-05 21:00:00,-1.8450131,34.16691
0002-09-05 22:00:00,-1.8450133,34.166912
0002-09-05 23:00:00,-1.8450135,34.166916
0002-09-06 00:00:00,-1.8450136,34.16692
0002-09-06 01:00:00,-1.845014,34.166924
0002-09-06 02:00:00,-1.8450142,34.16693
0002-09-06 03:00:00,-1.8450147,34.16694
0002-09-06 04:00:00,-1.845015,34.166946
0002-09-06 05:00:00,-1.8450155,34.166954
0002-09-06 06:00:00,-1.845016,34.16696
0002-09-06 07:00:00,-1.8450165,34.166973
0002-09-06 08:00:00,-1.8450171,34.16698
0002-09-06 09:00:00,-1.8450176,34.166992
0002-09-06 10:00:00,-1.8450183,34.167004
0002-09-06 11:00:00,-1.8450189,34.167015
0002-09-06 12:00:00,-1.8450196,34.16703
0002-09-06 13:00:00,-1.8450203,34.16704
0002-09-06 14:00:00,-1.845021,34.167057
0002-09-06 15:00:00,-1.8450216,34.16707
0002-09-06 16:00:00,-1.8450222,34.167076
0002-09-06 17:00:00,-1.8450227,34.167088
0002-09-06 18:00:00,-1.845023,34.167095
0002-09-06 19:00:00,-1.8450234,34.1671
0002-09-06 20:00:00,-1.8450238,34.167107
0002-09-06 21:00:00,-1.8450241,34.16711
0002-09-06 22:00:00,-1.8450243,34.167118
0002-09-06 23:00:00,-1.8450246,34.16712
0002-09-07 00:00:00,-1.8450248,34.167126
0002-09-07 01:00:00,-1.8450252,34.167133
0002-09-07 02:00:00,-1.8450254,34.167137
0002-09-07 03:00:00,-1.8450258,34.167145
0002-09-07 04:00:00,-1.8450263,34.167152
0002-09-07 05:00:00,-1.8450267,34.16716
0002-09-07 06:00:00,-1.8450273,34.16717
0002-09-07 07:00:00,-1.8450279,34.167183
0002-09-07 08:00:00,-1.8450288,34.1672
0002-09-07 09:00:00,-1.8450297,34.167217
0002-09-07 10:00:00,-1.8450309,34.16724
0002-09-07 11:00:00,-1.8450323,34.167263
0002-09-07 12:00:00,-1.845034,34.167297
0002-09-07 13:00:00,-1.845036,34.16733
0002-09-07 14:00:00,-1.8450382,34.167374
0002-09-07 15:00:00,-1.8450407,34.16742
0002-09-07 16:00:00,-1.8450433,34.16747
0002-09-07 17:00:00,-1.8450462,34.167522
0002-09-07 18:00:00,-1.8450494,34.16758
0002-09-07 19:00:00,-1.8450527,34.167645
0002-09-07 20:00:00,-1.8450563,34.16771
0002-09-07 21:00:00,-1.8450599,34.167778
0002-09-07 22:00:00,-1.8450633,34.16784
0002-09-07 23:00:00,-1.8450665,34.1679
0002-09-08 00:00:00,-1.8450696,34.167957
0002-09-08 01:00:00,-1.8450727,34.168015
0002-09-08 02:00:00,-1.8450758,34.16807
0002-09-08 03:00:00,-1.8450792,34.168133
0002-09-08 04:00:00,-1.8450825,34.168194
0002-09-08 05:00:00,-1.8450861,34.168262
0002-09-08 06:00:00,-1.8450899,34.16833
0002-09-08 07:00:00,-1.8450938,34.168404
0002-09-08 08:00:00,-1.8450979,34.16848
0002-09-08 09:00:00,-1.8451023,34.16856
0002-09-08 10:00:00,-1.8451068,34.168644
0002-09-08 11:00:00,-1.8451116,34.16873
0002-09-08 12:00:00,-1.8451165,34.168823
0002-09-08 13:00:00,-1.8451214,34.168915
0002-09-08 14:00:00,-1.8451262,34.169003
0002-09-08 15:00:00,-1.8451307,34.169086
0002-09-08 16:00:00,-1.8451351,34.169167
0002-09-08 17:00:00,-1.8451393,34.169247
0002-09-08 18:00:00,-1.8451432,34.16932
0002-09-08 19:00:00,-1.8451468,34.169384
0002-09-08 20:00:00,-1.8451502,34.16945
0002-09-08 21:00:00,-1.8451532,34.169506
0002-09-08 22:00:00,-1.8451561,34.169556
0002-09-08 23:00:00,-1.8451586,34.1696
0002-09-09 00:00:00,-1.8451608,34.169643
0002-09-09 01:00:00,-1.8451629,34.16968
0002-09-09 02:00:00,-1.8451647,34.169716
0002-09-09 03:00:00,-1.8451663,34.169746
0002-09-09 04:00:00,-1.8451678,34.169773
0002-09-09 05:00:00,-1.8451691,34.1698
0002-09-09 06:00:00,-1.8451703,34.16982
0002-09-09 07:00:00,-1.8451713,34.169838
0002-09-09 08:00:00,-1.8451722,34.169857
0002-09-09 09:00:00,-1.845173,34.169872
0002-09-09 10:00:00,-1.8451737,34.169884
0002-09-09 11:00:00,-1.8451743,34.169895
0002-09-09 12:00:00,-1.8451749,34.169907
0002-09-09 13:00:00,-1.8451754,34.169914
0002-09-09 14:00:00,-1.8451759,34.16992
0002-09-09 15:00:00,-1.8451762,34.16993
0002-09-09 16:00:00,-1.8451766,34.169937
0002-09-09 17:00:00,-1.8451768,34.16994
0002-09-09 18:00:00,-1.845177,34.169945
0002-09-09 19:00:00,-1.8451773,34.16995
0002-09-09 20:00:00,-1.8451775,34.169952
0002-09-09 21:00:00,-1.8451777,34.169956
0002-09-09 22:00:00,-1.8451778,34.16996
0002-09-09 23:00:00,-1.8451779,34.16996
0002-09-10 00:00:00,-1.845178,34.169964
0002-09-10 01:00:00,-1.8451781,34.169968
0002-09-10 02:00:00,-1.8451782,34.169968
0002-09-10 03:00:00,-1.8451784,34.16997
0002-09-10 04:00:00,-1.8451785,34.16997
0002-09-10 05:00:00,-1.8451786,34.169975
0002-09-10 06:00:00,-1.8451787,34.169975
0002-09-10 07:00:00,-1.8451787,34.16998
0002-09-10 08:00:00,-1.8451788,34.16998
0002-09-10 09:00:00,-1.845179,34.169983
0002-09-10 10:00:00,-1.8451792,34.169983
0002-09-10 11:00:00,-1.8451793,34.169987
0002-09-10 12:00:00,-1.8451794,34.16999
0002-09-10 13:00:00,-1.8451797,34.169994
0002-09-10 14:00:00,-1.8451799,34.17
0002-09-10 15:00:00,-1.84518,34.170002
0002-09-10 16:00:00,-1.8451802,34.170002
0002-09-10 17:00:00,-1.8451804,34.170006
0002-09-10 18:00:00,-1.8451805,34.17001
0002-09-10 19:00:00,-1.8451805,34.17001
0002-09-10 20:00:00,-1.8451806,34.17001
0002-09-10 21:00:00,-1.8451806,34.170013
0002-09-10 22:00:00,-1.8451807,34.170013
0002-09-10 23:00:00,-1.8451809,34.170017
0002-09-11 00:00:00,-1.845181,34.170017
0002-09-11 01:00:00,-1.8451811,34.17002
0002-09-11 02:00:00,-1.8451812,34.170025
0002-09-11 03:00:00,-1.8451815,34.170025
0002-09-11 04:00:00,-1.8451816,34.17003
0002-09-11 05:00:00,-1.8451817,34.170033
0002-09-11 06:00:00,-1.845182,34.170036
0002-09-11 07:00:00,-1.8451822,34.17004
0002-09-11 08:00:00,-1.8451824,34.170044
0002-09-11 09:00:00,-1.8451827,34.17005
0002-09-11 10:00:00,-1.845183,34.170055
0002-09-11 11:00:00,-1.8451835,34.170067
0002-09-11 12:00:00,-1.8451841,34.170074
0002-09-11 13:00:00,-1.8451844,34.170082
0002-09-11 14:00:00,-1.8451844,34.170082
0002-09-11 15:00:00,-1.8451843,34.17008
0002-09-11 16:00:00,-1.845184,34.17007
0002-09-11 17:00:00,-1.8451834,34.170063
0002-09-11 18:00:00,-1.8451825,34.170048
0002-09-11 19:00:00,-1.8451815,34.170025
0002-09-11 20:00:00,-1.8451802,34.170002
0002-09-11 21:00:00,-1.8451787,34.169975
0002-09-11 22:00:00,-1.8451769,34.16994
0002-09-11 23:00:00,-1.8451748,34.169903
0002-09-12 00:00:00,-1.8451724,34.16986
0002-09-12 01:00:00,-1.8451698,34.16981
0002-09-12 02:00:00,-1.8451669,34.169758
0002-09-12 03:00:00,-1.8451637,34.1697
0002-09-12 04:00:00,-1.8451605,34.16964
0002-09-12 05:00:00,-1.8451571,34.16958
0002-09-12 06:00:00,-1.8451538,34.169518
0002-09-12 07:00:00,-1.8451507,34.169456
0002-09-12 08:00:00,-1.8451477,34.169403
0002-09-12 09:00:00,-1.8451449,34.16935
0002-09-12 10:00:00,-1.8451421,34.169296
0002-09-12 11:00:00,-1.8451394,34.169247
0002-09-12 12:00:00,-1.8451368,34.1692
0002-09-12 13:00:00,-1.8451341,34.16915
0002-09-12 14:00:00,-1.8451316,34.169106
0002-09-12 15:00:00,-1.8451294,34.169064
0002-09-12 16:00:00,-1.8451275,34.169025
0002-09-12 17:00:00,-1.8451257,34.168995
0002-09-12 18:00:00,-1.8451242,34.16897
0002-09-12 19:00:00,-1.845123,34.168945
0002-09-12 20:00:00,-1.845122,34.168926
0002-09-12 21:00:00,-1.845121,34.168907
0002-09-12 22:00:00,-1.8451201,34.168888
0002-09-12 23:00:00,-1.8451194,34.168877
0002-09-13 00:00:00,-1.8451188,34.168865
0002-09-13 01:00:00,-1.8451179,34.16885
0002-09-13 02:00:00,-1.8451176,34.168846
0002-09-13 03:00:00,-1.845117,34.168835
0002-09-13 04:00:00,-1.8451166,34.168827
0002-09-13 05:00:00,-1.8451163,34.16882
0002-09-13 06:00:00,-1.845116,34.168816
0002-09-13 07:00:00,-1.8451158,34.16881
0002-09-13 08:00:00,-1.8451157,34.168808
0002-09-13 09:00:00,-1.8451157,34.168808
0002-09-13 10:00:00,-1.8451158,34.16881
0002-09-13 11:00:00,-1.8451161,34.168816
0002-09-13 12:00:00,-1.8451165,34.168823
0002-09-13 13:00:00,-1.8451172,34.16884
0002-09-13 14:00:00,-1.8451182,34.168854
0002-09-13 15:00:00,-1.8451192,34.168873
0002-09-13 16:00:00,-1.8451203,34.168896
0002-09-13 17:00:00,-1.8451215,34.168915
0002-09-13 18:00:00,-1.8451226,34.168938
0002-09-13 19:00:00,-1.8451238,34.16896
0002-09-13 20:00:00,-1.845125,34.168983
0002-09-13 21:00:00,-1.8451263,34.169003
0002-09-13 22:00:00,-1.8451275,34.16903
0002-09-13 23:00:00,-1.8451289,34.169052
0002-09-14 00:00:00,-1.8451303,34.16908
0002-09-14 01:00:00,-1.845132,34.16911
0002-09-14 02:00:00,-1.8451338,34.169144
0002-09-14 03:00:00,-1.8451356,34.169178
0002-09-14 04:00:00,-1.8451377,34.169216
0002-09-14 05:00:00,-1.8451399,34.16926
0002-09-14 06:00:00,-1.8451422,34.1693
0002-09-14 07:00:00,-1.8451449,34.16935
0002-09-14 08:00:00,-1.8451475,34.1694
0002-09-14 09:00:00,-1.8451504,34.169453
0002-09-14 10:00:00,-1.8451535,34.16951
0002-09-14 11:00:00,-1.8451567,34.169567
0002-09-14 12:00:00,-1.8451601,34.169632
0002-09-14 13:00:00,-1.8451635,34.169693
0002-09-14 14:00:00,-1.8451666,34.16975
0002-09-14 15:00:00,-1.8451695,34.169807
0002-09-14 16:00:00,-1.8451724,34.16986
0002-09-14 17:00:00,-1.8451753,34.16991
0002-09-14 18:00:00,-1.8451779,34.16996
0002-09-14 19:00:00,-1.8451804,34.170006
0002-09-14 20:00:00,-1.8451827,34.17005
0002-09-14 21:00:00,-1.8451849,34.17009
0002-09-14 22:00:00,-1.845187,34.170128
0002-09-14 23:00:00,-1.8451889,34.170162
0002-09-15 00:00:00,-1.8451906,34.170197
0002-09-15 01:00:00,-1.8451924,34.17023
0002-09-15 02:00:00,-1.845194,34.170258
0002-09-15 03:00:00,-1.8451955,34.170288
0002-09-15 04:00:00,-1.845197,34.170315
0002-09-15 05:00:00,-1.8451983,34.170338
0002-09-15 06:00:00,-1.8451995,34.17036
0002-09-15 07:00:00,-1.8452005,34.17038
0002-09-15 08:00:00,-1.8452016,34.1704
0002-09-15 09:00:00,-1.8452024,34.170418
0002-09-15 10:00:00,-1.8452033,34.170433
0002-09-15 11:00:00,-1.8452041,34.170444
0002-09-15 12:00:00,-1.8452047,34.17046
0002-09-15 13:00:00,-1.8452054,34.17047
0002-09-15 14:00:00,-1.8452059,34.17048
0002-09-15 15:00:00,-1.8452064,34.17049
0002-09-15 16:00:00,-1.8452069,34.170498
0002-09-15 17:00:00,-1.8452072,34.1705
0002-09-15 18:00:00,-1.8452075,34.17051
0002-09-15 19:00:00,-1.8452077,34.170513
0002-09-15 20:00:00,-1.8452079,34.170517
0002-09-15 21:00:00,-1.8452082,34.17052
0002-09-15 22:00:00,-1.8452083,34.170525
0002-09-15 23:00:00,-1.8452084,34.170525
0002-09-16 00:00:00,-1.8452084,34.17053
0002-09-16 01:00:00,-1.8452085,34.17053
0002-09-16 02:00:00,-1.8452086,34.17053
0002-09-16 03:00:00,-1.8452088,34.170532
0002-09-16 04:00:00,-1.8452088,34.170532
0002-09-16 05:00:00,-1.8452089,34.170536
0002-09-16 06:00:00,-1.845209,34.17054
0002-09-16 07:00:00,-1.8452092,34.17054
0002-09-16 08:00:00,-1.8452095,34.170544
0002-09-16 09:00:00,-1.8452097,34.17055
0002-09-16 10:00:00,-1.8452101,34.170555
0002-09-16 11:00:00,-1.8452104,34.170563
0002-09-16 12:00:00,-1.8452109,34.170574
0002-09-16 13:00:00,-1.8452114,34.17058
0002-09-16 14:00:00,-1.845212,34.170593
0002-09-16 15:00:00,-1.8452125,34.1706
0002-09-16 16:00:00,-1.845213,34.170612
0002-09-16 17:00:00,-1.8452135,34.17062
0002-09-16 18:00:00,-1.8452141,34.17063
0002-09-16 19:00:00,-1.8452146,34.17064
0002-09-16 20:00:00,-1.8452151,34.17065
0002-09-16 21:00:00,-1.8452156,34.17066
0002-09-16 22:00:00,-1.8452159,34.170666
0002-09-16 23:00:00,-1.8452164,34.170673
0002-09-17 00:00:00,-1.8452168,34.17068
0002-09-17 01:00:00,-1.8452171,34.17069
0002-09-17 02:00:00,-1.8452175,34.170692
0002-09-17 03:00:00,-1.8452177,34.1707
0002-09-17 04:00:00,-1.8452181,34.170704
0002-09-17 05:00:00,-1.8452183,34.170708
0002-09-17 06:00:00,-1.8452185,34.17071
0002-09-17 07:00:00,-1.8452187,34.170715
0002-09-17 08:00:00,-1.8452189,34.17072
0002-09-17 09:00:00,-1.845219,34.170723
0002-09-17 10:00:00,-1.8452193,34.170727
0002-09-17 11:00:00,-1.8452194,34.170727
0002-09-17 12:00:00,-1.8452194,34.17073
0002-09-17 13:00:00,-1.8452195,34.17073
0002-09-17 14:00:00,-1.8452196,34.170734
0002-09-17 15:00:00,-1.8452196,34.170734
0002-09-17 16:00:00,-1.8452197,34.170734
0002-09-17 17:00:00,-1.8452197,34.170734
0002-09-17 18:00:00,-1.8452197,34.17074
0002-09-17 19:00:00,-1.8452199,34.17074
0002-09-17 20:00:00,-1.8452199,34.17074
0002-09-17 21:00:00,-1.8452199,34.17074
0002-09-17 22:00:00,-1.8452199,34.17074
0002-09-17 23:00:00,-1.8452199,34.17074
0002-09-18 00:00:00,-1.8452199,34.17074
0002-09-18 01:00:00,-1.8452199,34.17074
0002-09-18 02:00:00,-1.8452199,34.17074
0002-09-18 03:00:00,-1.8452199,34.17074
0002-09-18 04:00:00,-1.8452199,34.17074
0002-09-18 05:00:00,-1.8452199,34.17074
0002-09-18 06:00:00,-1.8452199,34.17074
0002-09-18 07:00:00,-1.84522,34.17074
0002-09-18 08:00:00,-1.84522,34.17074
0002-09-18 09:00:00,-1.84522,34.170742
0002-09-18 10:00:00,-1.84522,34.170742
0002-09-18 11:00:00,-1.8452201,34.170742
0002-09-18 12:00:00,-1.8452201,34.170742
0002-09-18 13:00:00,-1.8452202,34.170742
0002-09-18 14:00:00,-1.8452202,34.170746
0002-09-18 15:00:00,-1.8452203,34.170746
0002-09-18 16:00:00,-1.8452203,34.170746
0002-09-18 17:00:00,-1.8452204,34.17075
0002-09-18 18:00:00,-1.8452204,34.17075
0002-09-18 19:00:00,-1.8452206,34.17075
0002-09-18 20:00:00,-1.8452207,34.170753
0002-09-18 21:00:00,-1.8452207,34.170753
0002-09-18 22:00:00,-1.8452208,34.170757
0002-09-18 23:00:00,-1.8452209,34.170757
0002-09-19 00:00:00,-1.8452212,34.17076
0002-09-19 01:00:00,-1.8452213,34.170765
0002-09-19 02:00:00,-1.8452215,34.17077
0002-09-19 03:00:00,-1.8452218,34.170773
0002-09-19 04:00:00,-1.845222,34.170776
0002-09-19 05:00:00,-1.8452222,34.170784
0002-09-19 06:00:00,-1.8452226,34.170788
0002-09-19 07:00:00,-1.8452228,34.170795
0002-09-19 08:00:00,-1.8452232,34.1708
0002-09-19 09:00:00,-1.8452235,34.170807
0002-09-19 10:00:00,-1.845224,34.170815
0002-09-19 11:00:00,-1.8452245,34.170826
0002-09-19 12:00:00,-1.8452251,34.170834
0002-09-19 13:00:00,-1.8452256,34.170845
0002-09-19 14:00:00,-1.8452258,34.17085
0002-09-19 15:00:00,-1.845226,34.170853
0002-09-19 16:00:00,-1.8452262,34.170856
0002-09-19 17:00:00,-1.8452263,34.170856
0002-09-19 18:00:00,-1.8452264,34.17086
0002-09-19 19:00:00,-1.8452265,34.17086
0002-09-19 20:00:00,-1.8452265,34.170864
0002-09-19 21:00:00,-1.8452266,34.170864
0002-09-19 22:00:00,-1.8452266,34.170864
0002-09-19 23:00:00,-1.8452266,34.170864
0002-09-20 00:00:00,-1.8452266,34.170864
0002-09-20 01:00:00,-1.8452265,34.17086
0002-09-20 02:00:00,-1.8452264,34.17086
0002-09-20 03:00:00,-1.8452263,34.170856
0002-09-20 04:00:00,-1.8452262,34.170853
0002-09-20 05:00:00,-1.8452259,34.17085
0002-09-20 06:00:00,-1.8452257,34.170845
0002-09-20 07:00:00,-1.8452255,34.17084
0002-09-20 08:00:00,-1.8452252,34.170837
0002-09-20 09:00:00,-1.845225,34.170834
0002-09-20 10:00:00,-1.8452247,34.17083
0002-09-20 11:00:00,-1.8452245,34.170822
0002-09-20 12:00:00,-1.8452241,34.17082
0002-09-20 13:00:00,-1.8452238,34.17081
0002-09-20 14:00:00,-1.8452232,34.1708
0002-09-20 15:00:00,-1.8452226,34.170788
0002-09-20 16:00:00,-1.8452218,34.170773
0002-09-20 17:00:00,-1.8452209,34.170757
0002-09-20 18:00:00,-1.8452201,34.170742
0002-09-20 19:00:00,-1.8452193,34.170727
0002-09-20 20:00:00,-1.8452185,34.170715
0002-09-20 21:00:00,-1.845218,34.1707
0002-09-20 22:00:00,-1.8452173,34.170692
0002-09-20 23:00:00,-1.8452169,34.17068
0002-09-21 00:00:00,-1.8452166,34.170677
0002-09-21 01:00:00,-1.8452165,34.170677
0002-09-21 02:00:00,-1.8452165,34.170677
0002-09-21 03:00:00,-1.8452168,34.17068
0002-09-21 04:00:00,-1.8452172,34.17069
0002-09-21 05:00:00,-1.845218,34.170704
0002-09-21 06:00:00,-1.845219,34.170723
0002-09-21 07:00:00,-1.8452206,34.17075
0002-09-21 08:00:00,-1.8452224,34.170784
0002-09-21 09:00:00,-1.8452246,34.170826
0002-09-21 10:00:00,-1.8452274,34.170876
0002-09-21 11:00:00,-1.8452308,34.17094
0002-09-21 12:00:00,-1.8452353,34.171024
0002-09-21 13:00:00,-1.8452402,34.171116
0002-09-21 14:00:00,-1.8452451,34.171204
0002-09-21 15:00:00,-1.8452495,34.171288
0002-09-21 16:00:00,-1.8452535,34.17136
0002-09-21 17:00:00,-1.8452567,34.17142
0002-09-21 18:00:00,-1.8452594,34.17147
0002-09-21 19:00:00,-1.8452617,34.171513
0002-09-21 20:00:00,-1.8452636,34.171547
0002-09-21 21:00:00,-1.8452653,34.17158
0002-09-21 22:00:00,-1.8452669,34.171608
0002-09-21 23:00:00,-1.8452685,34.17164
0002-09-22 00:00:00,-1.8452699,34.171665
0002-09-22 01:00:00,-1.8452712,34.17169
0002-09-22 02:00:00,-1.8452725,34.171715
0002-09-22 03:00:00,-1.8452739,34.171738
0002-09-22 04:00:00,-1.8452752,34.17176
0002-09-22 05:00:00,-1.8452764,34.171783
0002-09-22 06:00:00,-1.8452775,34.171806
0002-09-22 07:00:00,-1.8452787,34.17183
0002-09-22 08:00:00,-1.8452799,34.17185
0002-09-22 09:00:00,-1.845281,34.17187
0002-09-22 10:00:00,-1.845282,34.17189
0002-09-22 11:00:00,-1.845283,34.17191
0002-09-22 12:00:00,-1.845284,34.17193
0002-09-22 13:00:00,-1.8452849,34.171944
0002-09-22 14:00:00,-1.8452859,34.17196
0002-09-22 15:00:00,-1.8452867,34.171974
0002-09-22 16:00:00,-1.8452876,34.17199
0002-09-22 17:00:00,-1.8452883,34.172005
0002-09-22 18:00:00,-1.8452891,34.17202
0002-09-22 19:00:00,-1.8452898,34.17203
0002-09-22 20:00:00,-1.8452905,34.172047
0002-09-22 21:00:00,-1.8452911,34.17206
0002-09-22 22:00:00,-1.8452919,34.172073
0002-09-22 23:00:00,-1.8452926,34.172085
0002-09-23 00:00:00,-1.8452932,34.172096
0002-09-23 01:00:00,-1.8452939,34.172108
0002-09-23 02:00:00,-1.8452945,34.17212
0002-09-23 03:00:00,-1.8452951,34.17213
0002-09-23 04:00:00,-1.8452957,34.172142
0002-09-23 05:00:00,-1.8452961,34.17215
0002-09-23 06:00:00,-1.8452967,34.17216
0002-09-23 07:00:00,-1.8452973,34.172173
0002-09-23 08:00:00,-1.8452979,34.172184
0002-09-23 09:00:00,-1.8452985,34.172195
0002-09-23 10:00:00,-1.8452992,34.17221
0002-09-23 11:00:00,-1.8453001,34.172226
0002-09-23 12:00:00,-1.845301,34.17224
0002-09-23 13:00:00,-1.8453019,34.172256
0002-09-23 14:00:00,-1.8453025,34.172268
0002-09-23 15:00:00,-1.8453028,34.172276
0002-09-23 16:00:00,-1.845303,34.17228
0002-09-23 17:00:00,-1.8453032,34.172283
0002-09-23 18:00:00,-1.8453034,34.172283
0002-09-23 19:00:00,-1.8453035,34.172287
0002-09-23 20:00:00,-1.8453037,34.17229
0002-09-23 21:00:00,-1.845304,34.172295
0002-09-23 22:00:00,-1.8453044,34.172302
0002-09-23 23:00:00,-1.8453048,34.17231
0002-09-24 00:00:00,-1.8453053,34.17232
0002-09-24 01:00:00,-1.845306,34.172337
0002-09-24 02:00:00,-1.845307,34.17235
0002-09-24 03:00:00,-1.845308,34.17237
0002-09-24 04:00:00,-1.8453091,34.172394
0002-09-24 05:00:00,-1.8453107,34.17242
0002-09-24 06:00:00,-1.8453124,34.17245
0002-09-24 07:00:00,-1.8453141,34.172485
0002-09-24 08:00:00,-1.8453163,34.172523
0002-09-24 09:00:00,-1.8453184,34.17256
0002-09-24 10:00:00,-1.8453206,34.172604
0002-09-24 11:00:00,-1.8453228,34.172646
0002-09-24 12:00:00,-1.8453251,34.172688
0002-09-24 13:00:00,-1.8453275,34.17273
0002-09-24 14:00:00,-1.8453296,34.17277
0002-09-24 15:00:00,-1.8453317,34.17281
0002-09-24 16:00:00,-1.8453337,34.172848
0002-09-24 17:00:00,-1.8453355,34.17288
0002-09-24 18:00:00,-1.8453372,34.172913
0002-09-24 19:00:00,-1.8453387,34.17294
0002-09-24 20:00:00,-1.8453401,34.172966
0002-09-24 21:00:00,-1.8453414,34.17299
0002-09-24 22:00:00,-1.8453428,34.17301
0002-09-24 23:00:00,-1.8453438,34.173035
0002-09-25 00:00:00,-1.8453449,34.173054
0002-09-25 01:00:00,-1.8453457,34.17307
0002-09-25 02:00:00,-1.8453466,34.173084
0002-09-25 03:00:00,-1.8453474,34.1731
0002-09-25 04:00:00,-1.845348,34.17311
0002-09-25 05:00:00,-1.8453486,34.173122
0002-09-25 06:00:00,-1.8453492,34.173134
0002-09-25 07:00:00,-1.8453496,34.17314
0002-09-25 08:00:00,-1.8453499,34.173145
0002-09-25 09:00:00,-1.8453501,34.17315
0002-09-25 10:00:00,-1.8453503,34.173153
0002-09-25 11:00:00,-1.8453503,34.173153
0002-09-25 12:00:00,-1.8453503,34.173153
0002-09-25 13:00:00,-1.8453482,34.173115
0002-09-25 14:00:00,-1.8453431,34.17302
0002-09-25 15:00:00,-1.8453357,34.172886
0002-09-25 16:00:00,-1.8453264,34.17271
0002-09-25 17:00:00,-1.8453146,34.172493
0002-09-25 18:00:00,-1.8453006,34.172234
0002-09-25 19:00:00,-1.8452837,34.17192
0002-09-25 20:00:00,-1.8452636,34.17155
0002-09-25 21:00:00,-1.8452401,34.171112
0002-09-25 22:00:00,-1.8452109,34.17057
0002-09-25 23:00:00,-1.8451792,34.169987
0002-09-26 00:00:00,-1.845142,34.169296
0002-09-26 01:00:00,-1.8451022,34.16856
0002-09-26 02:00:00,-1.8450552,34.16769
0002-09-26 03:00:00,-1.845,34.166668
0002-09-26 04:00:00,-1.8449333,34.165432
0002-09-26 05:00:00,-1.8448659,34.164185
0002-09-26 06:00:00,-1.8447905,34.162785
0002-09-26 07:00:00,-1.844712,34.161335
0002-09-26 08:00:00,-1.8446258,34.159737
0002-09-26 09:00:00,-1.8445319,34.157997
0002-09-26 10:00:00,-1.8444288,34.15609
0002-09-26 11:00:00,-1.8443115,34.153915
0002-09-26 12:00:00,-1.8439401,34.151276
0002-09-26 13:00:00,-1.843599,34.148838
0002-09-26 14:00:00,-1.8435601,34.147118
0002-09-26 15:00:00,-1.8437519,34.145405
0002-09-26 16:00:00,-1.8437736,34.143955
0002-09-26 17:00:00,-1.8437136,34.142845
0002-09-26 18:00:00,-1.8436744,34.14212
0002-09-26 19:00:00,-1.8436583,34.14182
0002-09-26 20:00:00,-1.8436782,34.14219
0002-09-26 21:00:00,-1.843722,34.142998
0002-09-26 22:00:00,-1.8437369,34.143276
0002-09-26 23:00:00,-1.843744,34.14341
0002-09-27 00:00:00,-1.8437595,34.143696
0002-09-27 01:00:00,-1.8437877,34.144215
0002-09-27 02:00:00,-1.8438329,34.145054
0002-09-27 03:00:00,-1.8438822,34.145966
0002-09-27 04:00:00,-1.8439128,34.146534
0002-09-27 05:00:00,-1.8439431,34.147095
0002-09-27 06:00:00,-1.8439807,34.14779
0002-09-27 07:00:00,-1.8440278,34.148663
0002-09-27 08:00:00,-1.8440757,34.149548
0002-09-27 09:00:00,-1.8441154,34.150284
0002-09-27 10:00:00,-1.8441551,34.15102
0002-09-27 11:00:00,-1.8441991,34.151836
0002-09-27 12:00:00,-1.844248,34.15274
0002-09-27 13:00:00,-1.8442906,34.15353
0002-09-27 14:00:00,-1.8443236,34.15414
0002-09-27 15:00:00,-1.8443538,34.1547
0002-09-27 16:00:00,-1.844385,34.155277
0002-09-27 17:00:00,-1.8444109,34.155758
0002-09-27 18:00:00,-1.844432,34.156147
0002-09-27 19:00:00,-1.8444519,34.156517
0002-09-27 20:00:00,-1.8444723,34.156895
0002-09-27 21:00:00,-1.8444942,34.157303
0002-09-27 22:00:00,-1.8445125,34.15764
0002-09-27 23:00:00,-1.8445313,34.157986
0002-09-28 00:00:00,-1.8445488,34.15831
0002-09-28 01:00:00,-1.8445655,34.158623
0002-09-28 02:00:00,-1.8445822,34.15893
0002-09-28 03:00:00,-1.8445967,34.1592
0002-09-28 04:00:00,-1.8446102,34.159447
0002-09-28 05:00:00,-1.8446221,34.159668
0002-09-28 06:00:00,-1.8446339,34.159885
0002-09-28 07:00:00,-1.844646,34.16011
0002-09-28 08:00:00,-1.844657,34.160313
0002-09-28 09:00:00,-1.8446678,34.160515
0002-09-28 10:00:00,-1.8446784,34.160713
0002-09-28 11:00:00,-1.8446889,34.160904
0002-09-28 12:00:00,-1.8446991,34.161095
0002-09-28 13:00:00,-1.8447093,34.161285
0002-09-28 14:00:00,-1.8447214,34.161507
0002-09-28 15:00:00,-1.8447307,34.161682
0002-09-28 16:00:00,-1.8447384,34.161823
0002-09-28 17:00:00,-1.8447453,34.16195
0002-09-28 18:00:00,-1.8447516,34.162067
0002-09-28 19:00:00,-1.8447572,34.16217
0002-09-28 20:00:00,-1.8447626,34.16227
0002-09-28 21:00:00,-1.8447677,34.162365
0002-09-28 22:00:00,-1.844772,34.162445
0002-09-28 23:00:00,-1.844776,34.16252
0002-09-29 00:00:00,-1.84478,34.16259
0002-09-29 01:00:00,-1.8447838,34.162663
0002-09-29 02:00:00,-1.8447876,34.162735
0002-09-29 03:00:00,-1.8447908,34.162792
0002-09-29 04:00:00,-1.8447937,34.162846
0002-09-29 05:00:00,-1.844798,34.162926
0002-09-29 06:00:00,-1.8448011,34.162983
0002-09-29 07:00:00,-1.8448045,34.163048
0002-09-29 08:00:00,-1.8448074,34.163097
0002-09-29 09:00:00,-1.8448098,34.163143
0002-09-29 10:00:00,-1.8448122,34.16319
0002-09-29 11:00:00,-1.8448144,34.16323
0002-09-29 12:00:00,-1.8448164,34.16327
0002-09-29 13:00:00,-1.8448181,34.163296
0002-09-29 14:00:00,-1.844819,34.163315
0002-09-29 15:00:00,-1.8448194,34.163322
0002-09-29 16:00:00,-1.8448194,34.163322
0002-09-29 17:00:00,-1.8448191,34.163315
0002-09-29 18:00:00,-1.8448184,34.163303
0002-09-29 19:00:00,-1.8448174,34.163284
0002-09-29 20:00:00,-1.8448162,34.163265
0002-09-29 21:00:00,-1.8448147,34.163235
0002-09-29 22:00:00,-1.8448129,34.1632
0002-09-29 23:00:00,-1.8448107,34.163162
0002-09-30 00:00:00,-1.8448085,34.16312
0002-09-30 01:00:00,-1.8448056,34.163067
0002-09-30 02:00:00,-1.8448019,34.163
0002-09-30 03:00:00,-1.8447969,34.162907
0002-09-30 04:00:00,-1.8447888,34.162754
0002-09-30 05:00:00,-1.8447733,34.162468
0002-09-30 06:00:00,-1.8447636,34.16229
0002-09-30 07:00:00,-1.8447652,34.16232
0002-09-30 08:00:00,-1.844771,34.162426
0002-09-30 09:00:00,-1.8447756,34.16251
0002-09-30 10:00:00,-1.8447781,34.162556
0002-09-30 11:00:00,-1.8447794,34.162582
0002-09-30 12:00:00,-1.84478,34.162594
0002-09-30 13:00:00,-1.8447797,34.16259
0002-09-30 14:00:00,-1.8447793,34.16258
0002-09-30 15:00:00,-1.8447785,34.162567
0002-09-30 16:00:00,-1.8447778,34.16255
0002-09-30 17:00:00,-1.8447771,34.16254
0002-09-30 18:00:00,-1.8447764,34.162525
0002-09-30 19:00:00,-1.8447757,34.162514
0002-09-30 20:00:00,-1.844775,34.1625
0002-09-30 21:00:00,-1.8447745,34.16249
0002-09-30 22:00:00,-1.844774,34.162483
0002-09-30 23:00:00,-1.8447737,34.162476
0002-10-01 00:00:00,-1.8447733,34.162468
0002-10-01 01:00:00,-1.8447729,34.16246
0002-10-01 02:00:00,-1.8447726,34.162457
0002-10-01 03:00:00,-1.8447722,34.16245
0002-10-01 04:00:00,-1.8447721,34.162445
0002-10-01 05:00:00,-1.8447719,34.16244
0002-10-01 06:00:00,-1.8447717,34.16244
0002-10-01 07:00:00,-1.8447716,34.162437
0002-10-01 08:00:00,-1.8447716,34.162437
0002-10-01 09:00:00,-1.8447716,34.162437
0002-10-01 10:00:00,-1.8447719,34.16244
0002-10-01 11:00:00,-1.8447723,34.16245
0002-10-01 12:00:00,-1.8447729,34.16246
0002-10-01 13:00:00,-1.8447735,34.16247
0002-10-01 14:00:00,-1.844774,34.16248
0002-10-01 15:00:00,-1.8447742,34.162487
0002-10-01 16:00:00,-1.8447744,34.162487
0002-10-01 17:00:00,-1.8447744,34.162487
0002-10-01 18:00:00,-1.8447741,34.162483
0002-10-01 19:00:00,-1.8447739,34.16248
0002-10-01 20:00:00,-1.8447735,34.162476
0002-10-01 21:00:00,-1.8447732,34.162468
0002-10-01 22:00:00,-1.8447727,34.162457
0002-10-01 23:00:00,-1.8447721,34.162445
0002-10-02 00:00:00,-1.8447713,34.162434
0002-10-02 01:00:00,-1.8447706,34.16242
0002-10-02 02:00:00,-1.8447696,34.1624
0002-10-02 03:00:00,-1.8447685,34.16238
0002-10-02 04:00:00,-1.8447672,34.162354
0002-10-02 05:00:00,-1.8447657,34.162327
0002-10-02 06:00:00,-1.8447638,34.162292
0002-10-02 07:00:00,-1.8447616,34.16225
0002-10-02 08:00:00,-1.8447592,34.16221
0002-10-02 09:00:00,-1.8447584,34.162193
0002-10-02 10:00:00,-1.844759,34.162205
0002-10-02 11:00:00,-1.8447601,34.162224
0002-10-02 12:00:00,-1.8447613,34.162247
0002-10-02 13:00:00,-1.8447611,34.162243
0002-10-02 14:00:00,-1.8447587,34.1622
0002-10-02 15:00:00,-1.8447546,34.16212
0002-10-02 16:00:00,-1.844748,34.162003
0002-10-02 17:00:00,-1.8447386,34.161827
0002-10-02 18:00:00,-1.8447266,34.161606
0002-10-02 19:00:00,-1.8447142,34.161373
0002-10-02 20:00:00,-1.8447027,34.16116
0002-10-02 21:00:00,-1.8446919,34.16096
0002-10-02 22:00:00,-1.8446835,34.16081
0002-10-02 23:00:00,-1.8446752,34.160652
0002-10-03 00:00:00,-1.8446703,34.16056
0002-10-03 01:00:00,-1.8446667,34.160496
0002-10-03 02:00:00,-1.8446622,34.16041
0002-10-03 03:00:00,-1.8446567,34.16031
0002-10-03 04:00:00,-1.8446509,34.160202
0002-10-03 05:00:00,-1.8446441,34.160076
0002-10-03 06:00:00,-1.8446369,34.159943
0002-10-03 07:00:00,-1.8446299,34.159813
0002-10-03 08:00:00,-1.844623,34.159687
0002-10-03 09:00:00,-1.8446156,34.159546
0002-10-03 10:00:00,-1.8446089,34.159424
0002-10-03 11:00:00,-1.8446022,34.159298
0002-10-03 12:00:00,-1.8445954,34.159172
0002-10-03 13:00:00,-1.8445885,34.159046
0002-10-03 14:00:00,-1.844582,34.158924
0002-10-03 15:00:00,-1.8445755,34.158806
0002-10-03 16:00:00,-1.8445696,34.158695
0002-10-03 17:00:00,-1.8445635,34.158585
0002-10-03 18:00:00,-1.8445578,34.158478
0002-10-03 19:00:00,-1.8445522,34.158375
0002-10-03 20:00:00,-1.8445469,34.158276
0002-10-03 21:00:00,-1.8445419,34.158184
0002-10-03 22:00:00,-1.8445373,34.158096
0002-10-03 23:00:00,-1.8445328,34.158016
0002-10-04 00:00:00,-1.8445289,34.157944
0002-10-04 01:00:00,-1.8445252,34.157875
0002-10-04 02:00:00,-1.8445218,34.15781
0002-10-04 03:00:00,-1.8445189,34.157757
0002-10-04 04:00:00,-1.844516,34.157703
0002-10-04 05:00:00,-1.8445137,34.15766
0002-10-04 06:00:00,-1.8445116,34.157623
0002-10-04 07:00:00,-1.8445101,34.157593
0002-10-04 08:00:00,-1.8445089,34.15757
0002-10-04 09:00:00,-1.844508,34.15756
0002-10-04 10:00:00,-1.8445079,34.157555
0002-10-04 11:00:00,-1.844508,34.157555
0002-10-04 12:00:00,-1.8445086,34.157566
0002-10-04 13:00:00,-1.8445091,34.157578
0002-10-04 14:00:00,-1.8445092,34.157578
0002-10-04 15:00:00,-1.8445095,34.15758
0002-10-04 16:00:00,-1.8445097,34.157585
0002-10-04 17:00:00,-1.8445101,34.157597
0002-10-04 18:00:00,-1.8445104,34.1576
0002-10-04 19:00:00,-1.8445109,34.157608
0002-10-04 20:00:00,-1.8445114,34.15762
0002-10-04 21:00:00,-1.8445119,34.157627
0002-10-04 22:00:00,-1.8445126,34.157642
0002-10-04 23:00:00,-1.8445134,34.157658
0002-10-05 00:00:00,-1.8445144,34.157673
0002-10-05 01:00:00,-1.8445156,34.157696
0002-10-05 02:00:00,-1.8445168,34.15772
0002-10-05 03:00:00,-1.8445181,34.15774
0002-10-05 04:00:00,-1.8445194,34.15777
0002-10-05 05:00:00,-1.8445208,34.15779
0002-10-05 06:00:00,-1.8445221,34.157818
0002-10-05 07:00:00,-1.8445237,34.157845
0002-10-05 08:00:00,-1.8445252,34.157875
0002-10-05 09:00:00,-1.844527,34.157906
0002-10-05 10:00:00,-1.8445288,34.15794
0002-10-05 11:00:00,-1.8445308,34.157978
0002-10-05 12:00:00,-1.8445328,34.158016
0002-10-05 13:00:00,-1.844535,34.158054
0002-10-05 14:00:00,-1.8445369,34.158092
0002-10-05 15:00:00,-1.8445388,34.158127
0002-10-05 16:00:00,-1.8445406,34.15816
0002-10-05 17:00:00,-1.8445425,34.158195
0002-10-05 18:00:00,-1.8445445,34.15823
0002-10-05 19:00:00,-1.8445468,34.158276
0002-10-05 20:00:00,-1.8445497,34.15833
0002-10-05 21:00:00,-1.8445531,34.15839
0002-10-05 22:00:00,-1.844557,34.158463
0002-10-05 23:00:00,-1.8445613,34.158543
0002-10-06 00:00:00,-1.8445665,34.158638
0002-10-06 01:00:00,-1.844572,34.15874
0002-10-06 02:00:00,-1.844578,34.15885
0002-10-06 03:00:00,-1.8445843,34.15897
0002-10-06 04:00:00,-1.8445908,34.15909
0002-10-06 05:00:00,-1.8445994,34.15925
0002-10-06 06:00:00,-1.8446075,34.159397
0002-10-06 07:00:00,-1.8446156,34.15955
0002-10-06 08:00:00,-1.8446242,34.159706
0002-10-06 09:00:00,-1.8446339,34.15989
0002-10-06 10:00:00,-1.8446442,34.16008
0002-10-06 11:00:00,-1.8446548,34.160275
0002-10-06 12:00:00,-1.8446655,34.160473
0002-10-06 13:00:00,-1.844677,34.160686
0002-10-06 14:00:00,-1.8446887,34.1609
0002-10-06 15:00:00,-1.8446989,34.16109
0002-10-06 16:00:00,-1.8447078,34.161255
0002-10-06 17:00:00,-1.8447157,34.161404
0002-10-06 18:00:00,-1.8447227,34.16153
0002-10-06 19:00:00,-1.8447295,34.16166
0002-10-06 20:00:00,-1.8447361,34.16178
0002-10-06 21:00:00,-1.8447424,34.161896
0002-10-06 22:00:00,-1.8447483,34.162006
0002-10-06 23:00:00,-1.8447539,34.16211
0002-10-07 00:00:00,-1.8447592,34.16221
0002-10-07 01:00:00,-1.8447641,34.1623
0002-10-07 02:00:00,-1.8447686,34.162384
0002-10-07 03:00:00,-1.8447732,34.162468
0002-10-07 04:00:00,-1.8447776,34.162548
0002-10-07 05:00:00,-1.8447821,34.162632
0002-10-07 06:00:00,-1.8447866,34.162716
0002-10-07 07:00:00,-1.8447913,34.162804
0002-10-07 08:00:00,-1.8447962,34.16289
0002-10-07 09:00:00,-1.844801,34.162983
0002-10-07 10:00:00,-1.8448058,34.16307
0002-10-07 11:00:00,-1.8448106,34.16316
0002-10-07 12:00:00,-1.844815,34.163242
0002-10-07 13:00:00,-1.8448191,34.16332
0002-10-07 14:00:00,-1.8448228,34.163387
0002-10-07 15:00:00,-1.8448262,34.16345
0002-10-07 16:00:00,-1.8448294,34.163506
0002-10-07 17:00:00,-1.8448324,34.163563
0002-10-07 18:00:00,-1.8448353,34.163616
0002-10-07 19:00:00,-1.8448379,34.163666
0002-10-07 20:00:00,-1.8448404,34.16371
0002-10-07 21:00:00,-1.8448428,34.163757
0002-10-07 22:00:00,-1.844845,34.1638
0002-10-07 23:00:00,-1.8448472,34.163837
0002-10-08 00:00:00,-1.8448492,34.163876
0002-10-08 01:00:00,-1.8448511,34.16391
0002-10-08 02:00:00,-1.8448529,34.163944
0002-10-08 03:00:00,-1.8448546,34.163975
0002-10-08 04:00:00,-1.8448561,34.164
0002-10-08 05:00:00,-1.8448576,34.16403
0002-10-08 06:00:00,-1.844859,34.164055
0002-10-08 07:00:00,-1.8448603,34.16408
0002-10-08 08:00:00,-1.8448616,34.164104
0002-10-08 09:00:00,-1.8448628,34.164127
0002-10-08 10:00:00,-1.844864,34.164146
0002-10-08 11:00:00,-1.8448651,34.16417
0002-10-08 12:00:00,-1.8448662,34.16419
0002-10-08 13:00:00,-1.844867,34.164204
0002-10-08 14:00:00,-1.8448677,34.164215
0002-10-08 15:00:00,-1.8448683,34.164227
0002-10-08 16:00:00,-1.8448688,34.164238
0002-10-08 17:00:00,-1.8448693,34.164246
0002-10-08 18:00:00,-1.8448699,34.164257
0002-10-08 19:00:00,-1.8448703,34.164265
0002-10-08 20:00:00,-1.8448709,34.164276
0002-10-08 21:00:00,-1.8448714,34.164288
0002-10-08 22:00:00,-1.844872,34.1643
0002-10-08 23:00:00,-1.8448727,34.16431
0002-10-09 00:00:00,-1.8448733,34.16432
0002-10-09 01:00:00,-1.844874,34.164333
0002-10-09 02:00:00,-1.8448749,34.16435
0002-10-09 03:00:00,-1.8448756,34.164364
0002-10-09 04:00:00,-1.8448764,34.16438
0002-10-09 05:00:00,-1.8448774,34.164394
0002-10-09 06:00:00,-1.8448783,34.164413
0002-10-09 07:00:00,-1.8448794,34.164433
0002-10-09 08:00:00,-1.8448805,34.16445
0002-10-09 09:00:00,-1.8448817,34.164474
0002-10-09 10:00:00,-1.8448828,34.164497
0002-10-09 11:00:00,-1.8448843,34.164524
0002-10-09 12:00:00,-1.8448857,34.16455
0002-10-09 13:00:00,-1.8448868,34.16457
0002-10-09 14:00:00,-1.8448874,34.16458
0002-10-09 15:00:00,-1.8448875,34.164585
0002-10-09 16:00:00,-1.8448873,34.16458
0002-10-09 17:00:00,-1.8448867,34.16457
0002-10-09 18:00:00,-1.8448856,34.164547
0002-10-09 19:00:00,-1.844884,34.16452
0002-10-09 20:00:00,-1.8448822,34.164486
0002-10-09 21:00:00,-1.84488,34.164444
0002-10-09 22:00:00,-1.8448772,34.164394
0002-10-09 23:00:00,-1.844874,34.164333
0002-10-10 00:00:00,-1.8448702,34.164265
0002-10-10 01:00:00,-1.8448658,34.16418
0002-10-10 02:00:00,-1.844861,34.164093
0002-10-10 03:00:00,-1.8448551,34.163982
0002-10-10 04:00:00,-1.8448482,34.163857
0002-10-10 05:00:00,-1.84484,34.163704
0002-10-10 06:00:00,-1.8448305,34.16353
0002-10-10 07:00:00,-1.8448197,34.163326
0002-10-10 08:00:00,-1.8448079,34.16311
0002-10-10 09:00:00,-1.8447975,34.162918
0002-10-10 10:00:00,-1.8447887,34.162754
0002-10-10 11:00:00,-1.8447821,34.162632
0002-10-10 12:00:00,-1.8447773,34.162544
0002-10-10 13:00:00,-1.8447721,34.16245
0002-10-10 14:00:00,-1.8447658,34.16233
0002-10-10 15:00:00,-1.8447591,34.162205
0002-10-10 16:00:00,-1.8447523,34.16208
0002-10-10 17:00:00,-1.8447461,34.161964
0002-10-10 18:00:00,-1.8447402,34.161854
0002-10-10 19:00:00,-1.8447347,34.161755
0002-10-10 20:00:00,-1.8447299,34.161663
0002-10-10 21:00:00,-1.8447257,34.161587
0002-10-10 22:00:00,-1.8447218,34.161514
0002-10-10 23:00:00,-1.8447185,34.161453
0002-10-11 00:00:00,-1.8447157,34.161404
0002-10-11 01:00:00,-1.8447136,34.16136
0002-10-11 02:00:00,-1.8447119,34.16133
0002-10-11 03:00:00,-1.8447106,34.161304
0002-10-11 04:00:00,-1.8447096,34.16129
0002-10-11 05:00:00,-1.8447093,34.16128
0002-10-11 06:00:00,-1.8447095,34.16129
0002-10-11 07:00:00,-1.8447102,34.1613
0002-10-11 08:00:00,-1.8447113,34.16132
0002-10-11 09:00:00,-1.8447126,34.161346
0002-10-11 10:00:00,-1.8447144,34.161377
0002-10-11 11:00:00,-1.8447165,34.16142
0002-10-11 12:00:00,-1.8447192,34.16147
0002-10-11 13:00:00,-1.8447216,34.16151
0002-10-11 14:00:00,-1.8447231,34.161537
0002-10-11 15:00:00,-1.8447243,34.16156
0002-10-11 16:00:00,-1.8447254,34.16158
0002-10-11 17:00:00,-1.8447263,34.1616
0002-10-11 18:00:00,-1.8447272,34.161613
0002-10-11 19:00:00,-1.8447279,34.16163
0002-10-11 20:00:00,-1.8447286,34.16164
0002-10-11 21:00:00,-1.8447292,34.16165
0002-10-11 22:00:00,-1.8447298,34.161663
0002-10-11 23:00:00,-1.8447303,34.16167
0002-10-12 00:00:00,-1.8447305,34.16168
0002-10-12 01:00:00,-1.8447309,34.161682
0002-10-12 02:00:00,-1.844731,34.161686
0002-10-12 03:00:00,-1.8447312,34.16169
0002-10-12 04:00:00,-1.8447313,34.16169
0002-10-12 05:00:00,-1.8447315,34.161694
0002-10-12 06:00:00,-1.8447315,34.161694
0002-10-12 07:00:00,-1.8447315,34.161694
0002-10-12 08:00:00,-1.8447315,34.161694
0002-10-12 09:00:00,-1.8447315,34.161694
0002-10-12 10:00:00,-1.8447315,34.161694
0002-10-12 11:00:00,-1.8447315,34.161694
0002-10-12 12:00:00,-1.8447315,34.161694
0002-10-12 13:00:00,-1.8447306,34.16168
0002-10-12 14:00:00,-1.8447287,34.161644
0002-10-12 15:00:00,-1.8447258,34.16159
0002-10-12 16:00:00,-1.8447223,34.161522
0002-10-12 17:00:00,-1.844718,34.161446
0002-10-12 18:00:00,-1.8447132,34.161354
0002-10-12 19:00:00,-1.8447081,34.161263
0002-10-12 20:00:00,-1.8447031,34.161167
0002-10-12 21:00:00,-1.8446981,34.161076
0002-10-12 22:00:00,-1.8446933,34.160988
0002-10-12 23:00:00,-1.8446885,34.1609
0002-10-13 00:00:00,-1.8446839,34.160812
0002-10-13 01:00:00,-1.844679,34.16072
0002-10-13 02:00:00,-1.8446743,34.160637
0002-10-13 03:00:00,-1.844669,34.160538
0002-10-13 04:00:00,-1.844664,34.160446
0002-10-13 05:00:00,-1.8446592,34.160355
0002-10-13 06:00:00,-1.8446538,34.16026
0002-10-13 07:00:00,-1.844649,34.160164
0002-10-13 08:00:00,-1.8446438,34.160072
0002-10-13 09:00:00,-1.8446386,34.159973
0002-10-13 10:00:00,-1.8446332,34.159874
0002-10-13 11:00:00,-1.8446279,34.159775
0002-10-13 12:00:00,-1.8446225,34.159676
0002-10-13 13:00:00,-1.8446171,34.159576
0002-10-13 14:00:00,-1.8446112,34.159466
0002-10-13 15:00:00,-1.8446053,34.15936
0002-10-13 16:00:00,-1.8445995,34.159252
0002-10-13 17:00:00,-1.8445936,34.15914
0002-10-13 18:00:00,-1.8445874,34.159027
0002-10-13 19:00:00,-1.8445814,34.158913
0002-10-13 20:00:00,-1.8445749,34.158794
0002-10-13 21:00:00,-1.8445685,34.158676
0002-10-13 22:00:00,-1.8445617,34.15855
0002-10-13 23:00:00,-1.8445548,34.15842
0002-10-14 00:00:00,-1.8445473,34.158283
0002-10-14 01:00:00,-1.8445396,34.158142
0002-10-14 02:00:00,-1.8445315,34.15799
0002-10-14 03:00:00,-1.8445228,34.15783
0002-10-14 04:00:00,-1.8445135,34.157658
0002-10-14 05:00:00,-1.8445034,34.15747
0002-10-14 06:00:00,-1.8444923,34.157265
0002-10-14 07:00:00,-1.8444798,34.157032
0002-10-14 08:00:00,-1.8444667,34.156788
0002-10-14 09:00:00,-1.8444526,34.15653
0002-10-14 10:00:00,-1.8444386,34.15627
0002-10-14 11:00:00,-1.8444258,34.156033
0002-10-14 12:00:00,-1.8444138,34.15581
0002-10-14 13:00:00,-1.8444037,34.155624
0002-10-14 14:00:00,-1.8443948,34.15546
0002-10-14 15:00:00,-1.844387,34.155315
0002-10-14 16:00:00,-1.8443797,34.155178
0002-10-14 17:00:00,-1.8443735,34.155064
0002-10-14 18:00:00,-1.8443681,34.154964
0002-10-14 19:00:00,-1.8443638,34.154884
0002-10-14 20:00:00,-1.8443601,34.154816
0002-10-14 21:00:00,-1.8443571,34.154762
0002-10-14 22:00:00,-1.8443547,34.154716
0002-10-14 23:00:00,-1.844353,34.154686
0002-10-15 00:00:00,-1.844352,34.154667
0002-10-15 01:00:00,-1.8443512,34.15465
0002-10-15 02:00:00,-1.8443503,34.154636
0002-10-15 03:00:00,-1.8443501,34.154633
0002-10-15 04:00:00,-1.8443505,34.15464
0002-10-15 05:00:00,-1.8443524,34.15467
0002-10-15 06:00:00,-1.8443551,34.154724
0002-10-15 07:00:00,-1.8443584,34.15479
0002-10-15 08:00:00,-1.8443619,34.15485
0002-10-15 09:00:00,-1.8443656,34.15492
0002-10-15 10:00:00,-1.8443693,34.154987
0002-10-15 11:00:00,-1.8443731,34.15506
0002-10-15 12:00:00,-1.8443775,34.15514
0002-10-15 13:00:00,-1.844382,34.155224
0002-10-15 14:00:00,-1.8443861,34.155296
0002-10-15 15:00:00,-1.8443898,34.155365
0002-10-15 16:00:00,-1.8443936,34.155437
0002-10-15 17:00:00,-1.8443977,34.155514
0002-10-15 18:00:00,-1.8444022,34.155594
0002-10-15 19:00:00,-1.8444067,34.15568
0002-10-15 20:00:00,-1.8444113,34.155766
0002-10-15 21:00:00,-1.8444154,34.15584
0002-10-15 22:00:00,-1.8444201,34.15593
0002-10-15 23:00:00,-1.8444246,34.15601
0002-10-16 00:00:00,-1.8444288,34.15609
0002-10-16 01:00:00,-1.844433,34.156166
0002-10-16 02:00:00,-1.8444372,34.156246
0002-10-16 03:00:00,-1.8444417,34.156326
0002-10-16 04:00:00,-1.8444463,34.156414
0002-10-16 05:00:00,-1.8444514,34.156506
0002-10-16 06:00:00,-1.8444562,34.156597
0002-10-16 07:00:00,-1.8444606,34.156677
0002-10-16 08:00:00,-1.844465,34.15676
0002-10-16 09:00:00,-1.8444694,34.15684
0002-10-16 10:00:00,-1.8444736,34.156918
0002-10-16 11:00:00,-1.8444777,34.156994
0002-10-16 12:00:00,-1.8444817,34.15707
0002-10-16 13:00:00,-1.8444859,34.157146
0002-10-16 14:00:00,-1.8444898,34.15722
0002-10-16 15:00:00,-1.8444937,34.15729
0002-10-16 16:00:00,-1.844498,34.15737
0002-10-16 17:00:00,-1.8445024,34.15745
0002-10-16 18:00:00,-1.8445066,34.157528
0002-10-16 19:00:00,-1.8445106,34.1576
0002-10-16 20:00:00,-1.8445145,34.157677
0002-10-16 21:00:00,-1.8445187,34.157753
0002-10-16 22:00:00,-1.8445228,34.15783
0002-10-16 23:00:00,-1.8445268,34.157906
0002-10-17 00:00:00,-1.8445307,34.157974
0002-10-17 01:00:00,-1.8445346,34.15805
0002-10-17 02:00:00,-1.8445388,34.158127
0002-10-17 03:00:00,-1.844543,34.158203
0002-10-17 04:00:00,-1.8445473,34.158283
0002-10-17 05:00:00,-1.8445514,34.15836
0002-10-17 06:00:00,-1.8445554,34.158432
0002-10-17 07:00:00,-1.8445597,34.158512
0002-10-17 08:00:00,-1.844564,34.158592
0002-10-17 09:00:00,-1.8445684,34.158672
0002-10-17 10:00:00,-1.8445728,34.158756
0002-10-17 11:00:00,-1.844577,34.158833
0002-10-17 12:00:00,-1.844581,34.15891
0002-10-17 13:00:00,-1.8445858,34.158997
0002-10-17 14:00:00,-1.8445901,34.159077
0002-10-17 15:00:00,-1.8445936,34.15914
0002-10-17 16:00:00,-1.8445967,34.1592
0002-10-17 17:00:00,-1.8445995,34.15925
0002-10-17 18:00:00,-1.8446018,34.15929
0002-10-17 19:00:00,-1.8446035,34.159325
0002-10-17 20:00:00,-1.8446051,34.15935
0002-10-17 21:00:00,-1.8446062,34.159374
0002-10-17 22:00:00,-1.844607,34.15939
0002-10-17 23:00:00,-1.8446076,34.1594
0002-10-18 00:00:00,-1.8446078,34.159405
0002-10-18 01:00:00,-1.844608,34.159405
0002-10-18 02:00:00,-1.8446076,34.1594
0002-10-18 03:00:00,-1.8446071,34.159393
0002-10-18 04:00:00,-1.8446063,34.159374
0002-10-18 05:00:00,-1.8446051,34.159355
0002-10-18 06:00:00,-1.8446037,34.15933
0002-10-18 07:00:00,-1.8446023,34.1593
0002-10-18 08:00:00,-1.8446014,34.159286
0002-10-18 09:00:00,-1.8446008,34.159275
0002-10-18 10:00:00,-1.8446006,34.159267
0002-10-18 11:00:00,-1.8446004,34.159267
0002-10-18 12:00:00,-1.8446007,34.15927
0002-10-18 13:00:00,-1.8446008,34.159275
0002-10-18 14:00:00,-1.8446008,34.15927
0002-10-18 15:00:00,-1.8446007,34.15927
0002-10-18 16:00:00,-1.8446004,34.159267
0002-10-18 17:00:00,-1.8446003,34.159264
0002-10-18 18:00:00,-1.8446001,34.15926
0002-10-18 19:00:00,-1.8445998,34.159256
0002-10-18 20:00:00,-1.8445996,34.159252
0002-10-18 21:00:00,-1.8445992,34.159245
0002-10-18 22:00:00,-1.8445989,34.15924
0002-10-18 23:00:00,-1.8445987,34.159233
0002-10-19 00:00:00,-1.8445983,34.15923
0002-10-19 01:00:00,-1.8445979,34.15922
0002-10-19 02:00:00,-1.8445976,34.159214
0002-10-19 03:00:00,-1.8445972,34.159206
0002-10-19 04:00:00,-1.8445967,34.1592
0002-10-19 05:00:00,-1.8445964,34.15919
0002-10-19 06:00:00,-1.8445959,34.159184
0002-10-19 07:00:00,-1.8445954,34.159176
0002-10-19 08:00:00,-1.844595,34.15917
0002-10-19 09:00:00,-1.8445945,34.159157
0002-10-19 10:00:00,-1.844594,34.15915
0002-10-19 11:00:00,-1.8445935,34.159138
0002-10-19 12:00:00,-1.844593,34.15913
0002-10-19 13:00:00,-1.8445921,34.15911
0002-10-19 14:00:00,-1.8445905,34.159084
0002-10-19 15:00:00,-1.8445885,34.159046
0002-10-19 16:00:00,-1.8445863,34.159004
0002-10-19 17:00:00,-1.8445835,34.158955
0002-10-19 18:00:00,-1.8445805,34.158897
0002-10-19 19:00:00,-1.8445771,34.158836
0002-10-19 20:00:00,-1.8445733,34.158764
0002-10-19 21:00:00,-1.8445688,34.158684
0002-10-19 22:00:00,-1.844564,34.158592
0002-10-19 23:00:00,-1.8445585,34.15849
0002-10-20 00:00:00,-1.8445523,34.158375
0002-10-20 01:00:00,-1.8445452,34.158245
0002-10-20 02:00:00,-1.8445374,34.1581
0002-10-20 03:00:00,-1.8445284,34.157936
0002-10-20 04:00:00,-1.8445184,34.15775
0002-10-20 05:00:00,-1.8445073,34.157543
0002-10-20 06:00:00,-1.8444953,34.15732
0002-10-20 07:00:00,-1.8444833,34.157097
0002-10-20 08:00:00,-1.8444713,34.156876
0002-10-20 09:00:00,-1.8444598,34.156662
0002-10-20 10:00:00,-1.8444488,34.15646
0002-10-20 11:00:00,-1.8444382,34.156265
0002-10-20 12:00:00,-1.844428,34.156075
0002-10-20 13:00:00,-1.8444144,34.155823
0002-10-20 14:00:00,-1.8443967,34.155495
0002-10-20 15:00:00,-1.844377,34.155132
0002-10-20 16:00:00,-1.8443584,34.154785
0002-10-20 17:00:00,-1.8443434,34.154507
0002-10-20 18:00:00,-1.8443334,34.154324
0002-10-20 19:00:00,-1.8443257,34.15418
0002-10-20 20:00:00,-1.8443199,34.15407
0002-10-20 21:00:00,-1.8443197,34.154068
0002-10-20 22:00:00,-1.8443278,34.15422
0002-10-20 23:00:00,-1.8443369,34.154385
0002-10-21 00:00:00,-1.8443437,34.154514
0002-10-21 01:00:00,-1.8443499,34.154625
0002-10-21 02:00:00,-1.8443544,34.154713
0002-10-21 03:00:00,-1.8443583,34.154785
0002-10-21 04:00:00,-1.8443618,34.154846
0002-10-21 05:00:00,-1.844366,34.154922
0002-10-21 06:00:00,-1.844371,34.155018
0002-10-21 07:00:00,-1.844378,34.155148
0002-10-21 08:00:00,-1.8443847,34.15527
0002-10-21 09:00:00,-1.8443917,34.1554
0002-10-21 10:00:00,-1.8443989,34.155537
0002-10-21 11:00:00,-1.8444059,34.155663
0002-10-21 12:00:00,-1.8444128,34.155792
0002-10-21 13:00:00,-1.8444179,34.155888
0002-10-21 14:00:00,-1.8444208,34.15594
0002-10-21 15:00:00,-1.8444217,34.15596
0002-10-21 16:00:00,-1.8444215,34.155952
0002-10-21 17:00:00,-1.84442,34.155926
0002-10-21 18:00:00,-1.8444175,34.15588
0002-10-21 19:00:00,-1.844414,34.155815
0002-10-21 20:00:00,-1.84441,34.15574
0002-10-21 21:00:00,-1.844405,34.155647
0002-10-21 22:00:00,-1.8443995,34.15555
0002-10-21 23:00:00,-1.8443933,34.15543
0002-10-22 00:00:00,-1.8443862,34.1553
0002-10-22 01:00:00,-1.8443786,34.15516
0002-10-22 02:00:00,-1.8443702,34.155003
0002-10-22 03:00:00,-1.8443612,34.154835
0002-10-22 04:00:00,-1.8443513,34.15465
0002-10-22 05:00:00,-1.8443407,34.154457
0002-10-22 06:00:00,-1.8443291,34.154243
0002-10-22 07:00:00,-1.8443166,34.15401
0002-10-22 08:00:00,-1.8443028,34.153755
0002-10-22 09:00:00,-1.8442881,34.153484
0002-10-22 10:00:00,-1.844272,34.153187
0002-10-22 11:00:00,-1.8441966,34.15286
0002-10-22 12:00:00,-1.8438559,34.152515
0002-10-22 13:00:00,-1.8435533,34.15216
0002-10-22 14:00:00,-1.8434069,34.151806
0002-10-22 15:00:00,-1.8433461,34.15147
0002-10-22 16:00:00,-1.843353,34.15116
0002-10-22 17:00:00,-1.843426,34.150864
0002-10-22 18:00:00,-1.8435398,34.150604
0002-10-22 19:00:00,-1.843684,34.15039
0002-10-22 20:00:00,-1.8438488,34.150223
0002-10-22 21:00:00,-1.8440304,34.15009
0002-10-22 22:00:00,-1.8441,34.149998
0002-10-22 23:00:00,-1.844097,34.149944
0002-10-23 00:00:00,-1.8440945,34.1499
0002-10-23 01:00:00,-1.8440937,34.149883
0002-10-23 02:00:00,-1.8440934,34.14988
0002-10-23 03:00:00,-1.844094,34.149887
0002-10-23 04:00:00,-1.8440946,34.1499
0002-10-23 05:00:00,-1.8440963,34.149933
0002-10-23 06:00:00,-1.8440986,34.149975
0002-10-23 07:00:00,-1.8441018,34.150032
0002-10-23 08:00:00,-1.8441057,34.150105
0002-10-23 09:00:00,-1.8441108,34.1502
0002-10-23 10:00:00,-1.8441168,34.15031
0002-10-23 11:00:00,-1.844123,34.150425
0002-10-23 12:00:00,-1.8441293,34.150543
0002-10-23 13:00:00,-1.8441346,34.15064
0002-10-23 14:00:00,-1.8441379,34.1507
0002-10-23 15:00:00,-1.8441396,34.150734
0002-10-23 16:00:00,-1.8441399,34.15074
0002-10-23 17:00:00,-1.8441393,34.150726
0002-10-23 18:00:00,-1.8441377,34.150696
0002-10-23 19:00:00,-1.8441353,34.150654
0002-10-23 20:00:00,-1.8441322,34.150597
0002-10-23 21:00:00,-1.8441292,34.15054
0002-10-23 22:00:00,-1.8441278,34.150513
0002-10-23 23:00:00,-1.8441281,34.15052
0002-10-24 00:00:00,-1.844129,34.150536
0002-10-24 01:00:00,-1.8441303,34.15056
0002-10-24 02:00:00,-1.8441316,34.150585
0002-10-24 03:00:00,-1.844133,34.15061
0002-10-24 04:00:00,-1.8441344,34.15064
0002-10-24 05:00:00,-1.8441362,34.150673
0002-10-24 06:00:00,-1.8441383,34.150707
0002-10-24 07:00:00,-1.8441406,34.150753
0002-10-24 08:00:00,-1.8441437,34.15081
0002-10-24 09:00:00,-1.8441478,34.150887
0002-10-24 10:00:00,-1.8441527,34.150978
0002-10-24 11:00:00,-1.8441597,34.151104
0002-10-24 12:00:00,-1.8441668,34.151234
0002-10-24 13:00:00,-1.8441733,34.151356
0002-10-24 14:00:00,-1.8441797,34.151474
0002-10-24 15:00:00,-1.8441863,34.1516
0002-10-24 16:00:00,-1.8441921,34.151707
0002-10-24 17:00:00,-1.8441978,34.15181
0002-10-24 18:00:00,-1.8442037,34.15192
0002-10-24 19:00:00,-1.8442106,34.15205
0002-10-24 20:00:00,-1.8442177,34.15218
0002-10-24 21:00:00,-1.8442247,34.15231
0002-10-24 22:00:00,-1.8442332,34.152466
0002-10-24 23:00:00,-1.8442427,34.15264
0002-10-25 00:00:00,-1.8442528,34.152832
0002-10-25 01:00:00,-1.8442636,34.15303
0002-10-25 02:00:00,-1.8442745,34.153233
0002-10-25 03:00:00,-1.8442862,34.15345
0002-10-25 04:00:00,-1.8442988,34.153683
0002-10-25 05:00:00,-1.8443118,34.153923
0002-10-25 06:00:00,-1.8443257,34.15418
0002-10-25 07:00:00,-1.8443395,34.154434
0002-10-25 08:00:00,-1.8443532,34.154686
0002-10-25 09:00:00,-1.8443682,34.15497
0002-10-25 10:00:00,-1.8443846,34.15527
0002-10-25 11:00:00,-1.8444028,34.15561
0002-10-25 12:00:00,-1.8444225,34.15597
0002-10-25 13:00:00,-1.8444415,34.156322
0002-10-25 14:00:00,-1.8444575,34.15662
0002-10-25 15:00:00,-1.8444709,34.156868
0002-10-25 16:00:00,-1.8444821,34.157074
0002-10-25 17:00:00,-1.8444921,34.15726
0002-10-25 18:00:00,-1.844501,34.157425
0002-10-25 19:00:00,-1.8445091,34.157578
0002-10-25 20:00:00,-1.8445165,34.157715
0002-10-25 21:00:00,-1.8445233,34.15784
0002-10-25 22:00:00,-1.8445295,34.157955
0002-10-25 23:00:00,-1.8445354,34.158062
0002-10-26 00:00:00,-1.8445407,34.15816
0002-10-26 01:00:00,-1.8445455,34.15825
0002-10-26 02:00:00,-1.8445498,34.15833
0002-10-26 03:00:00,-1.8445537,34.1584
0002-10-26 04:00:00,-1.8445573,34.15847
0002-10-26 05:00:00,-1.8445606,34.15853
0002-10-26 06:00:00,-1.8445637,34.15859
0002-10-26 07:00:00,-1.8445665,34.158638
0002-10-26 08:00:00,-1.844569,34.158684
0002-10-26 09:00:00,-1.8445712,34.158726
0002-10-26 10:00:00,-1.8445733,34.158764
0002-10-26 11:00:00,-1.8445752,34.1588
0002-10-26 12:00:00,-1.844577,34.158833
0002-10-26 13:00:00,-1.8445783,34.158855
0002-10-26 14:00:00,-1.8445786,34.158863
0002-10-26 15:00:00,-1.8445786,34.158863
0002-10-26 16:00:00,-1.8445783,34.15886
0002-10-26 17:00:00,-1.8445777,34.158844
0002-10-26 18:00:00,-1.8445767,34.15883
0002-10-26 19:00:00,-1.8445756,34.158806
0002-10-26 20:00:00,-1.8445742,34.158783
0002-10-26 21:00:00,-1.8445724,34.15875
0002-10-26 22:00:00,-1.8445703,34.15871
0002-10-26 23:00:00,-1.844568,34.15867
0002-10-27 00:00:00,-1.8445655,34.158623
0002-10-27 01:00:00,-1.8445628,34.15857
0002-10-27 02:00:00,-1.8445597,34.158512
0002-10-27 03:00:00,-1.8445565,34.15845
0002-10-27 04:00:00,-1.8445529,34.158386
0002-10-27 05:00:00,-1.8445491,34.158318
0002-10-27 06:00:00,-1.844545,34.15824
0002-10-27 07:00:00,-1.8445408,34.15816
0002-10-27 08:00:00,-1.8445363,34.15808
0002-10-27 09:00:00,-1.8445315,34.157993
0002-10-27 10:00:00,-1.8445266,34.1579
0002-10-27 11:00:00,-1.8445215,34.157806
0002-10-27 12:00:00,-1.8445162,34.157707
0002-10-27 13:00:00,-1.8445103,34.157597
0002-10-27 14:00:00,-1.8445038,34.15748
0002-10-27 15:00:00,-1.8444967,34.157345
0002-10-27 16:00:00,-1.844489,34.157204
0002-10-27 17:00:00,-1.8444808,34.15705
0002-10-27 18:00:00,-1.8444719,34.156887
0002-10-27 19:00:00,-1.8444628,34.156715
0002-10-27 20:00:00,-1.8444527,34.156532
0002-10-27 21:00:00,-1.8444418,34.15633
0002-10-27 22:00:00,-1.8443447,34.156113
0002-10-27 23:00:00,-1.8440937,34.15588
0002-10-28 00:00:00,-1.8437794,34.15563
0002-10-28 01:00:00,-1.8434066,34.155357
0002-10-28 02:00:00,-1.8429779,34.15507
0002-10-28 03:00:00,-1.842492,34.154755
0002-10-28 04:00:00,-1.8419359,34.154408
0002-10-28 05:00:00,-1.8413209,34.154053
0002-10-28 06:00:00,-1.8406249,34.15366
0002-10-28 07:00:00,-1.839867,34.15326
0002-10-28 08:00:00,-1.8390191,34.152817
0002-10-28 09:00:00,-1.8381294,34.15239
0002-10-28 10:00:00,-1.837148,34.15192
0002-10-28 11:00:00,-1.8361113,34.15145
0002-10-28 12:00:00,-1.8350078,34.15097
0002-10-28 13:00:00,-1.8339959,34.150517
0002-10-28 14:00:00,-1.8331677,34.150105
0002-10-28 15:00:00,-1.8324656,34.149734
0002-10-28 16:00:00,-1.8318567,34.14939
0002-10-28 17:00:00,-1.8313328,34.14908
0002-10-28 18:00:00,-1.8308856,34.148785
0002-10-28 19:00:00,-1.8305094,34.148518
0002-10-28 20:00:00,-1.8302013,34.14827
0002-10-28 21:00:00,-1.8299627,34.148045
0002-10-28 22:00:00,-1.8297839,34.14784
0002-10-28 23:00:00,-1.8296584,34.147648
0002-10-29 00:00:00,-1.8295865,34.14747
0002-10-29 01:00:00,-1.8295718,34.14731
0002-10-29 02:00:00,-1.8296165,34.147167
0002-10-29 03:00:00,-1.8297201,34.14705
0002-10-29 04:00:00,-1.829881,34.14695
0002-10-29 05:00:00,-1.8300971,34.14687
0002-10-29 06:00:00,-1.830359,34.146812
0002-10-29 07:00:00,-1.8306817,34.146774
0002-10-29 08:00:00,-1.8310484,34.14676
0002-10-29 09:00:00,-1.8314681,34.146755
0002-10-29 10:00:00,-1.8319322,34.14677
0002-10-29 11:00:00,-1.8324523,34.146797
0002-10-29 12:00:00,-1.832982,34.14686
0002-10-29 13:00:00,-1.8334814,34.146896
0002-10-29 14:00:00,-1.8338919,34.14691
0002-10-29 15:00:00,-1.8342488,34.146915
0002-10-29 16:00:00,-1.8345932,34.146908
0002-10-29 17:00:00,-1.8349165,34.146896
0002-10-29 18:00:00,-1.835187,34.146885
0002-10-29 19:00:00,-1.8355,34.146862
0002-10-29 20:00:00,-1.835812,34.146843
0002-10-29 21:00:00,-1.836143,34.146816
0002-10-29 22:00:00,-1.8364595,34.146793
0002-10-29 23:00:00,-1.8367612,34.14678
0002-10-30 00:00:00,-1.8370523,34.146767
0002-10-30 01:00:00,-1.8373339,34.146755
0002-10-30 02:00:00,-1.837606,34.146744
0002-10-30 03:00:00,-1.837869,34.146732
0002-10-30 04:00:00,-1.8381238,34.14672
0002-10-30 05:00:00,-1.8383611,34.14671
0002-10-30 06:00:00,-1.8385917,34.14669
0002-10-30 07:00:00,-1.8388048,34.146675
0002-10-30 08:00:00,-1.8390069,34.146656
0002-10-30 09:00:00,-1.839246,34.14664
0002-10-30 10:00:00,-1.8394932,34.146618
0002-10-30 11:00:00,-1.8397256,34.146606
0002-10-30 12:00:00,-1.8399485,34.1466
0002-10-30 13:00:00,-1.8401642,34.14659
0002-10-30 14:00:00,-1.8403649,34.146584
0002-10-30 15:00:00,-1.8405505,34.146572
0002-10-30 16:00:00,-1.8407165,34.146557
0002-10-30 17:00:00,-1.8408687,34.146538
0002-10-30 18:00:00,-1.8410087,34.14651
0002-10-30 19:00:00,-1.8411314,34.146477
0002-10-30 20:00:00,-1.8412434,34.14644
0002-10-30 21:00:00,-1.8413377,34.146393
0002-10-30 22:00:00,-1.8414123,34.14635
0002-10-30 23:00:00,-1.8414935,34.1463
0002-10-31 00:00:00,-1.841564,34.146255
0002-10-31 01:00:00,-1.8416244,34.146202
0002-10-31 02:00:00,-1.8416735,34.14615
0002-10-31 03:00:00,-1.8417113,34.146095
0002-10-31 04:00:00,-1.8417373,34.14604
0002-10-31 05:00:00,-1.8417591,34.14598
0002-10-31 06:00:00,-1.8417661,34.145924
0002-10-31 07:00:00,-1.841759,34.145863
0002-10-31 08:00:00,-1.8417394,34.1458
0002-10-31 09:00:00,-1.8417069,34.14574
0002-10-31 10:00:00,-1.8416617,34.14568
0002-10-31 11:00:00,-1.8416042,34.14562
0002-10-31 12:00:00,-1.8415349,34.145554
0002-10-31 13:00:00,-1.8415173,34.145485
0002-10-31 14:00:00,-1.8415997,34.1454
0002-10-31 15:00:00,-1.8417256,34.14531
0002-10-31 16:00:00,-1.8419263,34.145203
0002-10-31 17:00:00,-1.8421755,34.145084
0002-10-31 18:00:00,-1.8425518,34.14494
0002-10-31 19:00:00,-1.8429575,34.144787
0002-10-31 20:00:00,-1.8432106,34.144665
0002-10-31 21:00:00,-1.843322,34.144573
0002-10-31 22:00:00,-1.8432988,34.14452
0002-10-31 23:00:00,-1.8432102,34.144493
0002-11-01 00:00:00,-1.843053,34.1445
0002-11-01 01:00:00,-1.8428414,34.144558
0002-11-01 02:00:00,-1.8427428,34.144608
0002-11-01 03:00:00,-1.84266,34.144653
0002-11-01 04:00:00,-1.8426381,34.14469
0002-11-01 05:00:00,-1.8426232,34.144722
0002-11-01 06:00:00,-1.8426303,34.144756
0002-11-01 07:00:00,-1.8426377,34.144825
0002-11-01 08:00:00,-1.8426876,34.14489
0002-11-01 09:00:00,-1.8427727,34.144955
0002-11-01 10:00:00,-1.8428348,34.14503
0002-11-01 11:00:00,-1.8429177,34.145126
0002-11-01 12:00:00,-1.8430141,34.145245
0002-11-01 13:00:00,-1.8431172,34.145363
0002-11-01 14:00:00,-1.8432223,34.145473
0002-11-01 15:00:00,-1.8433151,34.14558
0002-11-01 16:00:00,-1.8433975,34.14568
0002-11-01 17:00:00,-1.8434626,34.145786
0002-11-01 18:00:00,-1.8435386,34.145878
0002-11-01 19:00:00,-1.8436198,34.145973
0002-11-01 20:00:00,-1.8436992,34.14607
0002-11-01 21:00:00,-1.8437696,34.14616
0002-11-01 22:00:00,-1.8438157,34.14625
0002-11-01 23:00:00,-1.8438649,34.14638
0002-11-02 00:00:00,-1.8439025,34.146534
0002-11-02 01:00:00,-1.8439198,34.146664
0002-11-02 02:00:00,-1.8439261,34.14678
0002-11-02 03:00:00,-1.8439322,34.146893
0002-11-02 04:00:00,-1.8439384,34.147007
0002-11-02 05:00:00,-1.8439449,34.14713
0002-11-02 06:00:00,-1.843952,34.14726
0002-11-02 07:00:00,-1.8439584,34.147377
0002-11-02 08:00:00,-1.8439648,34.147495
0002-11-02 09:00:00,-1.843972,34.14763
0002-11-02 10:00:00,-1.843979,34.14776
0002-11-02 11:00:00,-1.8439871,34.147907
0002-11-02 12:00:00,-1.8439946,34.14805
0002-11-02 13:00:00,-1.8440014,34.148174
0002-11-02 14:00:00,-1.8440081,34.148296
0002-11-02 15:00:00,-1.8440146,34.14842
0002-11-02 16:00:00,-1.8440204,34.148525
0002-11-02 17:00:00,-1.8440251,34.148613
0002-11-02 18:00:00,-1.8440292,34.14869
0002-11-02 19:00:00,-1.8440326,34.148754
0002-11-02 20:00:00,-1.8440359,34.14881
0002-11-02 21:00:00,-1.8440387,34.148865
0002-11-02 22:00:00,-1.844041,34.148907
0002-11-02 23:00:00,-1.844043,34.148945
0002-11-03 00:00:00,-1.8440446,34.14897
0002-11-03 01:00:00,-1.8440458,34.148994
0002-11-03 02:00:00,-1.8440467,34.149014
0002-11-03 03:00:00,-1.8440475,34.14903
0002-11-03 04:00:00,-1.844048,34.14904
0002-11-03 05:00:00,-1.8440485,34.149044
0002-11-03 06:00:00,-1.8440487,34.14905
0002-11-03 07:00:00,-1.844049,34.149055
0002-11-03 08:00:00,-1.8440491,34.14906
0002-11-03 09:00:00,-1.8440492,34.14906
0002-11-03 10:00:00,-1.8440493,34.14906
0002-11-03 11:00:00,-1.8440493,34.149063
0002-11-03 12:00:00,-1.8440493,34.149063
0002-11-03 13:00:00,-1.8440493,34.149063
0002-11-03 14:00:00,-1.8440495,34.149063
0002-11-03 15:00:00,-1.8440496,34.149067
0002-11-03 16:00:00,-1.8440497,34.149067
0002-11-03 17:00:00,-1.8440498,34.14907
0002-11-03 18:00:00,-1.8440499,34.14907
0002-11-03 19:00:00,-1.84405,34.149075
0002-11-03 20:00:00,-1.8440502,34.14908
0002-11-03 21:00:00,-1.8440504,34.149082
0002-11-03 22:00:00,-1.8440505,34.149082
0002-11-03 23:00:00,-1.8440506,34.149086
0002-11-04 00:00:00,-1.8440509,34.14909
0002-11-04 01:00:00,-1.844051,34.149094
0002-11-04 02:00:00,-1.8440512,34.149097
0002-11-04 03:00:00,-1.8440515,34.1491
0002-11-04 04:00:00,-1.8440516,34.149105
0002-11-04 05:00:00,-1.8440518,34.14911
0002-11-04 06:00:00,-1.8440521,34.149113
0002-11-04 07:00:00,-1.8440524,34.149117
0002-11-04 08:00:00,-1.8440527,34.149124
0002-11-04 09:00:00,-1.844053,34.149128
0002-11-04 10:00:00,-1.8440534,34.149136
0002-11-04 11:00:00,-1.8440537,34.149143
0002-11-04 12:00:00,-1.8440541,34.14915
0002-11-04 13:00:00,-1.8440545,34.14916
0002-11-04 14:00:00,-1.8440548,34.149162
0002-11-04 15:00:00,-1.8440552,34.14917
0002-11-04 16:00:00,-1.8440554,34.149174
0002-11-04 17:00:00,-1.8440557,34.149178
0002-11-04 18:00:00,-1.8440559,34.14918
0002-11-04 19:00:00,-1.8440561,34.14919
0002-11-04 20:00:00,-1.8440564,34.149193
0002-11-04 21:00:00,-1.8440566,34.149197
0002-11-04 22:00:00,-1.8440568,34.1492
0002-11-04 23:00:00,-1.8440571,34.149204
0002-11-05 00:00:00,-1.8440573,34.14921
0002-11-05 01:00:00,-1.8440577,34.149216
0002-11-05 02:00:00,-1.8440579,34.14922
0002-11-05 03:00:00,-1.8440583,34.149227
0002-11-05 04:00:00,-1.8440586,34.149235
0002-11-05 05:00:00,-1.844059,34.14924
0002-11-05 06:00:00,-1.8440593,34.149246
0002-11-05 07:00:00,-1.8440598,34.149258
0002-11-05 08:00:00,-1.8440603,34.149265
0002-11-05 09:00:00,-1.8440609,34.149277
0002-11-05 10:00:00,-1.8440615,34.149284
0002-11-05 11:00:00,-1.8440621,34.1493
0002-11-05 12:00:00,-1.8440628,34.14931
0002-11-05 13:00:00,-1.8440635,34.149326
0002-11-05 14:00:00,-1.8440644,34.149338
0002-11-05 15:00:00,-1.8440651,34.149353
0002-11-05 16:00:00,-1.8440659,34.14937
0002-11-05 17:00:00,-1.8440667,34.149384
0002-11-05 18:00:00,-1.8440675,34.1494
0002-11-05 19:00:00,-1.8440683,34.149414
0002-11-05 20:00:00,-1.844069,34.149426
0002-11-05 21:00:00,-1.8440698,34.14944
0002-11-05 22:00:00,-1.8440707,34.149456
0002-11-05 23:00:00,-1.8440714,34.14947
0002-11-06 00:00:00,-1.8440722,34.149487
0002-11-06 01:00:00,-1.844073,34.1495
0002-11-06 02:00:00,-1.8440739,34.149517
0002-11-06 03:00:00,-1.8440747,34.149532
0002-11-06 04:00:00,-1.8440756,34.149548
0002-11-06 05:00:00,-1.8440765,34.149563
0002-11-06 06:00:00,-1.8440773,34.149582
0002-11-06 07:00:00,-1.8440783,34.149597
0002-11-06 08:00:00,-1.8440793,34.149616
0002-11-06 09:00:00,-1.8440803,34.149635
0002-11-06 10:00:00,-1.8440814,34.149654
0002-11-06 11:00:00,-1.8440825,34.149673
0002-11-06 12:00:00,-1.8440835,34.149696
0002-11-06 13:00:00,-1.8440846,34.149715
0002-11-06 14:00:00,-1.8440858,34.14974
0002-11-06 15:00:00,-1.8440869,34.149757
0002-11-06 16:00:00,-1.844088,34.149776
0002-11-06 17:00:00,-1.844089,34.1498
0002-11-06 18:00:00,-1.8440901,34.14982
0002-11-06 19:00:00,-1.8440912,34.149837
0002-11-06 20:00:00,-1.8440922,34.149857
0002-11-06 21:00:00,-1.8440932,34.149876
0002-11-06 22:00:00,-1.8440942,34.14989
0002-11-06 23:00:00,-1.8440951,34.14991
0002-11-07 00:00:00,-1.8440961,34.149925
0002-11-07 01:00:00,-1.8440969,34.149944
0002-11-07 02:00:00,-1.8440977,34.14996
0002-11-07 03:00:00,-1.8440986,34.149975
0002-11-07 04:00:00,-1.8440993,34.149986
0002-11-07 05:00:00,-1.8441001,34.15
0002-11-07 06:00:00,-1.8441008,34.150013
0002-11-07 07:00:00,-1.8441014,34.15003
0002-11-07 08:00:00,-1.8441021,34.15004
0002-11-07 09:00:00,-1.8441027,34.15005
0002-11-07 10:00:00,-1.8441035,34.150063
0002-11-07 11:00:00,-1.844104,34.150074
0002-11-07 12:00:00,-1.8441046,34.150085
0002-11-07 13:00:00,-1.8441051,34.150097
0002-11-07 14:00:00,-1.8441057,34.150105
0002-11-07 15:00:00,-1.8441063,34.150116
0002-11-07 16:00:00,-1.8441068,34.150127
0002-11-07 17:00:00,-1.8441074,34.150135
0002-11-07 18:00:00,-1.8441079,34.150146
0002-11-07 19:00:00,-1.8441085,34.150158
0002-11-07 20:00:00,-1.8441089,34.150166
0002-11-07 21:00:00,-1.8441094,34.150173
0002-11-07 22:00:00,-1.8441099,34.150185
0002-11-07 23:00:00,-1.8441104,34.150192
0002-11-08 00:00:00,-1.8441108,34.150204
0002-11-08 01:00:00,-1.8441113,34.15021
0002-11-08 02:00:00,-1.8441118,34.15022
0002-11-08 03:00:00,-1.8441123,34.150227
0002-11-08 04:00:00,-1.8441128,34.150238
0002-11-08 05:00:00,-1.8441132,34.150246
0002-11-08 06:00:00,-1.8441137,34.150253
0002-11-08 07:00:00,-1.8441141,34.15026
0002-11-08 08:00:00,-1.8441145,34.15027
0002-11-08 09:00:00,-1.844115,34.150276
0002-11-08 10:00:00,-1.8441154,34.150284
0002-11-08 11:00:00,-1.8441159,34.15029
0002-11-08 12:00:00,-1.8441162,34.1503
0002-11-08 13:00:00,-1.8441166,34.150307
0002-11-08 14:00:00,-1.8441169,34.150314
0002-11-08 15:00:00,-1.8441172,34.15032
0002-11-08 16:00:00,-1.8441175,34.150326
0002-11-08 17:00:00,-1.8441178,34.15033
0002-11-08 18:00:00,-1.8441179,34.15033
0002-11-08 19:00:00,-1.844118,34.150333
0002-11-08 20:00:00,-1.8441181,34.150337
0002-11-08 21:00:00,-1.8441182,34.150337
0002-11-08 22:00:00,-1.8441184,34.15034
0002-11-08 23:00:00,-1.8441185,34.15034
0002-11-09 00:00:00,-1.8441186,34.150345
0002-11-09 01:00:00,-1.8441187,34.150345
0002-11-09 02:00:00,-1.8441188,34.15035
0002-11-09 03:00:00,-1.8441191,34.150352
0002-11-09 04:00:00,-1.8441193,34.150356
0002-11-09 05:00:00,-1.8441195,34.15036
0002-11-09 06:00:00,-1.8441198,34.150368
0002-11-09 07:00:00,-1.8441201,34.15037
0002-11-09 08:00:00,-1.8441205,34.15038
0002-11-09 09:00:00,-1.8441209,34.150387
0002-11-09 10:00:00,-1.8441212,34.150394
0002-11-09 11:00:00,-1.8441217,34.150402
0002-11-09 12:00:00,-1.8441222,34.15041
0002-11-09 13:00:00,-1.8441225,34.150417
0002-11-09 14:00:00,-1.8441229,34.150425
0002-11-09 15:00:00,-1.8441232,34.150433
0002-11-09 16:00:00,-1.8441236,34.150436
0002-11-09 17:00:00,-1.844124,34.150444
0002-11-09 18:00:00,-1.8441242,34.150448
0002-11-09 19:00:00,-1.8441244,34.15045
0002-11-09 20:00:00,-1.8441246,34.150455
0002-11-09 21:00:00,-1.8441248,34.15046
0002-11-09 22:00:00,-1.8441249,34.15046
0002-11-09 23:00:00,-1.8441249,34.150463
0002-11-10 00:00:00,-1.844125,34.150463
0002-11-10 01:00:00,-1.844125,34.150463
0002-11-10 02:00:00,-1.844125,34.150463
0002-11-10 03:00:00,-1.844125,34.150463
0002-11-10 04:00:00,-1.8441249,34.15046
0002-11-10 05:00:00,-1.8441248,34.15046
0002-11-10 06:00:00,-1.8441246,34.150455
0002-11-10 07:00:00,-1.8441244,34.15045
0002-11-10 08:00:00,-1.8441242,34.150448
0002-11-10 09:00:00,-1.8441238,34.150444
0002-11-10 10:00:00,-1.8441236,34.150436
0002-11-10 11:00:00,-1.8441232,34.15043
0002-11-10 12:00:00,-1.8441228,34.15042
0002-11-10 13:00:00,-1.8441224,34.150414
0002-11-10 14:00:00,-1.8441219,34.150406
0002-11-10 15:00:00,-1.8441215,34.1504
0002-11-10 16:00:00,-1.844121,34.150387
0002-11-10 17:00:00,-1.8441204,34.15038
0002-11-10 18:00:00,-1.8441198,34.150368
0002-11-10 19:00:00,-1.8441192,34.150356
0002-11-10 20:00:00,-1.8441185,34.15034
0002-11-10 21:00:00,-1.8441178,34.15033
0002-11-10 22:00:00,-1.844117,34.150314
0002-11-10 23:00:00,-1.8441162,34.1503
0002-11-11 00:00:00,-1.8441153,34.150284
0002-11-11 01:00:00,-1.8441144,34.150265
0002-11-11 02:00:00,-1.8441133,34.15025
0002-11-11 03:00:00,-1.8441124,34.15023
0002-11-11 04:00:00,-1.8441113,34.150208
0002-11-11 05:00:00,-1.8441101,34.15019
0002-11-11 06:00:00,-1.844109,34.150166
0002-11-11 07:00:00,-1.8441079,34.150146
0002-11-11 08:00:00,-1.8441066,34.150124
0002-11-11 09:00:00,-1.8441054,34.150097
0002-11-11 10:00:00,-1.844104,34.150074
0002-11-11 11:00:00,-1.8441027,34.15005
0002-11-11 12:00:00,-1.8441013,34.150024
0002-11-11 13:00:00,-1.8441001,34.15
0002-11-11 14:00:00,-1.844099,34.149982
0002-11-11 15:00:00,-1.8440981,34.149963
0002-11-11 16:00:00,-1.8440973,34.14995
0002-11-11 17:00:00,-1.8440964,34.149933
0002-11-11 18:00:00,-1.8440956,34.149918
0002-11-11 19:00:00,-1.844095,34.149906
0002-11-11 20:00:00,-1.8440943,34.149895
0002-11-11 21:00:00,-1.8440938,34.149883
0002-11-11 22:00:00,-1.8440933,34.149876
0002-11-11 23:00:00,-1.8440928,34.149868
0002-11-12 00:00:00,-1.8440925,34.14986
0002-11-12 01:00:00,-1.8440922,34.149857
0002-11-12 02:00:00,-1.8440919,34.149853
0002-11-12 03:00:00,-1.8440917,34.149845
0002-11-12 04:00:00,-1.8440915,34.14984
0002-11-12 05:00:00,-1.8440913,34.149837
0002-11-12 06:00:00,-1.8440912,34.149837
0002-11-12 07:00:00,-1.844091,34.149834
0002-11-12 08:00:00,-1.8440909,34.149834
0002-11-12 09:00:00,-1.8440909,34.149834
0002-11-12 10:00:00,-1.8440909,34.149834
0002-11-12 11:00:00,-1.8440909,34.149834
0002-11-12 12:00:00,-1.8440909,34.149834
0002-11-12 13:00:00,-1.8440908,34.14983
0002-11-12 14:00:00,-1.8440903,34.149822
0002-11-12 15:00:00,-1.8440896,34.149807
0002-11-12 16:00:00,-1.8440887,34.14979
0002-11-12 17:00:00,-1.8440877,34.149773
0002-11-12 18:00:00,-1.8440864,34.14975
0002-11-12 19:00:00,-1.8440851,34.149723
0002-11-12 20:00:00,-1.8440834,34.149693
0002-11-12 21:00:00,-1.8440816,34.14966
0002-11-12 22:00:00,-1.8440796,34.149624
0002-11-12 23:00:00,-1.8440773,34.149582
0002-11-13 00:00:00,-1.8440748,34.149536
0002-11-13 01:00:00,-1.8440722,34.149487
0002-11-13 02:00:00,-1.8440692,34.149433
0002-11-13 03:00:00,-1.8440664,34.149376
0002-11-13 04:00:00,-1.8440634,34.149323
0002-11-13 05:00:00,-1.8440607,34.149273
0002-11-13 06:00:00,-1.8440583,34.149227
0002-11-13 07:00:00,-1.844056,34.149185
0002-11-13 08:00:00,-1.844054,34.149147
0002-11-13 09:00:00,-1.8440521,34.149113
0002-11-13 10:00:00,-1.8440503,34.14908
0002-11-13 11:00:00,-1.8440485,34.149048
0002-11-13 12:00:00,-1.8440468,34.149017
0002-11-13 13:00:00,-1.8440453,34.148987
0002-11-13 14:00:00,-1.8440439,34.14896
0002-11-13 15:00:00,-1.8440427,34.148937
0002-11-13 16:00:00,-1.8440416,34.14892
0002-11-13 17:00:00,-1.8440406,34.1489
0002-11-13 18:00:00,-1.8440398,34.148884
0002-11-13 19:00:00,-1.8440391,34.148872
0002-11-13 20:00:00,-1.8440386,34.14886
0002-11-13 21:00:00,-1.8440381,34.148857
0002-11-13 22:00:00,-1.8440379,34.14885
0002-11-13 23:00:00,-1.8440378,34.148846
0002-11-14 00:00:00,-1.8440378,34.148846
0002-11-14 01:00:00,-1.8440379,34.14885
0002-11-14 02:00:00,-1.8440381,34.148853
0002-11-14 03:00:00,-1.8440385,34.14886
0002-11-14 04:00:00,-1.844039,34.14887
0002-11-14 05:00:00,-1.8440396,34.14888
0002-11-14 06:00:00,-1.8440403,34.148895
0002-11-14 07:00:00,-1.844041,34.148907
0002-11-14 08:00:00,-1.844042,34.148926
0002-11-14 09:00:00,-1.8440429,34.14894
0002-11-14 10:00:00,-1.844044,34.148964
0002-11-14 11:00:00,-1.8440452,34.148983
0002-11-14 12:00:00,-1.8440464,34.149006
0002-11-14 13:00:00,-1.8440474,34.14903
0002-11-14 14:00:00,-1.8440484,34.149044
0002-11-14 15:00:00,-1.8440492,34.14906
0002-11-14 16:00:00,-1.84405,34.149075
0002-11-14 17:00:00,-1.8440508,34.14909
0002-11-14 18:00:00,-1.8440515,34.1491
0002-11-14 19:00:00,-1.8440522,34.149117
0002-11-14 20:00:00,-1.8440529,34.149128
0002-11-14 21:00:00,-1.8440536,34.149143
0002-11-14 22:00:00,-1.8440543,34.149155
0002-11-14 23:00:00,-1.8440549,34.149166
0002-11-15 00:00:00,-1.8440557,34.149178
0002-11-15 01:00:00,-1.8440564,34.149193
0002-11-15 02:00:00,-1.844057,34.149204
0002-11-15 03:00:00,-1.8440577,34.149216
0002-11-15 04:00:00,-1.8440584,34.14923
0002-11-15 05:00:00,-1.8440591,34.149242
0002-11-15 06:00:00,-1.8440598,34.149254
0002-11-15 07:00:00,-1.8440605,34.14927
0002-11-15 08:00:00,-1.8440613,34.14928
0002-11-15 09:00:00,-1.8440619,34.149296
0002-11-15 10:00:00,-1.8440626,34.149307
0002-11-15 11:00:00,-1.8440633,34.14932
0002-11-15 12:00:00,-1.844064,34.149334
0002-11-15 13:00:00,-1.8440646,34.149345
0002-11-15 14:00:00,-1.8440652,34.149357
0002-11-15 15:00:00,-1.8440657,34.149364
0002-11-15 16:00:00,-1.8440661,34.149372
0002-11-15 17:00:00,-1.8440666,34.149384
0002-11-15 18:00:00,-1.8440671,34.14939
0002-11-15 19:00:00,-1.8440675,34.1494
0002-11-15 20:00:00,-1.8440678,34.149403
0002-11-15 21:00:00,-1.8440682,34.14941
0002-11-15 22:00:00,-1.8440684,34.149414
0002-11-15 23:00:00,-1.8440688,34.14942
0002-11-16 00:00:00,-1.844069,34.149426
0002-11-16 01:00:00,-1.8439776,34.149433
0002-11-16 02:00:00,-1.8436288,34.149437
0002-11-16 03:00:00,-1.8431915,34.14944
0002-11-16 04:00:00,-1.842698,34.149445
0002-11-16 05:00:00,-1.8421592,34.14945
0002-11-16 06:00:00,-1.8415793,34.149452
0002-11-16 07:00:00,-1.8409613,34.149456
0002-11-16 08:00:00,-1.8403068,34.14946
0002-11-16 09:00:00,-1.839617,34.149464
0002-11-16 10:00:00,-1.8388932,34.149467
0002-11-16 11:00:00,-1.8381362,34.14947
0002-11-16 12:00:00,-1.8373466,34.149475
0002-11-16 13:00:00,-1.8365616,34.149475
0002-11-16 14:00:00,-1.8357943,34.149475
0002-11-16 15:00:00,-1.8350173,34.149475
0002-11-16 16:00:00,-1.8342223,34.149475
0002-11-16 17:00:00,-1.8334031,34.149475
0002-11-16 18:00:00,-1.8325555,34.14947
0002-11-16 19:00:00,-1.8316761,34.149467
0002-11-16 20:00:00,-1.8307606,34.149464
0002-11-16 21:00:00,-1.8298117,34.14946
0002-11-16 22:00:00,-1.8288207,34.149452
0002-11-16 23:00:00,-1.8277822,34.149445
0002-11-17 00:00:00,-1.8267006,34.149433
0002-11-17 01:00:00,-1.8255615,34.149426
0002-11-17 02:00:00,-1.8243667,34.14941
0002-11-17 03:00:00,-1.8231096,34.1494
0002-11-17 04:00:00,-1.8217776,34.149384
0002-11-17 05:00:00,-1.8203709,34.14937
0002-11-17 06:00:00,-1.8188756,34.14935
0002-11-17 07:00:00,-1.8172853,34.14933
0002-11-17 08:00:00,-1.8155826,34.149307
0002-11-17 09:00:00,-1.8137697,34.149284
0002-11-17 10:00:00,-1.8118072,34.149258
0002-11-17 11:00:00,-1.8097141,34.149227
0002-11-17 12:00:00,-1.8074332,34.149197
0002-11-17 13:00:00,-1.8051385,34.149166
0002-11-17 14:00:00,-1.8029513,34.149143
0002-11-17 15:00:00,-1.8008329,34.149124
0002-11-17 16:00:00,-1.7987796,34.14911
0002-11-17 17:00:00,-1.7967801,34.149094
0002-11-17 18:00:00,-1.7948298,34.149082
0002-11-17 19:00:00,-1.7929116,34.14907
0002-11-17 20:00:00,-1.791037,34.149063
0002-11-17 21:00:00,-1.7891349,34.149055
0002-11-17 22:00:00,-1.7872823,34.149048
0002-11-17 23:00:00,-1.7854668,34.149044
0002-11-18 00:00:00,-1.7836899,34.14904
0002-11-18 01:00:00,-1.7819427,34.14904
0002-11-18 02:00:00,-1.7802237,34.14904
0002-11-18 03:00:00,-1.7785407,34.14904
0002-11-18 04:00:00,-1.7769079,34.149044
0002-11-18 05:00:00,-1.7752688,34.149044
0002-11-18 06:00:00,-1.7736444,34.149048
0002-11-18 07:00:00,-1.7720524,34.149055
0002-11-18 08:00:00,-1.7704997,34.14906
0002-11-18 09:00:00,-1.7689877,34.149067
0002-11-18 10:00:00,-1.7674812,34.149075
0002-11-18 11:00:00,-1.76601,34.149086
0002-11-18 12:00:00,-1.7646224,34.149094
0002-11-18 13:00:00,-1.7632844,34.149105
0002-11-18 14:00:00,-1.7620112,34.149113
0002-11-18 15:00:00,-1.7607777,34.149117
0002-11-18 16:00:00,-1.7596188,34.14912
0002-11-18 17:00:00,-1.7586163,34.149128
0002-11-18 18:00:00,-1.7577535,34.14913
0002-11-18 19:00:00,-1.7571436,34.14914
0002-11-18 20:00:00,-1.7566161,34.149147
0002-11-18 21:00:00,-1.7563076,34.149155
0002-11-18 22:00:00,-1.7564104,34.149162
0002-11-18 23:00:00,-1.7566729,34.14917
0002-11-19 00:00:00,-1.7569445,34.14918
0002-11-19 01:00:00,-1.757427,34.14919
0002-11-19 02:00:00,-1.7580802,34.1492
0002-11-19 03:00:00,-1.7586153,34.14921
0002-11-19 04:00:00,-1.7593323,34.14922
0002-11-19 05:00:00,-1.7599467,34.149227
0002-11-19 06:00:00,-1.7605069,34.149235
0002-11-19 07:00:00,-1.7613117,34.149246
0002-11-19 08:00:00,-1.7620711,34.149254
0002-11-19 09:00:00,-1.7628093,34.14926
0002-11-19 10:00:00,-1.7637284,34.149273
0002-11-19 11:00:00,-1.7646264,34.149284
0002-11-19 12:00:00,-1.7654074,34.149296
0002-11-19 13:00:00,-1.7661422,34.149307
0002-11-19 14:00:00,-1.7666953,34.149323
0002-11-19 15:00:00,-1.7671093,34.149338
0002-11-19 16:00:00,-1.7673602,34.149353
0002-11-19 17:00:00,-1.7674961,34.14937
0002-11-19 18:00:00,-1.7675321,34.149384
0002-11-19 19:00:00,-1.7674781,34.1494
0002-11-19 20:00:00,-1.7673379,34.149418
0002-11-19 21:00:00,-1.7671314,34.149433
0002-11-19 22:00:00,-1.7668818,34.149452
0002-11-19 23:00:00,-1.7666032,34.14947
0002-11-20 00:00:00,-1.7663093,34.14949
0002-11-20 01:00:00,-1.7660078,34.14951
0002-11-20 02:00:00,-1.7656972,34.149532
0002-11-20 03:00:00,-1.7653658,34.14955
0002-11-20 04:00:00,-1.7650113,34.14957
0002-11-20 05:00:00,-1.7646279,34.149593
0002-11-20 06:00:00,-1.7642109,34.149612
0002-11-20 07:00:00,-1.7637804,34.149635
0002-11-20 08:00:00,-1.7632996,34.149654
0002-11-20 09:00:00,-1.7627931,34.149677
0002-11-20 10:00:00,-1.7622701,34.149696
0002-11-20 11:00:00,-1.7617381,34.14972
0002-11-20 12:00:00,-1.7612022,34.14974
0002-11-20 13:00:00,-1.7606289,34.14976
0002-11-20 14:00:00,-1.7599993,34.14978
0002-11-20 15:00:00,-1.7593355,34.1498
0002-11-20 16:00:00,-1.7586445,34.149822
0002-11-20 17:00:00,-1.7579275,34.14984
0002-11-20 18:00:00,-1.7571679,34.149857
0002-11-20 19:00:00,-1.7563881,34.149876
0002-11-20 20:00:00,-1.7555908,34.14989
0002-11-20 21:00:00,-1.7547724,34.14991
0002-11-20 22:00:00,-1.7539318,34.149925
0002-11-20 23:00:00,-1.7530658,34.14994
0002-11-21 00:00:00,-1.7521756,34.149952
0002-11-21 01:00:00,-1.7512609,34.149967
0002-11-21 02:00:00,-1.7503214,34.14998
0002-11-21 03:00:00,-1.7493548,34.14999
0002-11-21 04:00:00,-1.7483623,34.15
0002-11-21 05:00:00,-1.7473433,34.150013
0002-11-21 06:00:00,-1.7462982,34.150024
0002-11-21 07:00:00,-1.7452378,34.150032
0002-11-21 08:00:00,-1.7441247,34.15004
0002-11-21 09:00:00,-1.7429732,34.150047
0002-11-21 10:00:00,-1.7417761,34.150055
0002-11-21 11:00:00,-1.7405753,34.150063
0002-11-21 12:00:00,-1.7393214,34.150066
0002-11-21 13:00:00,-1.7380162,34.15007
0002-11-21 14:00:00,-1.736692,34.150078
0002-11-21 15:00:00,-1.7354249,34.15008
0002-11-21 16:00:00,-1.73429,34.150085
0002-11-21 17:00:00,-1.733337,34.15009
0002-11-21 18:00:00,-1.7325677,34.150093
0002-11-21 19:00:00,-1.7319455,34.1501
0002-11-21 20:00:00,-1.7314254,34.15011
0002-11-21 21:00:00,-1.7309583,34.150116
0002-11-21 22:00:00,-1.730516,34.150124
0002-11-21 23:00:00,-1.7300748,34.15014
0002-11-22 00:00:00,-1.7295947,34.15015
0002-11-22 01:00:00,-1.7291313,34.15017
0002-11-22 02:00:00,-1.7286724,34.15019
0002-11-22 03:00:00,-1.7282255,34.15021
0002-11-22 04:00:00,-1.7278193,34.150238
0002-11-22 05:00:00,-1.7274004,34.15027
0002-11-22 06:00:00,-1.727031,34.150303
0002-11-22 07:00:00,-1.7267028,34.150345
0002-11-22 08:00:00,-1.7263843,34.15039
0002-11-22 09:00:00,-1.7260466,34.150436
0002-11-22 10:00:00,-1.725685,34.15049
0002-11-22 11:00:00,-1.7252781,34.150543
0002-11-22 12:00:00,-1.724827,34.150604
0002-11-22 13:00:00,-1.7243348,34.150665
0002-11-22 14:00:00,-1.7237893,34.150726
0002-11-22 15:00:00,-1.7232226,34.150787
0002-11-22 16:00:00,-1.7226418,34.150845
0002-11-22 17:00:00,-1.7220515,34.1509
0002-11-22 18:00:00,-1.7214522,34.150955
0002-11-22 19:00:00,-1.7208445,34.15101
0002-11-22 20:00:00,-1.7202287,34.15106
0002-11-22 21:00:00,-1.7196047,34.151108
0002-11-22 22:00:00,-1.7189714,34.151154
0002-11-22 23:00:00,-1.7183316,34.1512
0002-11-23 00:00:00,-1.7176851,34.151245
0002-11-23 01:00:00,-1.7170302,34.151287
0002-11-23 02:00:00,-1.7163624,34.151325
0002-11-23 03:00:00,-1.7156817,34.15136
0002-11-23 04:00:00,-1.71499,34.151398
0002-11-23 05:00:00,-1.7142777,34.15143
0002-11-23 06:00:00,-1.7135713,34.151463
0002-11-23 07:00:00,-1.7128508,34.151493
0002-11-23 08:00:00,-1.7121215,34.15152
0002-11-23 09:00:00,-1.7113835,34.151546
0002-11-23 10:00:00,-1.7106184,34.151573
0002-11-23 11:00:00,-1.7098638,34.151596
0002-11-23 12:00:00,-1.7090955,34.15162
0002-11-23 13:00:00,-1.708309,34.15164
0002-11-23 14:00:00,-1.707502,34.15166
0002-11-23 15:00:00,-1.7066604,34.15168
0002-11-23 16:00:00,-1.7058035,34.151695
0002-11-23 17:00:00,-1.7049273,34.15171
0002-11-23 18:00:00,-1.7040294,34.151726
0002-11-23 19:00:00,-1.7030873,34.151737
0002-11-23 20:00:00,-1.7021037,34.15175
0002-11-23 21:00:00,-1.7011111,34.15176
0002-11-23 22:00:00,-1.7000297,34.151768
0002-11-23 23:00:00,-1.6988734,34.151775
0002-11-24 00:00:00,-1.6976112,34.151783
0002-11-24 01:00:00,-1.6962138,34.151787
0002-11-24 02:00:00,-1.6946301,34.151794
0002-11-24 03:00:00,-1.692793,34.1518
0002-11-24 04:00:00,-1.6905919,34.151806
0002-11-24 05:00:00,-1.6881386,34.151814
0002-11-24 06:00:00,-1.6856837,34.15182
0002-11-24 07:00:00,-1.6835123,34.151825
0002-11-24 08:00:00,-1.6817094,34.15183
0002-11-24 09:00:00,-1.6804034,34.151833
0002-11-24 10:00:00,-1.6801201,34.151833
0002-11-24 11:00:00,-1.6807804,34.151833
0002-11-24 12:00:00,-1.681404,34.151833
0002-11-24 13:00:00,-1.681649,34.151836
0002-11-24 14:00:00,-1.6816044,34.15184
0002-11-24 15:00:00,-1.681377,34.151848
0002-11-24 16:00:00,-1.6810641,34.151855
0002-11-24 17:00:00,-1.6807078,34.151863
0002-11-24 18:00:00,-1.6803185,34.15187
0002-11-24 19:00:00,-1.679914,34.15188
0002-11-24 20:00:00,-1.6795039,34.15189
0002-11-24 21:00:00,-1.6790946,34.151897
0002-11-24 22:00:00,-1.6786903,34.15191
0002-11-24 23:00:00,-1.6782944,34.15192
0002-11-25 00:00:00,-1.6779102,34.15193
0002-11-25 01:00:00,-1.6775402,34.151943
0002-11-25 02:00:00,-1.6771865,34.15196
0002-11-25 03:00:00,-1.6768519,34.15197
0002-11-25 04:00:00,-1.6765382,34.151985
0002-11-25 05:00:00,-1.6762486,34.151997
0002-11-25 06:00:00,-1.6759876,34.15201
0002-11-25 07:00:00,-1.6757524,34.152027
0002-11-25 08:00:00,-1.6755432,34.152042
0002-11-25 09:00:00,-1.6753608,34.152058
0002-11-25 10:00:00,-1.6752069,34.152073
0002-11-25 11:00:00,-1.6750853,34.15209
0002-11-25 12:00:00,-1.674994,34.152107
0002-11-25 13:00:00,-1.6748894,34.15212
0002-11-25 14:00:00,-1.674759,34.152134
0002-11-25 15:00:00,-1.6746322,34.152145
0002-11-25 16:00:00,-1.6745186,34.152157
0002-11-25 17:00:00,-1.6744242,34.15217
0002-11-25 18:00:00,-1.6743529,34.152176
0002-11-25 19:00:00,-1.6743121,34.152187
0002-11-25 20:00:00,-1.6743009,34.1522
0002-11-25 21:00:00,-1.6743157,34.152206
0002-11-25 22:00:00,-1.674359,34.152218
0002-11-25 23:00:00,-1.6744261,34.15223
0002-11-26 00:00:00,-1.674511,34.15224
0002-11-26 01:00:00,-1.6746125,34.152252
0002-11-26 02:00:00,-1.6747314,34.152267
0002-11-26 03:00:00,-1.6748649,34.152283
0002-11-26 04:00:00,-1.675007,34.152294
0002-11-26 05:00:00,-1.6751575,34.15231
0002-11-26 06:00:00,-1.6753045,34.15233
0002-11-26 07:00:00,-1.6754372,34.152348
0002-11-26 08:00:00,-1.6755549,34.152367
0002-11-26 09:00:00,-1.6756641,34.152386
0002-11-26 10:00:00,-1.6757736,34.15241
0002-11-26 11:00:00,-1.675891,34.152435
0002-11-26 12:00:00,-1.6760225,34.15246
0002-11-26 13:00:00,-1.6761221,34.152485
0002-11-26 14:00:00,-1.6761655,34.15251
0002-11-26 15:00:00,-1.6761794,34.15254
0002-11-26 16:00:00,-1.6761674,34.152565
0002-11-26 17:00:00,-1.6761314,34.15259
0002-11-26 18:00:00,-1.6760578,34.152615
0002-11-26 19:00:00,-1.6759527,34.15264
0002-11-26 20:00:00,-1.6758085,34.152668
0002-11-26 21:00:00,-1.67563,34.152695
0002-11-26 22:00:00,-1.6754236,34.15272
0002-11-26 23:00:00,-1.6751956,34.15275
0002-11-27 00:00:00,-1.6749507,34.152775
0002-11-27 01:00:00,-1.6746927,34.1528
0002-11-27 02:00:00,-1.6744238,34.152832
0002-11-27 03:00:00,-1.6741456,34.152863
0002-11-27 04:00:00,-1.6738592,34.15289
0002-11-27 05:00:00,-1.6735655,34.152924
0002-11-27 06:00:00,-1.6732652,34.152954
0002-11-27 07:00:00,-1.6729594,34.152985
0002-11-27 08:00:00,-1.6726493,34.15302
0002-11-27 09:00:00,-1.6723353,34.153053
0002-11-27 10:00:00,-1.6720202,34.15309
0002-11-27 11:00:00,-1.6717046,34.15313
0002-11-27 12:00:00,-1.6713846,34.153168
0002-11-27 13:00:00,-1.6710688,34.15321
0002-11-27 14:00:00,-1.6707561,34.15325
0002-11-27 15:00:00,-1.6704334,34.153294
0002-11-27 16:00:00,-1.6700982,34.15333
0002-11-27 17:00:00,-1.6697522,34.15337
0002-11-27 18:00:00,-1.6693971,34.15341
0002-11-27 19:00:00,-1.6690336,34.15345
0002-11-27 20:00:00,-1.6686617,34.15349
0002-11-27 21:00:00,-1.6682811,34.153526
0002-11-27 22:00:00,-1.6678935,34.15356
0002-11-27 23:00:00,-1.6674984,34.1536
0002-11-28 00:00:00,-1.6670911,34.153633
0002-11-28 01:00:00,-1.6666692,34.153667
0002-11-28 02:00:00,-1.6662331,34.1537
0002-11-28 03:00:00,-1.6657833,34.153732
0002-11-28 04:00:00,-1.6653185,34.153763
0002-11-28 05:00:00,-1.6648365,34.153793
0002-11-28 06:00:00,-1.6643391,34.15382
0002-11-28 07:00:00,-1.6638263,34.153847
0002-11-28 08:00:00,-1.6632988,34.153873
0002-11-28 09:00:00,-1.6627575,34.1539
0002-11-28 10:00:00,-1.6622034,34.153923
0002-11-28 11:00:00,-1.661637,34.153946
0002-11-28 12:00:00,-1.6610587,34.15397
0002-11-28 13:00:00,-1.6605008,34.15399
0002-11-28 14:00:00,-1.6599808,34.154015
0002-11-28 15:00:00,-1.6594801,34.154034
0002-11-28 16:00:00,-1.6589925,34.154053
0002-11-28 17:00:00,-1.6585153,34.15407
0002-11-28 18:00:00,-1.6580472,34.15409
0002-11-28 19:00:00,-1.657587,34.15411
0002-11-28 20:00:00,-1.6571345,34.154125
0002-11-28 21:00:00,-1.6566905,34.15414
0002-11-28 22:00:00,-1.6562542,34.15416
0002-11-28 23:00:00,-1.6558255,34.154175
0002-11-29 00:00:00,-1.655404,34.15419
0002-11-29 01:00:00,-1.6549894,34.154205
0002-11-29 02:00:00,-1.6545826,34.154217
0002-11-29 03:00:00,-1.6541839,34.154232
0002-11-29 04:00:00,-1.6537924,34.154243
0002-11-29 05:00:00,-1.6534082,34.154255
0002-11-29 06:00:00,-1.6530313,34.154266
0002-11-29 07:00:00,-1.6526647,34.154278
0002-11-29 08:00:00,-1.6523038,34.15429
0002-11-29 09:00:00,-1.651949,34.154297
0002-11-29 10:00:00,-1.651601,34.154305
0002-11-29 11:00:00,-1.6512607,34.154316
0002-11-29 12:00:00,-1.6509291,34.154324
0002-11-29 13:00:00,-1.6506026,34.15433
0002-11-29 14:00:00,-1.650282,34.15434
0002-11-29 15:00:00,-1.6499708,34.15435
0002-11-29 16:00:00,-1.6496695,34.15436
0002-11-29 17:00:00,-1.6493789,34.154373
0002-11-29 18:00:00,-1.6490984,34.154385
0002-11-29 19:00:00,-1.6488283,34.154396
0002-11-29 20:00:00,-1.6485687,34.154408
0002-11-29 21:00:00,-1.6483204,34.15442
0002-11-29 22:00:00,-1.6480837,34.15443
0002-11-29 23:00:00,-1.6478589,34.15444
0002-11-30 00:00:00,-1.6476461,34.154453
0002-11-30 01:00:00,-1.6474452,34.15447
0002-11-30 02:00:00,-1.6472567,34.15448
0002-11-30 03:00:00,-1.6470815,34.154495
0002-11-30 04:00:00,-1.6469204,34.154507
0002-11-30 05:00:00,-1.646774,34.154522
0002-11-30 06:00:00,-1.646643,34.154537
0002-11-30 07:00:00,-1.6465284,34.154552
0002-11-30 08:00:00,-1.6464311,34.154568
0002-11-30 09:00:00,-1.6463522,34.154583
0002-11-30 10:00:00,-1.646293,34.1546
0002-11-30 11:00:00,-1.6462542,34.154617
0002-11-30 12:00:00,-1.6462376,34.154636
0002-11-30 13:00:00,-1.6461902,34.15465
0002-11-30 14:00:00,-1.6460748,34.154667
0002-11-30 15:00:00,-1.6459175,34.154682
0002-11-30 16:00:00,-1.645728,34.154694
0002-11-30 17:00:00,-1.6455116,34.15471
0002-11-30 18:00:00,-1.6452719,34.15472
0002-11-30 19:00:00,-1.6450108,34.15473
0002-11-30 20:00:00,-1.6447297,34.154743
0002-11-30 21:00:00,-1.644429,34.154755
0002-11-30 22:00:00,-1.6441087,34.154766
0002-11-30 23:00:00,-1.6437681,34.154778
0002-12-01 00:00:00,-1.6434073,34.15479
0002-12-01 01:00:00,-1.6430253,34.154804
0002-12-01 02:00:00,-1.6426204,34.154816
0002-12-01 03:00:00,-1.6421914,34.154827
0002-12-01 04:00:00,-1.6417356,34.15484
0002-12-01 05:00:00,-1.6412497,34.154854
0002-12-01 06:00:00,-1.6407299,34.15487
0002-12-01 07:00:00,-1.6401727,34.15488
0002-12-01 08:00:00,-1.639575,34.154896
0002-12-01 09:00:00,-1.6389349,34.15491
0002-12-01 10:00:00,-1.6382507,34.15493
0002-12-01 11:00:00,-1.6375194,34.154945
0002-12-01 12:00:00,-1.6367432,34.154964
0002-12-01 13:00:00,-1.6358927,34.154984
0002-12-01 14:00:00,-1.6349593,34.155003
0002-12-01 15:00:00,-1.6339641,34.155025
0002-12-01 16:00:00,-1.6329142,34.155052
0002-12-01 17:00:00,-1.6318115,34.155075
0002-12-01 18:00:00,-1.6306553,34.1551
0002-12-01 19:00:00,-1.6294504,34.15513
0002-12-01 20:00:00,-1.6281946,34.15516
0002-12-01 21:00:00,-1.6268785,34.155186
0002-12-01 22:00:00,-1.6254921,34.155216
0002-12-01 23:00:00,-1.6240226,34.155243
0002-12-02 00:00:00,-1.622475,34.15527
0002-12-02 01:00:00,-1.6208692,34.155293
0002-12-02 02:00:00,-1.6192222,34.155315
0002-12-02 03:00:00,-1.617543,34.15534
0002-12-02 04:00:00,-1.6158369,34.15536
0002-12-02 05:00:00,-1.6141044,34.155384
0002-12-02 06:00:00,-1.6123426,34.155407
0002-12-02 07:00:00,-1.6105493,34.15543
0002-12-02 08:00:00,-1.6087209,34.155457
0002-12-02 09:00:00,-1.6068553,34.155483
0002-12-02 10:00:00,-1.6049526,34.15551
0002-12-02 11:00:00,-1.6030229,34.155537
0002-12-02 12:00:00,-1.6010643,34.155563
0002-12-02 13:00:00,-1.5991317,34.155594
0002-12-02 14:00:00,-1.5972546,34.15563
0002-12-02 15:00:00,-1.5954144,34.155666
0002-12-02 16:00:00,-1.5935808,34.1557
0002-12-02 17:00:00,-1.5917618,34.155743
0002-12-02 18:00:00,-1.5899633,34.15578
0002-12-02 19:00:00,-1.5881891,34.15582
0002-12-02 20:00:00,-1.586442,34.15586
0002-12-02 21:00:00,-1.5847247,34.1559
0002-12-02 22:00:00,-1.5830398,34.15594
0002-12-02 23:00:00,-1.5813899,34.155983
0002-12-03 00:00:00,-1.5797772,34.156025
0002-12-03 01:00:00,-1.5782039,34.156067
0002-12-03 02:00:00,-1.5766691,34.15611
0002-12-03 03:00:00,-1.575179,34.15615
0002-12-03 04:00:00,-1.5737379,34.156197
0002-12-03 05:00:00,-1.5723499,34.156235
0002-12-03 06:00:00,-1.5710212,34.156277
0002-12-03 07:00:00,-1.5697491,34.15632
0002-12-03 08:00:00,-1.56851,34.156357
0002-12-03 09:00:00,-1.5672967,34.156395
0002-12-03 10:00:00,-1.5661119,34.156433
0002-12-03 11:00:00,-1.5649627,34.15647
0002-12-03 12:00:00,-1.5638525,34.156506
0002-12-03 13:00:00,-1.56267,34.156536
0002-12-03 14:00:00,-1.5613774,34.15656
0002-12-03 15:00:00,-1.5600775,34.15658
0002-12-03 16:00:00,-1.5587822,34.1566
0002-12-03 17:00:00,-1.5574888,34.156624
0002-12-03 18:00:00,-1.5562212,34.156647
0002-12-03 19:00:00,-1.5549912,34.156673
0002-12-03 20:00:00,-1.5538194,34.1567
0002-12-03 21:00:00,-1.5527136,34.156723
0002-12-03 22:00:00,-1.5516989,34.156746
0002-12-03 23:00:00,-1.5508649,34.156765
0002-12-04 00:00:00,-1.5500162,34.156784
0002-12-04 01:00:00,-1.5491699,34.156803
0002-12-04 02:00:00,-1.5483558,34.156822
0002-12-04 03:00:00,-1.5476818,34.15684
0002-12-04 04:00:00,-1.5470362,34.156857
0002-12-04 05:00:00,-1.5464526,34.156876
0002-12-04 06:00:00,-1.5459459,34.156887
0002-12-04 07:00:00,-1.5456266,34.1569
0002-12-04 08:00:00,-1.5454062,34.156902
0002-12-04 09:00:00,-1.545206,34.15691
0002-12-04 10:00:00,-1.5450441,34.156918
0002-12-04 11:00:00,-1.544892,34.15692
0002-12-04 12:00:00,-1.5447432,34.15693
0002-12-04 13:00:00,-1.544608,34.156933
0002-12-04 14:00:00,-1.5443631,34.156933
0002-12-04 15:00:00,-1.5440253,34.156937
0002-12-04 16:00:00,-1.5435472,34.15694
0002-12-04 17:00:00,-1.5429047,34.156944
0002-12-04 18:00:00,-1.5421238,34.15695
0002-12-04 19:00:00,-1.5412469,34.15696
0002-12-04 20:00:00,-1.5403711,34.156963
0002-12-04 21:00:00,-1.5395259,34.156967
0002-12-04 22:00:00,-1.5387179,34.156967
0002-12-04 23:00:00,-1.5379095,34.156967
0002-12-05 00:00:00,-1.5372492,34.156963
0002-12-05 01:00:00,-1.536552,34.15696
0002-12-05 02:00:00,-1.5358354,34.156956
0002-12-05 03:00:00,-1.5351183,34.156948
0002-12-05 04:00:00,-1.5344219,34.15694
0002-12-05 05:00:00,-1.5337225,34.156933
0002-12-05 06:00:00,-1.5330434,34.156925
0002-12-05 07:00:00,-1.532366,34.156914
0002-12-05 08:00:00,-1.5318323,34.156902
0002-12-05 09:00:00,-1.5312912,34.156887
0002-12-05 10:00:00,-1.5307429,34.15687
0002-12-05 11:00:00,-1.530191,34.15686
0002-12-05 12:00:00,-1.5296526,34.156845
0002-12-05 13:00:00,-1.5290768,34.15683
0002-12-05 14:00:00,-1.5285027,34.156815
0002-12-05 15:00:00,-1.5278358,34.156803
0002-12-05 16:00:00,-1.5270851,34.15679
0002-12-05 17:00:00,-1.526246,34.15678
0002-12-05 18:00:00,-1.5253152,34.156773
0002-12-05 19:00:00,-1.5242903,34.156765
0002-12-05 20:00:00,-1.5231707,34.15676
0002-12-05 21:00:00,-1.5219755,34.156754
0002-12-05 22:00:00,-1.5207132,34.15675
0002-12-05 23:00:00,-1.519386,34.156746
0002-12-06 00:00:00,-1.5179956,34.156742
0002-12-06 01:00:00,-1.5165411,34.156742
0002-12-06 02:00:00,-1.515019,34.15674
0002-12-06 03:00:00,-1.5134196,34.15674
0002-12-06 04:00:00,-1.5117494,34.15674
0002-12-06 05:00:00,-1.5100235,34.156734
0002-12-06 06:00:00,-1.5083517,34.156734
0002-12-06 07:00:00,-1.5065349,34.156734
0002-12-06 08:00:00,-1.5046029,34.15673
0002-12-06 09:00:00,-1.502638,34.15673
0002-12-06 10:00:00,-1.5007232,34.15673
0002-12-06 11:00:00,-1.4986734,34.156727
0002-12-06 12:00:00,-1.4965202,34.156727
0002-12-06 13:00:00,-1.4943235,34.156723
0002-12-06 14:00:00,-1.492113,34.15672
0002-12-06 15:00:00,-1.4898947,34.156715
0002-12-06 16:00:00,-1.4876537,34.156708
0002-12-06 17:00:00,-1.4853764,34.1567
0002-12-06 18:00:00,-1.4830838,34.156693
0002-12-06 19:00:00,-1.4807601,34.156685
0002-12-06 20:00:00,-1.478424,34.156673
0002-12-06 21:00:00,-1.4760786,34.156662
0002-12-06 22:00:00,-1.4737267,34.15665
0002-12-06 23:00:00,-1.4713646,34.15664
0002-12-07 00:00:00,-1.468992,34.156628
0002-12-07 01:00:00,-1.4666089,34.156612
0002-12-07 02:00:00,-1.4642173,34.156597
0002-12-07 03:00:00,-1.4618183,34.15658
0002-12-07 04:00:00,-1.4594198,34.156563
0002-12-07 05:00:00,-1.4570217,34.156548
0002-12-07 06:00:00,-1.4546243,34.15653
0002-12-07 07:00:00,-1.4521517,34.15651
0002-12-07 08:00:00,-1.4497329,34.156487
0002-12-07 09:00:00,-1.4473264,34.156467
0002-12-07 10:00:00,-1.4449304,34.156445
0002-12-07 11:00:00,-1.4425498,34.15642
0002-12-07 12:00:00,-1.4401923,34.1564
0002-12-07 13:00:00,-1.4378833,34.15638
0002-12-07 14:00:00,-1.4354707,34.156357
0002-12-07 15:00:00,-1.4330232,34.156338
0002-12-07 16:00:00,-1.4305582,34.15632
0002-12-07 17:00:00,-1.4280827,34.1563
0002-12-07 18:00:00,-1.4255979,34.156284
0002-12-07 19:00:00,-1.4231067,34.156265
0002-12-07 20:00:00,-1.4206069,34.156246
0002-12-07 21:00:00,-1.418109,34.15623
0002-12-07 22:00:00,-1.4155985,34.15621
0002-12-07 23:00:00,-1.4131016,34.156197
0002-12-08 00:00:00,-1.4105964,34.156178
0002-12-08 01:00:00,-1.4081076,34.156162
0002-12-08 02:00:00,-1.4055991,34.156147
0002-12-08 03:00:00,-1.4030845,34.156128
0002-12-08 04:00:00,-1.4005973,34.156113
0002-12-08 05:00:00,-1.3980854,34.156097
0002-12-08 06:00:00,-1.3955729,34.15608
0002-12-08 07:00:00,-1.3930551,34.156063
0002-12-08 08:00:00,-1.3905367,34.156048
0002-12-08 09:00:00,-1.3880237,34.156033
0002-12-08 10:00:00,-1.3855151,34.156017
0002-12-08 11:00:00,-1.3830128,34.156002
0002-12-08 12:00:00,-1.3805187,34.155987
0002-12-08 13:00:00,-1.3781025,34.155968
0002-12-08 14:00:00,-1.3759038,34.155952
0002-12-08 15:00:00,-1.3736992,34.155933
0002-12-08 16:00:00,-1.3715122,34.155914
0002-12-08 17:00:00,-1.369367,34.155895
0002-12-08 18:00:00,-1.3672838,34.155876
0002-12-08 19:00:00,-1.3652374,34.155857
0002-12-08 20:00:00,-1.3633012,34.155838
0002-12-08 21:00:00,-1.3613435,34.155815
0002-12-08 22:00:00,-1.3594915,34.155796
0002-12-08 23:00:00,-1.3577243,34.155773
0002-12-09 00:00:00,-1.3559389,34.155754
0002-12-09 01:00:00,-1.3542303,34.15573
0002-12-09 02:00:00,-1.3526324,34.155712
0002-12-09 03:00:00,-1.3509978,34.15569
0002-12-09 04:00:00,-1.3493801,34.155666
0002-12-09 05:00:00,-1.3478421,34.155643
0002-12-09 06:00:00,-1.3463006,34.15562
0002-12-09 07:00:00,-1.3447945,34.155594
0002-12-09 08:00:00,-1.3433912,34.15557
0002-12-09 09:00:00,-1.3419535,34.15555
0002-12-09 10:00:00,-1.3404922,34.15552
0002-12-09 11:00:00,-1.3390391,34.1555
0002-12-09 12:00:00,-1.3376476,34.15547
0002-12-09 13:00:00,-1.3362583,34.15545
0002-12-09 14:00:00,-1.3348025,34.155422
0002-12-09 15:00:00,-1.3333157,34.155396
0002-12-09 16:00:00,-1.3318031,34.155373
0002-12-09 17:00:00,-1.3302628,34.155346
0002-12-09 18:00:00,-1.3286932,34.155323
0002-12-09 19:00:00,-1.3270875,34.155296
0002-12-09 20:00:00,-1.325453,34.155273
0002-12-09 21:00:00,-1.3237898,34.155247
0002-12-09 22:00:00,-1.32211,34.155224
0002-12-09 23:00:00,-1.3204038,34.155197
0002-12-10 00:00:00,-1.3186617,34.15517
0002-12-10 01:00:00,-1.3168756,34.155148
0002-12-10 02:00:00,-1.3150673,34.15512
0002-12-10 03:00:00,-1.3132334,34.155098
0002-12-10 04:00:00,-1.3113191,34.15507
0002-12-10 05:00:00,-1.3093649,34.155045
0002-12-10 06:00:00,-1.3073815,34.155018
0002-12-10 07:00:00,-1.3053781,34.15499
0002-12-10 08:00:00,-1.3033403,34.154964
0002-12-10 09:00:00,-1.3012782,34.15494
0002-12-10 10:00:00,-1.29919,34.154915
0002-12-10 11:00:00,-1.2970752,34.154884
0002-12-10 12:00:00,-1.2949333,34.154858
0002-12-10 13:00:00,-1.2926928,34.154835
0002-12-10 14:00:00,-1.2904195,34.154808
0002-12-10 15:00:00,-1.2880169,34.154785
0002-12-10 16:00:00,-1.2855865,34.154762
0002-12-10 17:00:00,-1.283065,34.154743
0002-12-10 18:00:00,-1.2804832,34.15472
0002-12-10 19:00:00,-1.277812,34.1547
0002-12-10 20:00:00,-1.2750536,34.154682
0002-12-10 21:00:00,-1.2721916,34.154663
0002-12-10 22:00:00,-1.2690943,34.154644
0002-12-10 23:00:00,-1.2658536,34.154625
0002-12-11 00:00:00,-1.2623824,34.15461
0002-12-11 01:00:00,-1.258754,34.15459
0002-12-11 02:00:00,-1.2547774,34.15457
0002-12-11 03:00:00,-1.2504532,34.154552
0002-12-11 04:00:00,-1.2458016,34.154533
0002-12-11 05:00:00,-1.2407625,34.15452
0002-12-11 06:00:00,-1.2351911,34.1545
0002-12-11 07:00:00,-1.2291349,34.154484
0002-12-11 08:00:00,-1.2230992,34.154472
0002-12-11 09:00:00,-1.217002,34.154465
0002-12-11 10:00:00,-1.2110761,34.15446
0002-12-11 11:00:00,-1.2055066,34.15446
0002-12-11 12:00:00,-1.2003694,34.154465
0002-12-11 13:00:00,-1.1957445,34.154472
0002-12-11 14:00:00,-1.1916546,34.154472
0002-12-11 15:00:00,-1.1881747,34.154476
0002-12-11 16:00:00,-1.1853197,34.154476
0002-12-11 17:00:00,-1.1831378,34.15448
0002-12-11 18:00:00,-1.1814269,34.154484
0002-12-11 19:00:00,-1.17989,34.154488
0002-12-11 20:00:00,-1.1784668,34.15449
0002-12-11 21:00:00,-1.1770376,34.154495
0002-12-11 22:00:00,-1.1753142,34.154495
0002-12-11 23:00:00,-1.1735777,34.1545
0002-12-12 00:00:00,-1.1720155,34.1545
0002-12-12 01:00:00,-1.1706499,34.154503
0002-12-12 02:00:00,-1.1692643,34.154503
0002-12-12 03:00:00,-1.1680644,34.154503
0002-12-12 04:00:00,-1.1673012,34.154507
0002-12-12 05:00:00,-1.1669829,34.154507
0002-12-12 06:00:00,-1.1665002,34.15451
0002-12-12 07:00:00,-1.1658387,34.154514
0002-12-12 08:00:00,-1.1654049,34.154514
0002-12-12 09:00:00,-1.164945,34.15452
0002-12-12 10:00:00,-1.1646082,34.15452
0002-12-12 11:00:00,-1.1640587,34.154522
0002-12-12 12:00:00,-1.1634382,34.154522
0002-12-12 13:00:00,-1.1632154,34.154522
0002-12-12 14:00:00,-1.1626865,34.154526
0002-12-12 15:00:00,-1.1620792,34.154526
0002-12-12 16:00:00,-1.1613145,34.154526
0002-12-12 17:00:00,-1.160395,34.15453
0002-12-12 18:00:00,-1.1593262,34.15453
0002-12-12 19:00:00,-1.1581622,34.15453
0002-12-12 20:00:00,-1.1569273,34.15453
0002-12-12 21:00:00,-1.1556586,34.15453
0002-12-12 22:00:00,-1.154374,34.15453
0002-12-12 23:00:00,-1.1530719,34.154526
0002-12-13 00:00:00,-1.1517522,34.154526
0002-12-13 01:00:00,-1.1504333,34.154526
0002-12-13 02:00:00,-1.1491112,34.154526
0002-12-13 03:00:00,-1.1477824,34.154526
0002-12-13 04:00:00,-1.1464397,34.154526
0002-12-13 05:00:00,-1.1450814,34.154526
0002-12-13 06:00:00,-1.1437014,34.154522
0002-12-13 07:00:00,-1.1423041,34.154522
0002-12-13 08:00:00,-1.1408918,34.154522
0002-12-13 09:00:00,-1.1394668,34.154522
0002-12-13 10:00:00,-1.1380285,34.15452
0002-12-13 11:00:00,-1.136634,34.15452
0002-12-13 12:00:00,-1.1352113,34.15452
0002-12-13 13:00:00,-1.1337314,34.15452
0002-12-13 14:00:00,-1.132168,34.154514
0002-12-13 15:00:00,-1.1305473,34.154514
0002-12-13 16:00:00,-1.1288649,34.154514
0002-12-13 17:00:00,-1.127124,34.15451
0002-12-13 18:00:00,-1.1253448,34.15451
0002-12-13 19:00:00,-1.1235313,34.15451
0002-12-13 20:00:00,-1.1216803,34.154507
0002-12-13 21:00:00,-1.1197871,34.154507
0002-12-13 22:00:00,-1.1178272,34.154507
0002-12-13 23:00:00,-1.1158326,34.154503
0002-12-14 00:00:00,-1.1137743,34.154503
0002-12-14 01:00:00,-1.1116663,34.154503
0002-12-14 02:00:00,-1.109466,34.1545
0002-12-14 03:00:00,-1.1071889,34.1545
0002-12-14 04:00:00,-1.1048552,34.154495
0002-12-14 05:00:00,-1.1024697,34.154495
0002-12-14 06:00:00,-1.1000675,34.15449
0002-12-14 07:00:00,-1.0975108,34.15449
0002-12-14 08:00:00,-1.0948855,34.154488
0002-12-14 09:00:00,-1.0921056,34.154488
0002-12-14 10:00:00,-1.089249,34.154484
0002-12-14 11:00:00,-1.0862509,34.154484
0002-12-14 12:00:00,-1.0830814,34.15448
0002-12-14 13:00:00,-1.0798517,34.15448
0002-12-14 14:00:00,-1.0765505,34.154476
0002-12-14 15:00:00,-1.073183,34.154472
0002-12-14 16:00:00,-1.0697029,34.154472
0002-12-14 17:00:00,-1.0660733,34.15447
0002-12-14 18:00:00,-1.0622509,34.154465
0002-12-14 19:00:00,-1.0584263,34.15446
0002-12-14 20:00:00,-1.0544014,34.15446
0002-12-14 21:00:00,-1.0502393,34.154457
0002-12-14 22:00:00,-1.0460736,34.154453
0002-12-14 23:00:00,-1.0416951,34.15445
0002-12-15 00:00:00,-1.0371194,34.154446
0002-12-15 01:00:00,-1.0322818,34.15444
0002-12-15 02:00:00,-1.0273223,34.154438
0002-12-15 03:00:00,-1.02219,34.154434
0002-12-15 04:00:00,-1.0169861,34.15443
0002-12-15 05:00:00,-1.0115803,34.154427
0002-12-15 06:00:00,-1.0060873,34.154423
0002-12-15 07:00:00,-1.0005624,34.15442
0002-12-15 08:00:00,-0.9947499,34.154415
0002-12-15 09:00:00,-0.9886078,34.15441
0002-12-15 10:00:00,-0.98197436,34.154408
0002-12-15 11:00:00,-0.9751834,34.1544
0002-12-15 12:00:00,-0.9684498,34.154396
0002-12-15 13:00:00,-0.9620784,34.154392
0002-12-15 14:00:00,-0.9562392,34.15439
0002-12-15 15:00:00,-0.950928,34.15439
0002-12-15 16:00:00,-0.9462979,34.15439
0002-12-15 17:00:00,-0.94228977,34.15439
0002-12-15 18:00:00,-0.9385004,34.154392
0002-12-15 19:00:00,-0.93460315,34.154392
0002-12-15 20:00:00,-0.9308974,34.154396
0002-12-15 21:00:00,-0.9274644,34.154396
0002-12-15 22:00:00,-0.9244392,34.1544
0002-12-15 23:00:00,-0.9218036,34.154404
0002-12-16 00:00:00,-0.9192024,34.154408
0002-12-16 01:00:00,-0.91675633,34.15441
0002-12-16 02:00:00,-0.91457707,34.15442
0002-12-16 03:00:00,-0.9126935,34.154423
0002-12-16 04:00:00,-0.9109369,34.154427
0002-12-16 05:00:00,-0.9090902,34.154434
0002-12-16 06:00:00,-0.90759146,34.154438
0002-12-16 07:00:00,-0.90611583,34.154446
0002-12-16 08:00:00,-0.90500706,34.15445
0002-12-16 09:00:00,-0.90427196,34.154457
0002-12-16 10:00:00,-0.9038184,34.154465
0002-12-16 11:00:00,-0.9036729,34.15447
0002-12-16 12:00:00,-0.9033421,34.154476
0002-12-16 13:00:00,-0.90265596,34.154484
0002-12-16 14:00:00,-0.9016535,34.15449
0002-12-16 15:00:00,-0.90043324,34.1545
0002-12-16 16:00:00,-0.8989744,34.154503
0002-12-16 17:00:00,-0.897231,34.15451
0002-12-16 18:00:00,-0.89527005,34.15452
0002-12-16 19:00:00,-0.8929941,34.154526
0002-12-16 20:00:00,-0.8904878,34.154533
0002-12-16 21:00:00,-0.88794804,34.154537
0002-12-16 22:00:00,-0.88530594,34.154545
0002-12-16 23:00:00,-0.8823968,34.154552
0002-12-17 00:00:00,-0.87933576,34.15456
0002-12-17 01:00:00,-0.8762296,34.154568
0002-12-17 02:00:00,-0.8731637,34.154575
0002-12-17 03:00:00,-0.8701913,34.154583
0002-12-17 04:00:00,-0.86732256,34.15459
0002-12-17 05:00:00,-0.86456925,34.1546
0002-12-17 06:00:00,-0.8619227,34.154606
0002-12-17 07:00:00,-0.8593512,34.154613
0002-12-17 08:00:00,-0.85685223,34.15462
0002-12-17 09:00:00,-0.8543895,34.15463
0002-12-17 10:00:00,-0.85197437,34.154636
0002-12-17 11:00:00,-0.8495822,34.154644
0002-12-17 12:00:00,-0.8472107,34.154655
0002-12-17 13:00:00,-0.8446844,34.15466
0002-12-17 14:00:00,-0.841871,34.154667
0002-12-17 15:00:00,-0.8388241,34.154675
0002-12-17 16:00:00,-0.83539855,34.15468
0002-12-17 17:00:00,-0.83179516,34.154686
0002-12-17 18:00:00,-0.82792705,34.15469
0002-12-17 19:00:00,-0.82389927,34.154694
0002-12-17 20:00:00,-0.8194677,34.154697
0002-12-17 21:00:00,-0.8150315,34.1547
0002-12-17 22:00:00,-0.81012017,34.1547
0002-12-17 23:00:00,-0.8048721,34.154705
0002-12-18 00:00:00,-0.79933816,34.154705
0002-12-18 01:00:00,-0.79291445,34.15471
0002-12-18 02:00:00,-0.7859434,34.15471
0002-12-18 03:00:00,-0.77839255,34.154705
0002-12-18 04:00:00,-0.76965076,34.154705
0002-12-18 05:00:00,-0.76037514,34.1547
0002-12-18 06:00:00,-0.75075674,34.154694
0002-12-18 07:00:00,-0.7413843,34.154686
0002-12-18 08:00:00,-0.73257697,34.15468
0002-12-18 09:00:00,-0.7244813,34.154667
0002-12-18 10:00:00,-0.7170476,34.154655
0002-12-18 11:00:00,-0.7105657,34.154644
0002-12-18 12:00:00,-0.7052421,34.154633
0002-12-18 13:00:00,-0.7017061,34.154625
0002-12-18 14:00:00,-0.69843286,34.154617
0002-12-18 15:00:00,-0.69687235,34.154613
0002-12-18 16:00:00,-0.6938368,34.15461
0002-12-18 17:00:00,-0.6897434,34.154606
0002-12-18 18:00:00,-0.6849359,34.154602
0002-12-18 19:00:00,-0.68068725,34.154602
0002-12-18 20:00:00,-0.67566997,34.1546
0002-12-18 21:00:00,-0.6704633,34.1546
0002-12-18 22:00:00,-0.6656838,34.1546
0002-12-18 23:00:00,-0.6612253,34.154602
0002-12-19 00:00:00,-0.65702903,34.154606
0002-12-19 01:00:00,-0.6529754,34.15461
0002-12-19 02:00:00,-0.6489961,34.154613
0002-12-19 03:00:00,-0.6449966,34.154617
0002-12-19 04:00:00,-0.640928,34.15462
0002-12-19 05:00:00,-0.6367756,34.15463
0002-12-19 06:00:00,-0.6326609,34.154636
0002-12-19 07:00:00,-0.628474,34.15464
0002-12-19 08:00:00,-0.6240295,34.154648
0002-12-19 09:00:00,-0.61943,34.15466
0002-12-19 10:00:00,-0.61482006,34.154667
0002-12-19 11:00:00,-0.6102439,34.15468
0002-12-19 12:00:00,-0.60571593,34.154686
0002-12-19 13:00:00,-0.6011655,34.154697
0002-12-19 14:00:00,-0.59654665,34.15471
0002-12-19 15:00:00,-0.59189063,34.15472
0002-12-19 16:00:00,-0.58720684,34.154728
0002-12-19 17:00:00,-0.5825044,34.15474
0002-12-19 18:00:00,-0.5777904,34.154747
0002-12-19 19:00:00,-0.5730735,34.15476
0002-12-19 20:00:00,-0.5683633,34.154766
0002-12-19 21:00:00,-0.5636689,34.154778
0002-12-19 22:00:00,-0.55899924,34.154785
0002-12-19 23:00:00,-0.55436313,34.154797
0002-12-20 00:00:00,-0.5497691,34.154804
0002-12-20 01:00:00,-0.54522544,34.154816
0002-12-20 02:00:00,-0.5407394,34.154823
0002-12-20 03:00:00,-0.53631914,34.154835
0002-12-20 04:00:00,-0.5319734,34.154842
0002-12-20 05:00:00,-0.5277098,34.15485
0002-12-20 06:00:00,-0.52353615,34.154858
0002-12-20 07:00:00,-0.51945996,34.15487
0002-12-20 08:00:00,-0.51548547,34.154877
0002-12-20 09:00:00,-0.51162267,34.154884
0002-12-20 10:00:00,-0.5078801,34.154892
0002-12-20 11:00:00,-0.5042661,34.1549
0002-12-20 12:00:00,-0.50078964,34.154907
0002-12-20 13:00:00,-0.49738094,34.154915
0002-12-20 14:00:00,-0.4939771,34.154922
0002-12-20 15:00:00,-0.4905916,34.15493
0002-12-20 16:00:00,-0.4872254,34.154938
0002-12-20 17:00:00,-0.4838808,34.15494
0002-12-20 18:00:00,-0.48056066,34.15495
0002-12-20 19:00:00,-0.47726822,34.154957
0002-12-20 20:00:00,-0.47400668,34.15496
0002-12-20 21:00:00,-0.470779,34.15497
0002-12-20 22:00:00,-0.46758792,34.154972
0002-12-20 23:00:00,-0.4644359,34.15498
0002-12-21 00:00:00,-0.46132523,34.154984
0002-12-21 01:00:00,-0.45825613,34.154987
0002-12-21 02:00:00,-0.45516473,34.154995
0002-12-21 03:00:00,-0.45214635,34.155
0002-12-21 04:00:00,-0.4501076,34.155003
0002-12-21 05:00:00,-0.4476674,34.155006
0002-12-21 06:00:00,-0.44507638,34.15501
0002-12-21 07:00:00,-0.4427754,34.15501
0002-12-21 08:00:00,-0.44065538,34.155014
0002-12-21 09:00:00,-0.4386365,34.155018
0002-12-21 10:00:00,-0.43664756,34.155018
0002-12-21 11:00:00,-0.4346618,34.15502
0002-12-21 12:00:00,-0.4326313,34.155025
0002-12-21 13:00:00,-0.43059096,34.155025
0002-12-21 14:00:00,-0.42807165,34.15503
0002-12-21 15:00:00,-0.42518693,34.155033
0002-12-21 16:00:00,-0.4220949,34.155037
0002-12-21 17:00:00,-0.4188718,34.15504
0002-12-21 18:00:00,-0.4155451,34.155045
0002-12-21 19:00:00,-0.41212565,34.15505
0002-12-21 20:00:00,-0.4086189,34.155056
0002-12-21 21:00:00,-0.40502685,34.15506
0002-12-21 22:00:00,-0.401355,34.155064
0002-12-21 23:00:00,-0.39760542,34.155067
0002-12-22 00:00:00,-0.39378074,34.155075
0002-12-22 01:00:00,-0.38988352,34.15508
0002-12-22 02:00:00,-0.38591626,34.155087
0002-12-22 03:00:00,-0.38188115,34.15509
0002-12-22 04:00:00,-0.37774488,34.155094
0002-12-22 05:00:00,-0.37346724,34.1551
0002-12-22 06:00:00,-0.36902818,34.15511
0002-12-22 07:00:00,-0.36442724,34.155113
0002-12-22 08:00:00,-0.35985452,34.15512
0002-12-22 09:00:00,-0.35505456,34.15513
0002-12-22 10:00:00,-0.35042745,34.155132
0002-12-22 11:00:00,-0.34580308,34.15514
0002-12-22 12:00:00,-0.34116474,34.155148
0002-12-22 13:00:00,-0.3365048,34.155155
0002-12-22 14:00:00,-0.33181906,34.15516
0002-12-22 15:00:00,-0.3270943,34.155163
0002-12-22 16:00:00,-0.3223077,34.155167
0002-12-22 17:00:00,-0.31747225,34.15517
0002-12-22 18:00:00,-0.31259075,34.155174
0002-12-22 19:00:00,-0.30765268,34.155178
0002-12-22 20:00:00,-0.30266297,34.155178
0002-12-22 21:00:00,-0.29760942,34.15518
0002-12-22 22:00:00,-0.29249927,34.15518
0002-12-22 23:00:00,-0.28731897,34.155186
0002-12-23 00:00:00,-0.2820558,34.155186
0002-12-23 01:00:00,-0.2766808,34.155186
0002-12-23 02:00:00,-0.27115428,34.155186
0002-12-23 03:00:00,-0.26620734,34.155186
0002-12-23 04:00:00,-0.26062694,34.155186
0002-12-23 05:00:00,-0.25493464,34.15518
0002-12-23 06:00:00,-0.24906792,34.15518
0002-12-23 07:00:00,-0.24315548,34.155178
0002-12-23 08:00:00,-0.23723005,34.155178
0002-12-23 09:00:00,-0.23130275,34.155174
0002-12-23 10:00:00,-0.22537844,34.15517
0002-12-23 11:00:00,-0.21946245,34.155167
0002-12-23 12:00:00,-0.21355511,34.155163
0002-12-23 13:00:00,-0.20773041,34.155155
0002-12-23 14:00:00,-0.20203975,34.15515
0002-12-23 15:00:00,-0.19645643,34.155144
0002-12-23 16:00:00,-0.19098091,34.155136
0002-12-23 17:00:00,-0.18561034,34.15513
0002-12-23 18:00:00,-0.18034473,34.15512
0002-12-23 19:00:00,-0.17518441,34.155113
0002-12-23 20:00:00,-0.1701297,34.1551
0002-12-23 21:00:00,-0.16518101,34.155094
0002-12-23 22:00:00,-0.16033885,34.155083
0002-12-23 23:00:00,-0.15560135,34.15507
0002-12-24 00:00:00,-0.15097107,34.15506
0002-12-24 01:00:00,-0.14644894,34.15505
0002-12-24 02:00:00,-0.1420358,34.155037
0002-12-24 03:00:00,-0.1377324,34.15502
0002-12-24 04:00:00,-0.13353959,34.15501
0002-12-24 05:00:00,-0.12945819,34.154995
0002-12-24 06:00:00,-0.12548915,34.15498
0002-12-24 07:00:00,-0.12163348,34.154964
0002-12-24 08:00:00,-0.11789019,34.15495
0002-12-24 09:00:00,-0.11417241,34.154934
0002-12-24 10:00:00,-0.11135022,34.154915
0002-12-24 11:00:00,-0.10826624,34.1549
0002-12-24 12:00:00,-0.10541465,34.154884
0002-12-24 13:00:00,-0.102742516,34.15487
0002-12-24 14:00:00,-0.10004586,34.154854
0002-12-24 15:00:00,-0.09733305,34.154846
0002-12-24 16:00:00,-0.094466455,34.154835
0002-12-24 17:00:00,-0.091419265,34.154827
0002-12-24 18:00:00,-0.08827519,34.154823
0002-12-24 19:00:00,-0.08492555,34.15482
0002-12-24 20:00:00,-0.0814081,34.154816
0002-12-24 21:00:00,-0.0777374,34.15481
0002-12-24 22:00:00,-0.073920906,34.15481
0002-12-24 23:00:00,-0.06998739,34.15481
0002-12-25 00:00:00,-0.065943025,34.154816
0002-12-25 01:00:00,-0.061803512,34.154816
0002-12-25 02:00:00,-0.0575742,34.154823
0002-12-25 03:00:00,-0.053266708,34.154827
0002-12-25 04:00:00,-0.048891027,34.154835
0002-12-25 05:00:00,-0.04442692,34.154842
0002-12-25 06:00:00,-0.039886873,34.154854
0002-12-25 07:00:00,-0.035256878,34.154865
0002-12-25 08:00:00,-0.030549899,34.154877
0002-12-25 09:00:00,-0.025748756,34.154892
0002-12-25 10:00:00,-0.020844426,34.154907
0002-12-25 11:00:00,-0.01581628,34.154926
0002-12-25 12:00:00,-0.010649865,34.154945
0002-12-25 13:00:00,-0.0053285793,34.154964
0002-12-25 14:00:00,0.00019517873,34.15498
0002-12-25 15:00:00,0.0060121026,34.155
0002-12-25 16:00:00,0.011845235,34.155014
0002-12-25 17:00:00,0.01784456,34.15503
0002-12-25 18:00:00,0.02388684,34.155045
0002-12-25 19:00:00,0.029961215,34.155064
0002-12-25 20:00:00,0.036064643,34.15508
0002-12-25 21:00:00,0.042193253,34.155094
0002-12-25 22:00:00,0.048352372,34.15511
0002-12-25 23:00:00,0.054527637,34.155125
0002-12-26 00:00:00,0.060724188,34.155136
0002-12-26 01:00:00,0.06694206,34.15515
0002-12-26 02:00:00,0.07318594,34.155167
0002-12-26 03:00:00,0.079451196,34.155178
0002-12-26 04:00:00,0.085738845,34.155193
0002-12-26 05:00:00,0.092049055,34.155205
0002-12-26 06:00:00,0.09838188,34.15522
0002-12-26 07:00:00,0.10473736,34.15523
0002-12-26 08:00:00,0.11111548,34.155243
0002-12-26 09:00:00,0.11751623,34.15526
0002-12-26 10:00:00,0.1239395,34.15527
0002-12-26 11:00:00,0.13039713,34.15528
0002-12-26 12:00:00,0.13692021,34.155293
0002-12-26 13:00:00,0.14362556,34.155304
0002-12-26 14:00:00,0.15061373,34.155315
0002-12-26 15:00:00,0.1578712,34.15533
0002-12-26 16:00:00,0.16536337,34.155346
0002-12-26 17:00:00,0.17255767,34.155357
0002-12-26 18:00:00,0.17973468,34.155373
0002-12-26 19:00:00,0.1869624,34.155388
0002-12-26 20:00:00,0.19428463,34.155403
0002-12-26 21:00:00,0.20176497,34.15542
0002-12-26 22:00:00,0.20942104,34.155434
0002-12-26 23:00:00,0.21734315,34.155453
0002-12-27 00:00:00,0.22561502,34.155468
0002-12-27 01:00:00,0.23436998,34.155487
0002-12-27 02:00:00,0.24329667,34.155506
0002-12-27 03:00:00,0.25273067,34.15553
0002-12-27 04:00:00,0.26235318,34.15555
0002-12-27 05:00:00,0.27199185,34.15557
0002-12-27 06:00:00,0.28179988,34.155594
0002-12-27 07:00:00,0.2914448,34.155617
0002-12-27 08:00:00,0.30114067,34.15564
0002-12-27 09:00:00,0.3109242,34.155663
0002-12-27 10:00:00,0.32084426,34.155685
0002-12-27 11:00:00,0.33095214,34.15571
0002-12-27 12:00:00,0.3412662,34.155735
0002-12-27 13:00:00,0.35177344,34.15576
0002-12-27 14:00:00,0.36244193,34.155785
0002-12-27 15:00:00,0.37310866,34.155807
0002-12-27 16:00:00,0.38370562,34.155834
0002-12-27 17:00:00,0.39418876,34.155857
0002-12-27 18:00:00,0.40454587,34.15588
0002-12-27 19:00:00,0.4147729,34.1559
0002-12-27 20:00:00,0.42486927,34.155922
0002-12-27 21:00:00,0.43483552,34.15594
0002-12-27 22:00:00,0.4446722,34.15596
0002-12-27 23:00:00,0.45437986,34.15598
0002-12-28 00:00:00,0.46395874,34.155994
0002-12-28 01:00:00,0.47340894,34.156013
0002-12-28 02:00:00,0.48272622,34.15603
0002-12-28 03:00:00,0.49191892,34.156044
0002-12-28 04:00:00,0.5009822,34.15606
0002-12-28 05:00:00,0.5099163,34.156075
0002-12-28 06:00:00,0.5187209,34.156086
0002-12-28 07:00:00,0.5273958,34.1561
0002-12-28 08:00:00,0.5359406,34.156113
0002-12-28 09:00:00,0.5443552,34.156124
0002-12-28 10:00:00,0.5526394,34.156136
0002-12-28 11:00:00,0.5607933,34.156143
0002-12-28 12:00:00,0.5688166,34.156155
0002-12-28 13:00:00,0.576785,34.156162
0002-12-28 14:00:00,0.5847513,34.15617
0002-12-28 15:00:00,0.5926903,34.156178
0002-12-28 16:00:00,0.60059464,34.156185
0002-12-28 17:00:00,0.60845697,34.15619
0002-12-28 18:00:00,0.61627007,34.156197
0002-12-28 19:00:00,0.62402713,34.1562
0002-12-28 20:00:00,0.63172174,34.156204
0002-12-28 21:00:00,0.63934773,34.156208
0002-12-28 22:00:00,0.64689916,34.15621
0002-12-28 23:00:00,0.65437007,34.15621
0002-12-29 00:00:00,0.6617546,34.156216
0002-12-29 01:00:00,0.6690469,34.156216
0002-12-29 02:00:00,0.67624116,34.156216
0002-12-29 03:00:00,0.6833317,34.156216
0002-12-29 04:00:00,0.6903132,34.15621
0002-12-29 05:00:00,0.69718033,34.156208
0002-12-29 06:00:00,0.703928,34.156208
0002-12-29 07:00:00,0.7105514,34.156204
0002-12-29 08:00:00,0.71704555,34.1562
0002-12-29 09:00:00,0.72340566,34.156193
0002-12-29 10:00:00,0.729627,34.15619
0002-12-29 11:00:00,0.7357046,34.15618
0002-12-29 12:00:00,0.74163365,34.156174
0002-12-29 13:00:00,0.7475188,34.156166
0002-12-29 14:00:00,0.75345725,34.156162
0002-12-29 15:00:00,0.7594382,34.156155
0002-12-29 16:00:00,0.76546067,34.15615
0002-12-29 17:00:00,0.7715219,34.15615
0002-12-29 18:00:00,0.77761894,34.156147
0002-12-29 19:00:00,0.7837487,34.156143
0002-12-29 20:00:00,0.7899083,34.156143
0002-12-29 21:00:00,0.796095,34.156143
0002-12-29 22:00:00,0.8023063,34.156143
0002-12-29 23:00:00,0.80853975,34.156147
0002-12-30 00:00:00,0.81479305,34.156147
0002-12-30 01:00:00,0.8210641,34.15615
0002-12-30 02:00:00,0.82735074,34.156155
0002-12-30 03:00:00,0.83365095,34.15616
0002-12-30 04:00:00,0.83996266,34.156162
0002-12-30 05:00:00,0.8462839,34.15617
0002-12-30 06:00:00,0.85261273,34.156178
0002-12-30 07:00:00,0.8589471,34.15618
0002-12-30 08:00:00,0.8652851,34.15619
0002-12-30 09:00:00,0.87162495,34.156197
0002-12-30 10:00:00,0.87796485,34.156208
0002-12-30 11:00:00,0.88430315,34.156216
0002-12-30 12:00:00,0.89063823,34.156227
0002-12-30 13:00:00,0.8969721,34.156235
0002-12-30 14:00:00,0.9033068,34.156242
0002-12-30 15:00:00,0.90963876,34.156246
0002-12-30 16:00:00,0.91596544,34.15625
0002-12-30 17:00:00,0.92228633,34.15625
0002-12-30 18:00:00,0.92860466,34.15625
0002-12-30 19:00:00,0.9349132,34.156246
0002-12-30 20:00:00,0.94121563,34.156242
0002-12-30 21:00:00,0.9475111,34.156235
0002-12-30 22:00:00,0.95379883,34.156227
0002-12-30 23:00:00,0.9600774,34.156216
0002-12-31 00:00:00,0.9663453,34.156204
0002-12-31 01:00:00,0.9725992,34.156193
0002-12-31 02:00:00,0.9788429,34.156178
0002-12-31 03:00:00,0.9850766,34.15616
0002-12-31 04:00:00,0.9913001,34.15614
0002-12-31 05:00:00,0.99751306,34.15612
0002-12-31 06:00:00,1.0037235,34.156097
0002-12-31 07:00:00,1.0099206,34.156075
0002-12-31 08:00:00,1.0161066,34.156048
0002-12-31 09:00:00,1.0222813,34.15602
0002-12-31 10:00:00,1.0284446,34.155994
0002-12-31 11:00:00,1.0345962,34.155964
0002-12-31 12:00:00,1.0407358,34.155933
0002-12-31 13:00:00,1.0467987,34.1559
0002-12-31 14:00:00,1.0527397,34.155872
0002-12-31 15:00:00,1.0585785,34.155846
0002-12-31 16:00:00,1.0643221,34.15582
0002-12-31 17:00:00,1.0699693,34.155796
0002-12-31 18:00:00,1.0755233,34.155773
0002-12-31 19:00:00,1.080979,34.15575
0002-12-31 20:00:00,1.08633,34.15573
0002-12-31 21:00:00,1.0915623,34.155712
0002-12-31 22:00:00,1.0966747,34.155693
0002-12-31 23:00:00,1.101674,34.155678
0003-01-01 00:00:00,1.1065544,34.155663
